nom,date,cumulative_confirmed_cases,nom_clean,new_cases,rt_proxy,cumulative_confirmed_deaths,day_idx,rolling_3d_new_cases,anomaly_score
Aru,2026-05-22,1.0,Aru,0.0,,,0,0.0,0.0003885944084025539
Aru,2026-05-23,1.0,Aru,0.0,,,1,0.0,0.0003885944084025539
Aru,2026-05-24,1.0,Aru,0.0,,,2,0.0,0.0003885944084025539
Aru,2026-05-25,1.0,Aru,0.0,,,3,0.0,0.0003885944084025539
Aru,2026-05-26,1.0,Aru,0.0,,,4,0.0,0.0003885944084025539
Aru,2026-05-27,1.0,Aru,0.0,,,5,0.0,0.0003885944084025539
Aru,2026-05-28,2.0,Aru,1.0,,1.0,6,0.3333333333333333,-1.4251931756567302
Aru,2026-05-29,2.0,Aru,0.0,,1.0,7,0.3333333333333333,-0.8730765821747752
Aru,2026-05-30,2.0,Aru,0.0,,1.0,8,0.3333333333333333,-0.8730765821747752
Aru,2026-06-01,2.0,Aru,0.0,,1.0,9,0.0,0.0003885944084025539
Aru,2026-06-02,2.0,Aru,0.0,,1.0,10,0.0,0.0003885944084025539
Aru,2026-06-03,2.0,Aru,0.0,,1.0,11,0.0,0.0003885944084025539
Aru,2026-06-04,3.0,Aru,1.0,,1.0,12,0.3333333333333333,-1.4251931756567302
Aru,2026-06-05,3.0,Aru,0.0,1.0,1.0,13,0.3333333333333333,-0.8730765821747752
Aru,2026-06-06,3.0,Aru,0.0,1.0,1.0,14,0.3333333333333333,-0.8730765821747752
Aru,2026-06-07,3.0,Aru,0.0,1.0,1.0,15,0.0,0.0003885944084025539
Aru,2026-06-08,3.0,Aru,0.0,1.0,1.0,16,0.0,0.0003885944084025539
Aru,2026-06-09,3.0,Aru,0.0,1.0,1.0,17,0.0,0.0003885944084025539
Aru,2026-06-10,3.0,Aru,0.0,1.0,1.0,18,0.0,0.0003885944084025539
Aru,2026-06-11,3.0,Aru,0.0,0.0,1.0,19,0.0,0.0003885944084025539
Aru,2026-06-13,3.0,Aru,0.0,0.0,1.0,20,0.0,0.0003885944084025539
Aru,2026-06-14,3.0,Aru,0.0,0.0,1.0,21,0.0,0.0003885944084025539
Aru,2026-06-15,3.0,Aru,0.0,0.0,1.0,22,0.0,0.0003885944084025539
Aru,2026-06-16,3.0,Aru,0.0,0.0,,23,0.0,0.0003885944084025539
Aru,2026-06-17,3.0,Aru,0.0,0.0,1.0,24,0.0,0.0003885944084025539
Aru,2026-06-18,3.0,Aru,0.0,0.0,1.0,25,0.0,0.0003885944084025539
Aru,2026-06-19,3.0,Aru,0.0,,1.0,26,0.0,0.0003885944084025539
Aru,2026-06-20,3.0,Aru,0.0,,1.0,27,0.0,0.0003885944084025539
Aru,2026-06-21,3.0,Aru,0.0,,1.0,28,0.0,0.0003885944084025539
Aru,2026-06-22,3.0,Aru,0.0,,1.0,29,0.0,0.0003885944084025539
Aru,2026-06-23,3.0,Aru,0.0,,1.0,30,0.0,0.0003885944084025539
Aru,2026-06-24,3.0,Aru,0.0,,1.0,31,0.0,0.0003885944084025539
Aru,2026-06-25,3.0,Aru,0.0,,1.0,32,0.0,0.0003885944084025539
Aru,2026-06-29,3.0,Aru,0.0,,1.0,33,0.0,0.0003885944084025539
Aru,2026-06-30,3.0,Aru,0.0,,1.0,34,0.0,0.0003885944084025539
Aru,2026-07-01,3.0,Aru,0.0,,1.0,35,0.0,0.0003885944084025539
Aru,2026-07-02,3.0,Aru,0.0,,1.0,36,0.0,0.0003885944084025539
Aru,2026-07-03,3.0,Aru,0.0,,1.0,37,0.0,0.0003885944084025539
Aru,2026-07-04,3.0,Aru,0.0,,1.0,38,0.0,0.0003885944084025539
Aru,2026-07-05,3.0,Aru,0.0,,1.0,39,0.0,0.0003885944084025539
Aru,2026-07-06,3.0,Aru,0.0,,1.0,40,0.0,0.0003885944084025539
Aru,2026-07-07,3.0,Aru,0.0,,1.0,41,0.0,0.0003885944084025539
Aru,2026-07-08,3.0,Aru,0.0,,1.0,42,0.0,0.0003885944084025539
Aru,2026-07-09,3.0,Aru,0.0,,1.0,43,0.0,0.0003885944084025539
Aru,2026-07-10,3.0,Aru,0.0,,1.0,44,0.0,0.0003885944084025539
Aru,2026-07-11,3.0,Aru,0.0,,1.0,45,0.0,0.0003885944084025539
Aru,2026-07-13,3.0,Aru,0.0,,1.0,46,0.0,0.0003885944084025539
Aru,2026-07-15,3.0,Aru,0.0,,1.0,47,0.0,0.0003885944084025539
Aru,2026-07-17,4.0,Aru,1.0,,1.0,48,0.3333333333333333,-1.4251931756567302
Aru,2026-07-18,4.0,Aru,0.0,,1.0,49,0.3333333333333333,-0.8730765821747752
Aru,2026-07-19,4.0,Aru,0.0,,1.0,50,0.3333333333333333,-0.8730765821747752
Aru,2026-07-20,4.0,Aru,0.0,,2.0,51,0.0,0.0003885944084025539
Aru,2026-07-22,5.0,Aru,1.0,,1.0,52,0.3333333333333333,-1.4251931756567302
Aru,2026-07-23,5.0,Aru,0.0,,1.0,53,0.3333333333333333,-0.8730765821747752
Aru,2026-07-25,5.0,Aru,0.0,,4.0,54,0.3333333333333333,-0.8730765821747752
Aru,2026-07-26,5.0,Aru,0.0,1.0,5.0,55,0.0,0.0003885944084025539
Aru,2026-07-27,5.0,Aru,0.0,1.0,5.0,56,0.0,0.0003885944084025539
Aru,2026-07-30,5.0,Aru,0.0,1.0,5.0,57,0.0,0.0003885944084025539
Aru,2026-07-31,5.0,Aru,0.0,1.0,5.0,58,0.0,0.0003885944084025539
Aru,2026-08-01,5.0,Aru,0.0,0.0,5.0,59,0.0,0.0003885944084025539
Aru,2026-08-02,5.0,Aru,0.0,0.0,5.0,60,0.0,0.0003885944084025539
Aru,2026-08-03,5.0,Aru,0.0,0.0,5.0,61,0.0,0.0003885944084025539
Aru,2026-08-04,5.0,Aru,0.0,0.0,5.0,62,0.0,0.0003885944084025539
Aungba,2026-05-28,1.0,Aungba,0.0,,0.0,0,0.0,0.0003885944084025539
Aungba,2026-05-29,1.0,Aungba,0.0,,0.0,1,0.0,0.0003885944084025539
Aungba,2026-05-30,1.0,Aungba,0.0,,0.0,2,0.0,0.0003885944084025539
Aungba,2026-06-01,1.0,Aungba,0.0,,0.0,3,0.0,0.0003885944084025539
Aungba,2026-06-02,1.0,Aungba,0.0,,0.0,4,0.0,0.0003885944084025539
Aungba,2026-06-03,1.0,Aungba,0.0,,0.0,5,0.0,0.0003885944084025539
Aungba,2026-06-04,1.0,Aungba,0.0,,0.0,6,0.0,0.0003885944084025539
Aungba,2026-06-05,1.0,Aungba,0.0,,0.0,7,0.0,0.0003885944084025539
Aungba,2026-06-06,1.0,Aungba,0.0,,0.0,8,0.0,0.0003885944084025539
Aungba,2026-06-07,1.0,Aungba,0.0,,0.0,9,0.0,0.0003885944084025539
Aungba,2026-06-08,2.0,Aungba,1.0,,1.0,10,0.3333333333333333,-1.4251931756567302
Aungba,2026-06-09,2.0,Aungba,0.0,,1.0,11,0.3333333333333333,-0.8730765821747752
Aungba,2026-06-10,2.0,Aungba,0.0,,1.0,12,0.3333333333333333,-0.8730765821747752
Aungba,2026-06-11,2.0,Aungba,0.0,,1.0,13,0.0,0.0003885944084025539
Aungba,2026-06-13,2.0,Aungba,0.0,,1.0,14,0.0,0.0003885944084025539
Aungba,2026-06-14,2.0,Aungba,0.0,,1.0,15,0.0,0.0003885944084025539
Aungba,2026-06-15,2.0,Aungba,0.0,,1.0,16,0.0,0.0003885944084025539
Aungba,2026-06-16,2.0,Aungba,0.0,0.0,,17,0.0,0.0003885944084025539
Aungba,2026-06-17,4.0,Aungba,2.0,2.0,1.0,18,0.6666666666666666,-1.2757418637367692
Aungba,2026-06-18,6.0,Aungba,2.0,4.0,2.0,19,1.3333333333333333,-1.980445902168082
Aungba,2026-06-19,6.0,Aungba,0.0,4.0,2.0,20,1.3333333333333333,-1.4297595964480365
Aungba,2026-06-20,6.0,Aungba,0.0,4.0,2.0,21,0.6666666666666666,-1.3769433595928646
Aungba,2026-06-21,6.0,Aungba,0.0,4.0,2.0,22,0.0,0.0003885944084025539
Aungba,2026-06-22,6.0,Aungba,0.0,4.0,2.0,23,0.0,0.0003885944084025539
Aungba,2026-06-23,6.0,Aungba,0.0,,2.0,24,0.0,0.0003885944084025539
Aungba,2026-06-24,6.0,Aungba,0.0,1.0,2.0,25,0.0,0.0003885944084025539
Aungba,2026-06-25,6.0,Aungba,0.0,0.0,2.0,26,0.0,0.0003885944084025539
Aungba,2026-06-29,6.0,Aungba,0.0,0.0,2.0,27,0.0,0.0003885944084025539
Aungba,2026-06-30,6.0,Aungba,0.0,0.0,2.0,28,0.0,0.0003885944084025539
Aungba,2026-07-01,6.0,Aungba,0.0,0.0,2.0,29,0.0,0.0003885944084025539
Aungba,2026-07-02,6.0,Aungba,0.0,0.0,2.0,30,0.0,0.0003885944084025539
Aungba,2026-07-03,6.0,Aungba,0.0,0.0,2.0,31,0.0,0.0003885944084025539
Aungba,2026-07-04,6.0,Aungba,0.0,0.0,2.0,32,0.0,0.0003885944084025539
Aungba,2026-07-05,6.0,Aungba,0.0,,2.0,33,0.0,0.0003885944084025539
Aungba,2026-07-06,6.0,Aungba,0.0,,2.0,34,0.0,0.0003885944084025539
Aungba,2026-07-07,6.0,Aungba,0.0,,2.0,35,0.0,0.0003885944084025539
Aungba,2026-07-08,6.0,Aungba,0.0,,2.0,36,0.0,0.0003885944084025539
Aungba,2026-07-09,6.0,Aungba,0.0,,2.0,37,0.0,0.0003885944084025539
Aungba,2026-07-10,6.0,Aungba,0.0,,2.0,38,0.0,0.0003885944084025539
Aungba,2026-07-11,6.0,Aungba,0.0,,2.0,39,0.0,0.0003885944084025539
Aungba,2026-07-13,6.0,Aungba,0.0,,2.0,40,0.0,0.0003885944084025539
Aungba,2026-07-15,6.0,Aungba,0.0,,2.0,41,0.0,0.0003885944084025539
Aungba,2026-07-17,6.0,Aungba,0.0,,2.0,42,0.0,0.0003885944084025539
Aungba,2026-07-18,6.0,Aungba,0.0,,2.0,43,0.0,0.0003885944084025539
Aungba,2026-07-19,6.0,Aungba,0.0,,2.0,44,0.0,0.0003885944084025539
Aungba,2026-07-20,6.0,Aungba,0.0,,2.0,45,0.0,0.0003885944084025539
Aungba,2026-07-22,4.0,Aungba,0.0,,4.0,46,0.0,0.0003885944084025539
Aungba,2026-07-23,4.0,Aungba,0.0,,4.0,47,0.0,0.0003885944084025539
Aungba,2026-07-25,4.0,Aungba,0.0,,4.0,48,0.0,0.0003885944084025539
Aungba,2026-07-26,5.0,Aungba,1.0,,4.0,49,0.3333333333333333,-1.4251931756567302
Aungba,2026-07-27,5.0,Aungba,0.0,,4.0,50,0.3333333333333333,-0.8730765821747752
Aungba,2026-07-30,9.0,Aungba,4.0,,5.0,51,1.6666666666666667,1.417288206080162
Aungba,2026-07-31,9.0,Aungba,0.0,,5.0,52,1.3333333333333333,-1.4297595964480365
Aungba,2026-08-01,9.0,Aungba,0.0,,5.0,53,1.3333333333333333,-1.4297595964480365
Aungba,2026-08-02,10.0,Aungba,1.0,,5.0,54,0.3333333333333333,-1.4251931756567302
Aungba,2026-08-03,10.0,Aungba,0.0,,5.0,55,0.3333333333333333,-0.8730765821747752
Aungba,2026-08-04,10.0,Aungba,0.0,5.0,5.0,56,0.3333333333333333,-0.8730765821747752
Bambu,2026-05-20,1.0,Bambu,0.0,,,0,0.0,0.0003885944084025539
Bambu,2026-05-21,1.0,Bambu,0.0,,0.0,1,0.0,0.0003885944084025539
Bambu,2026-05-22,1.0,Bambu,0.0,,0.0,2,0.0,0.0003885944084025539
Bambu,2026-05-23,0.0,Bambu,0.0,,0.0,3,0.0,0.0003885944084025539
Bambu,2026-05-24,2.0,Bambu,2.0,,0.0,4,0.6666666666666666,-1.2757418637367692
Bambu,2026-05-25,0.0,Bambu,0.0,,,5,0.6666666666666666,-1.3769433595928646
Bambu,2026-05-26,0.0,Bambu,0.0,,0.0,6,0.6666666666666666,-1.3769433595928646
Bambu,2026-05-27,0.0,Bambu,0.0,,0.0,7,0.0,0.0003885944084025539
Bambu,2026-05-28,2.0,Bambu,2.0,,2.0,8,0.6666666666666666,-1.2757418637367692
Bambu,2026-05-29,2.0,Bambu,0.0,,2.0,9,0.6666666666666666,-1.3769433595928646
Bambu,2026-05-30,2.0,Bambu,0.0,,2.0,10,0.6666666666666666,-1.3769433595928646
Bambu,2026-06-01,2.0,Bambu,0.0,1.0,2.0,11,0.0,0.0003885944084025539
Bambu,2026-06-02,2.0,Bambu,0.0,1.0,2.0,12,0.0,0.0003885944084025539
Bambu,2026-06-03,2.0,Bambu,0.0,1.0,2.0,13,0.0,0.0003885944084025539
Bambu,2026-06-04,5.0,Bambu,3.0,2.5,2.0,14,1.0,-0.00012951072800149177
Bambu,2026-06-05,5.0,Bambu,0.0,0.75,2.0,15,1.0,-1.5436957073615716
Bambu,2026-06-06,5.0,Bambu,0.0,0.75,2.0,16,1.0,-1.5436957073615716
Bambu,2026-06-07,5.0,Bambu,0.0,0.75,2.0,17,0.0,0.0003885944084025539
Bambu,2026-06-08,5.0,Bambu,0.0,1.5,2.0,18,0.0,0.0003885944084025539
Bambu,2026-06-09,5.0,Bambu,0.0,1.5,2.0,19,0.0,0.0003885944084025539
Bambu,2026-06-10,7.0,Bambu,2.0,2.5,2.0,20,0.6666666666666666,-1.2757418637367692
Bambu,2026-06-11,7.0,Bambu,0.0,0.4,2.0,21,0.6666666666666666,-1.3769433595928646
Bambu,2026-06-13,7.0,Bambu,0.0,0.6666666666666666,2.0,22,0.6666666666666666,-1.3769433595928646
Bambu,2026-06-14,7.0,Bambu,0.0,0.6666666666666666,2.0,23,0.0,0.0003885944084025539
Bambu,2026-06-15,7.0,Bambu,0.0,0.6666666666666666,2.0,24,0.0,0.0003885944084025539
Bambu,2026-06-16,7.0,Bambu,0.0,0.6666666666666666,,25,0.0,0.0003885944084025539
Bambu,2026-06-17,9.0,Bambu,2.0,1.3333333333333333,2.0,26,0.6666666666666666,-1.2757418637367692
Bambu,2026-06-18,9.0,Bambu,0.0,0.4,2.0,27,0.6666666666666666,-1.3769433595928646
Bambu,2026-06-19,9.0,Bambu,0.0,1.0,2.0,28,0.6666666666666666,-1.3769433595928646
Bambu,2026-06-20,14.0,Bambu,5.0,3.5,2.0,29,1.6666666666666667,3.686769681237701
Bambu,2026-06-21,14.0,Bambu,0.0,3.5,2.0,30,1.6666666666666667,-1.0995592185456076
Bambu,2026-06-22,14.0,Bambu,0.0,3.5,2.0,31,1.6666666666666667,-1.0995592185456076
Bambu,2026-06-23,14.0,Bambu,0.0,3.5,2.0,32,0.0,0.0003885944084025539
Bambu,2026-06-24,14.0,Bambu,0.0,1.25,2.0,33,0.0,0.0003885944084025539
Bambu,2026-06-25,14.0,Bambu,0.0,2.5,3.0,34,0.0,0.0003885944084025539
Bambu,2026-06-29,16.0,Bambu,2.0,3.5,4.0,35,0.6666666666666666,-1.2757418637367692
Bambu,2026-06-30,16.0,Bambu,0.0,0.2857142857142857,5.0,36,0.6666666666666666,-1.3769433595928646
Bambu,2026-07-01,16.0,Bambu,0.0,0.2857142857142857,5.0,37,0.6666666666666666,-1.3769433595928646
Bambu,2026-07-02,18.0,Bambu,2.0,0.5714285714285714,5.0,38,0.6666666666666666,-1.2757418637367692
Bambu,2026-07-03,18.0,Bambu,0.0,0.5714285714285714,5.0,39,0.6666666666666666,-1.3769433595928646
Bambu,2026-07-04,18.0,Bambu,0.0,0.8,5.0,40,0.6666666666666666,-1.3769433595928646
Bambu,2026-07-05,25.0,Bambu,7.0,2.2,6.0,41,2.3333333333333335,7.06250356623868
Bambu,2026-07-06,28.0,Bambu,3.0,1.7142857142857142,9.0,42,3.3333333333333335,2.0519713725393576
Bambu,2026-07-07,28.0,Bambu,0.0,6.0,9.0,43,3.3333333333333335,2.4737885849719383
Bambu,2026-07-08,29.0,Bambu,1.0,6.5,10.0,44,1.3333333333333333,-2.4283795635449046
Bambu,2026-07-09,29.0,Bambu,0.0,2.75,10.0,45,0.3333333333333333,-0.8730765821747752
Bambu,2026-07-10,31.0,Bambu,2.0,3.25,10.0,46,1.0,-1.780933853258734
Bambu,2026-07-11,31.0,Bambu,0.0,3.25,10.0,47,0.6666666666666666,-1.3769433595928646
Bambu,2026-07-13,31.0,Bambu,0.0,0.5454545454545454,10.0,48,0.6666666666666666,-1.3769433595928646
Bambu,2026-07-15,31.0,Bambu,0.0,0.25,11.0,49,0.0,0.0003885944084025539
Bambu,2026-07-17,36.0,Bambu,5.0,0.6666666666666666,12.0,50,1.6666666666666667,3.686769681237701
Bambu,2026-07-18,36.0,Bambu,0.0,0.5384615384615384,12.0,51,1.6666666666666667,-1.0995592185456076
Bambu,2026-07-19,40.0,Bambu,4.0,1.0,14.0,52,3.0,2.274102231014151
Bambu,2026-07-20,40.0,Bambu,0.0,0.6923076923076923,14.0,53,1.3333333333333333,-1.4297595964480365
Bambu,2026-07-22,51.0,Bambu,11.0,1.5384615384615383,9.0,54,5.0,13.474337340997526
Bambu,2026-07-23,51.0,Bambu,0.0,3.333333333333333,10.0,55,3.6666666666666665,3.5441747552959892
Bambu,2026-07-25,54.0,Bambu,3.0,7.666666666666667,11.0,56,4.666666666666667,7.279484277309509
Bambu,2026-07-26,57.0,Bambu,3.0,2.625,11.0,57,2.0,-0.47169610694086117
Bambu,2026-07-27,57.0,Bambu,0.0,3.0,12.0,58,2.0,-0.6101078696110918
Bambu,2026-07-30,60.0,Bambu,3.0,1.818181818181818,12.0,59,2.0,-0.47169610694086117
Bambu,2026-07-31,60.0,Bambu,0.0,2.2222222222222223,12.0,60,1.0,-1.5436957073615716
Bambu,2026-08-01,60.0,Bambu,0.0,0.45,13.0,61,1.0,-1.5436957073615716
Bambu,2026-08-02,64.0,Bambu,4.0,0.65,15.0,62,1.3333333333333333,1.8035082870597936
Bambu,2026-08-03,69.0,Bambu,5.0,0.6521739130434783,15.0,63,3.0,3.6215717484982033
Bambu,2026-08-04,69.0,Bambu,0.0,0.5714285714285714,17.0,64,3.0,1.5342897320051847
Beni,2026-05-28,2.0,Beni,0.0,,0.0,0,0.0,0.0003885944084025539
Beni,2026-05-29,2.0,Beni,0.0,,0.0,1,0.0,0.0003885944084025539
Beni,2026-05-30,2.0,Beni,0.0,,0.0,2,0.0,0.0003885944084025539
Beni,2026-06-01,5.0,Beni,3.0,,3.0,3,1.0,-0.00012951072800149177
Beni,2026-06-02,5.0,Beni,0.0,,3.0,4,1.0,-1.5436957073615716
Beni,2026-06-03,5.0,Beni,0.0,,3.0,5,1.0,-1.5436957073615716
Beni,2026-06-04,5.0,Beni,0.0,,3.0,6,0.0,0.0003885944084025539
Beni,2026-06-05,5.0,Beni,0.0,,3.0,7,0.0,0.0003885944084025539
Beni,2026-06-06,5.0,Beni,0.0,,3.0,8,0.0,0.0003885944084025539
Beni,2026-06-07,9.0,Beni,4.0,,7.0,9,1.3333333333333333,1.8035082870597936
Beni,2026-06-08,9.0,Beni,0.0,1.3333333333333333,7.0,10,1.3333333333333333,-1.4297595964480365
Beni,2026-06-09,9.0,Beni,0.0,1.3333333333333333,7.0,11,1.3333333333333333,-1.4297595964480365
Beni,2026-06-10,9.0,Beni,0.0,1.3333333333333333,7.0,12,0.0,0.0003885944084025539
Beni,2026-06-11,9.0,Beni,0.0,1.3333333333333333,5.0,13,0.0,0.0003885944084025539
Beni,2026-06-13,14.0,Beni,5.0,3.0,10.0,14,1.6666666666666667,3.686769681237701
Beni,2026-06-14,14.0,Beni,0.0,3.0,10.0,15,1.6666666666666667,-1.0995592185456076
Beni,2026-06-15,14.0,Beni,0.0,0.7142857142857143,10.0,16,1.6666666666666667,-1.0995592185456076
Beni,2026-06-16,14.0,Beni,0.0,1.25,,17,0.0,0.0003885944084025539
Beni,2026-06-17,15.0,Beni,1.0,1.5,12.0,18,0.3333333333333333,-1.4251931756567302
Beni,2026-06-18,16.0,Beni,1.0,1.75,12.0,19,0.6666666666666666,-2.094588153870461
Beni,2026-06-19,16.0,Beni,0.0,1.75,12.0,20,0.6666666666666666,-1.3769433595928646
Beni,2026-06-20,17.0,Beni,1.0,0.3333333333333333,12.0,21,0.6666666666666666,-2.094588153870461
Beni,2026-06-21,18.0,Beni,1.0,0.4444444444444444,12.0,22,0.6666666666666666,-2.094588153870461
Beni,2026-06-22,20.0,Beni,2.0,1.2,12.0,23,1.3333333333333333,-1.980445902168082
Beni,2026-06-23,20.0,Beni,0.0,1.2,12.0,24,1.0,-1.5436957073615716
Beni,2026-06-24,20.0,Beni,0.0,0.8333333333333334,12.0,25,0.6666666666666666,-1.3769433595928646
Beni,2026-06-25,22.0,Beni,2.0,0.8571428571428571,13.0,26,0.6666666666666666,-1.2757418637367692
Beni,2026-06-29,22.0,Beni,0.0,0.8571428571428571,14.0,27,0.6666666666666666,-1.3769433595928646
Beni,2026-06-30,24.0,Beni,2.0,2.333333333333333,15.0,28,1.3333333333333333,-1.980445902168082
Beni,2026-07-01,26.0,Beni,2.0,2.0,15.0,29,1.3333333333333333,-1.980445902168082
Beni,2026-07-02,28.0,Beni,2.0,1.3333333333333333,16.0,30,2.0,-1.6146398312245296
Beni,2026-07-03,29.0,Beni,1.0,1.5,17.0,31,1.6666666666666667,-2.192902003606882
Beni,2026-07-04,29.0,Beni,0.0,1.8,17.0,32,1.0,-1.5436957073615716
Beni,2026-07-05,29.0,Beni,0.0,1.1666666666666667,17.0,33,0.3333333333333333,-0.8730765821747752
Beni,2026-07-06,29.0,Beni,0.0,1.1666666666666667,19.0,34,0.0,0.0003885944084025539
Beni,2026-07-07,29.0,Beni,0.0,0.7142857142857143,19.0,35,0.0,0.0003885944084025539
Beni,2026-07-08,29.0,Beni,0.0,0.375,19.0,36,0.0,0.0003885944084025539
Beni,2026-07-09,30.0,Beni,1.0,0.25,20.0,37,0.3333333333333333,-1.4251931756567302
Beni,2026-07-10,30.0,Beni,0.0,0.1111111111111111,20.0,38,0.3333333333333333,-0.8730765821747752
Beni,2026-07-11,30.0,Beni,0.0,0.1111111111111111,20.0,39,0.3333333333333333,-0.8730765821747752
Beni,2026-07-13,31.0,Beni,1.0,0.2857142857142857,20.0,40,0.3333333333333333,-1.4251931756567302
Beni,2026-07-15,33.0,Beni,2.0,0.5714285714285714,22.0,41,1.0,-1.780933853258734
Beni,2026-07-17,34.0,Beni,1.0,1.0,24.0,42,1.3333333333333333,-2.4283795635449046
Beni,2026-07-18,37.0,Beni,3.0,2.6666666666666665,25.0,43,2.0,-0.47169610694086117
Beni,2026-07-19,37.0,Beni,0.0,3.5,25.0,44,1.3333333333333333,-1.4297595964480365
Beni,2026-07-20,37.0,Beni,0.0,7.0,25.0,45,1.0,-1.5436957073615716
Beni,2026-07-22,41.0,Beni,4.0,11.0,29.0,46,1.3333333333333333,1.8035082870597936
Beni,2026-07-23,42.0,Beni,1.0,5.5,29.0,47,1.6666666666666667,-2.192902003606882
Beni,2026-07-25,43.0,Beni,1.0,2.5,30.0,48,2.0,-1.760004808930578
Beni,2026-07-26,44.0,Beni,1.0,2.0,34.0,49,1.0,-2.4141408616472937
Beni,2026-07-27,46.0,Beni,2.0,1.125,37.0,50,1.3333333333333333,-1.980445902168082
Beni,2026-07-30,50.0,Beni,4.0,1.8571428571428568,41.0,51,2.3333333333333335,1.3731388204265578
Beni,2026-07-31,57.0,Beni,7.0,2.857142857142857,46.0,52,4.333333333333333,8.621369030466505
Beni,2026-08-01,61.0,Beni,4.0,1.818181818181818,49.0,53,5.0,9.250521290144011
Beni,2026-08-02,64.0,Beni,3.0,2.0,49.0,54,4.666666666666667,7.279484277309509
Beni,2026-08-03,64.0,Beni,0.0,2.1,49.0,55,2.3333333333333335,-0.00012973376987091
Beni,2026-08-04,64.0,Beni,0.0,2.0,49.0,56,1.0,-1.5436957073615716
Boga,2026-07-06,1.0,Boga,0.0,,1.0,0,0.0,0.0003885944084025539
Boga,2026-07-07,1.0,Boga,0.0,,1.0,1,0.0,0.0003885944084025539
Boga,2026-07-08,1.0,Boga,0.0,,1.0,2,0.0,0.0003885944084025539
Boga,2026-07-09,1.0,Boga,0.0,,1.0,3,0.0,0.0003885944084025539
Boga,2026-07-10,1.0,Boga,0.0,,1.0,4,0.0,0.0003885944084025539
Boga,2026-07-11,1.0,Boga,0.0,,1.0,5,0.0,0.0003885944084025539
Boga,2026-07-13,1.0,Boga,0.0,,1.0,6,0.0,0.0003885944084025539
Boga,2026-07-15,1.0,Boga,0.0,,1.0,7,0.0,0.0003885944084025539
Boga,2026-07-17,1.0,Boga,0.0,,1.0,8,0.0,0.0003885944084025539
Boga,2026-07-18,1.0,Boga,0.0,,1.0,9,0.0,0.0003885944084025539
Boga,2026-07-19,1.0,Boga,0.0,,1.0,10,0.0,0.0003885944084025539
Boga,2026-07-20,1.0,Boga,0.0,,1.0,11,0.0,0.0003885944084025539
Boga,2026-07-22,1.0,Boga,0.0,,1.0,12,0.0,0.0003885944084025539
Boga,2026-07-23,1.0,Boga,0.0,,1.0,13,0.0,0.0003885944084025539
Boga,2026-07-25,1.0,Boga,0.0,,1.0,14,0.0,0.0003885944084025539
Boga,2026-07-26,1.0,Boga,0.0,,1.0,15,0.0,0.0003885944084025539
Boga,2026-07-27,1.0,Boga,0.0,,1.0,16,0.0,0.0003885944084025539
Boga,2026-07-30,1.0,Boga,0.0,,1.0,17,0.0,0.0003885944084025539
Boga,2026-07-31,1.0,Boga,0.0,,1.0,18,0.0,0.0003885944084025539
Boga,2026-08-01,1.0,Boga,0.0,,1.0,19,0.0,0.0003885944084025539
Boga,2026-08-02,1.0,Boga,0.0,,1.0,20,0.0,0.0003885944084025539
Boga,2026-08-03,1.0,Boga,0.0,,1.0,21,0.0,0.0003885944084025539
Boga,2026-08-04,1.0,Boga,0.0,,1.0,22,0.0,0.0003885944084025539
Bunia,2026-05-15,0.0,Bunia,0.0,,,0,0.0,0.0003885944084025539
Bunia,2026-05-18,6.0,Bunia,6.0,,,1,3.0,5.090179781983085
Bunia,2026-05-19,6.0,Bunia,0.0,,0.0,2,2.0,-0.6101078696110918
Bunia,2026-05-20,11.0,Bunia,5.0,,0.0,3,3.6666666666666665,5.020669015056628
Bunia,2026-05-21,15.0,Bunia,4.0,,1.0,4,3.0,2.274102231014151
Bunia,2026-05-22,23.0,Bunia,8.0,,2.0,5,5.666666666666667,12.894973761754539
Bunia,2026-05-23,24.0,Bunia,1.0,,2.0,6,4.333333333333333,5.313937525234401
Bunia,2026-05-24,24.0,Bunia,0.0,,2.0,7,3.0,1.5342897320051847
Bunia,2026-05-25,24.0,Bunia,0.0,3.0,2.0,8,0.3333333333333333,-0.8730765821747752
Bunia,2026-05-26,36.0,Bunia,12.0,5.0,2.0,9,4.0,13.637123363359693
Bunia,2026-05-27,37.0,Bunia,1.0,2.363636363636364,2.0,10,4.333333333333333,5.313937525234401
Bunia,2026-05-28,80.0,Bunia,43.0,4.333333333333333,8.0,11,18.666666666666668,16.74245339574133
Bunia,2026-05-29,80.0,Bunia,0.0,2.4782608695652173,8.0,12,14.666666666666666,15.620649336139927
Bunia,2026-05-30,80.0,Bunia,0.0,2.333333333333333,8.0,13,14.333333333333334,15.543919689295173
Bunia,2026-06-01,80.0,Bunia,0.0,2.333333333333333,8.0,14,0.0,0.0003885944084025539
Bunia,2026-06-02,85.0,Bunia,5.0,3.388888888888889,8.0,15,1.6666666666666667,3.686769681237701
Bunia,2026-06-03,97.0,Bunia,12.0,2.033333333333333,9.0,16,5.666666666666667,15.121533157424519
Bunia,2026-06-04,123.0,Bunia,26.0,3.3076923076923075,11.0,17,14.333333333333334,17.70977952843632
Bunia,2026-06-05,138.0,Bunia,15.0,0.8923076923076924,14.0,18,17.666666666666668,17.74245276645346
Bunia,2026-06-06,142.0,Bunia,4.0,1.087719298245614,14.0,19,15.0,16.963413889377954
Bunia,2026-06-07,152.0,Bunia,10.0,1.2857142857142858,15.0,20,9.666666666666666,17.660887721660973
Bunia,2026-06-08,163.0,Bunia,11.0,1.4821428571428572,15.0,21,8.333333333333334,17.38987175248461
Bunia,2026-06-09,173.0,Bunia,10.0,1.4426229508196722,15.0,22,10.333333333333334,17.708841749778472
Bunia,2026-06-10,185.0,Bunia,12.0,1.4426229508196722,17.0,23,11.0,17.73754091231575
Bunia,2026-06-11,191.0,Bunia,6.0,0.7906976744186046,17.0,24,9.333333333333334,17.310779380152727
Bunia,2026-06-13,212.0,Bunia,21.0,1.2758620689655171,20.0,25,13.0,17.729491955373717
Bunia,2026-06-14,215.0,Bunia,3.0,1.1774193548387095,20.0,26,10.0,16.08115160627276
Bunia,2026-06-15,215.0,Bunia,0.0,0.875,20.0,27,8.0,15.691036421502353
Bunia,2026-06-16,226.0,Bunia,11.0,0.7590361445783133,,28,4.666666666666667,13.049111906433792
Bunia,2026-06-17,247.0,Bunia,21.0,0.8409090909090909,41.0,29,10.666666666666666,17.65244140007084
Bunia,2026-06-18,253.0,Bunia,6.0,0.7727272727272727,42.0,30,12.666666666666666,17.470093697817948
Bunia,2026-06-19,259.0,Bunia,6.0,1.0,42.0,31,11.0,17.40557399670876
Bunia,2026-06-20,275.0,Bunia,16.0,0.8513513513513513,44.0,32,9.333333333333334,17.729698301320056
Bunia,2026-06-21,285.0,Bunia,10.0,0.958904109589041,45.0,33,10.666666666666666,17.720170652084967
Bunia,2026-06-22,296.0,Bunia,11.0,1.2857142857142858,48.0,34,12.333333333333334,17.74019939440471
Bunia,2026-06-23,304.0,Bunia,8.0,1.238095238095238,54.0,35,9.666666666666666,17.589808189554056
Bunia,2026-06-24,314.0,Bunia,10.0,0.9054054054054054,60.0,36,9.666666666666666,17.660887721660973
Bunia,2026-06-25,323.0,Bunia,9.0,1.0294117647058822,64.0,37,9.0,17.50606350410544
Bunia,2026-06-29,358.0,Bunia,35.0,1.4558823529411764,82.0,38,18.0,17.720804572055233
Bunia,2026-06-30,387.0,Bunia,29.0,1.7777777777777777,94.0,39,24.333333333333332,17.7424533927149
Bunia,2026-07-01,416.0,Bunia,29.0,1.8714285714285717,103.0,40,31.0,17.742453437134387
Bunia,2026-07-02,426.0,Bunia,10.0,1.6049382716049383,106.0,41,22.666666666666668,17.74245335425097
Bunia,2026-07-03,431.0,Bunia,5.0,1.6282051282051282,112.0,42,14.666666666666666,17.254997816477747
Bunia,2026-07-04,438.0,Bunia,7.0,1.8507462686567164,118.0,43,7.333333333333333,16.210724610625757
Bunia,2026-07-05,452.0,Bunia,14.0,1.8428571428571427,121.0,44,8.666666666666666,17.654723784939474
Bunia,2026-07-06,472.0,Bunia,20.0,1.1515151515151516,134.0,45,13.666666666666666,17.740007648247655
Bunia,2026-07-07,483.0,Bunia,11.0,0.8571428571428571,137.0,46,15.0,17.740836126421225
Bunia,2026-07-08,487.0,Bunia,4.0,0.5419847328244275,141.0,47,11.666666666666666,16.75963839813841
Bunia,2026-07-09,495.0,Bunia,8.0,0.5307692307692308,149.0,48,7.666666666666667,16.65760500513094
Bunia,2026-07-10,503.0,Bunia,8.0,0.5669291338582677,156.0,49,6.666666666666667,15.204444265286966
Bunia,2026-07-11,507.0,Bunia,4.0,0.5564516129032258,160.0,50,6.666666666666667,14.848228124485914
Bunia,2026-07-13,534.0,Bunia,27.0,0.6356589147286822,172.0,51,13.0,17.520854179971966
Bunia,2026-07-15,570.0,Bunia,36.0,0.8596491228070176,191.0,52,22.333333333333332,17.736613379560286
Bunia,2026-07-17,606.0,Bunia,36.0,1.28125,197.0,53,33.0,17.742453437134387
Bunia,2026-07-18,621.0,Bunia,15.0,1.887323943661972,202.0,54,29.0,17.742453437134387
Bunia,2026-07-19,639.0,Bunia,18.0,2.0869565217391304,211.0,55,23.0,17.742453437134323
Bunia,2026-07-20,657.0,Bunia,18.0,2.138888888888889,219.0,56,17.0,17.742452974845314
Bunia,2026-07-22,696.0,Bunia,39.0,2.739130434782609,175.0,57,25.0,17.741993566874818
Bunia,2026-07-23,713.0,Bunia,17.0,2.182926829268293,185.0,58,24.666666666666668,17.742453437134383
Bunia,2026-07-25,762.0,Bunia,49.0,1.959183673469388,215.0,59,35.0,17.742453437134387
Bunia,2026-07-26,773.0,Bunia,11.0,1.3577235772357723,220.0,60,25.666666666666668,17.742453437132863
Bunia,2026-07-27,801.0,Bunia,28.0,1.3432835820895523,232.0,61,29.333333333333332,17.74245343713438
Bunia,2026-07-30,880.0,Bunia,79.0,1.6736111111111112,257.0,62,39.333333333333336,17.742453437134387
Bunia,2026-07-31,896.0,Bunia,16.0,1.551948051948052,259.0,63,41.0,17.742453437134387
Bunia,2026-08-01,905.0,Bunia,9.0,1.1058201058201058,262.0,64,34.666666666666664,17.742453437134387
Bunia,2026-08-02,914.0,Bunia,9.0,1.1229050279329609,270.0,65,11.333333333333334,17.71517194430472
Bunia,2026-08-03,925.0,Bunia,11.0,0.8489583333333334,277.0,66,9.666666666666666,17.681279534987002
Bunia,2026-08-04,950.0,Bunia,25.0,1.059880239520958,289.0,67,15.0,17.735077529807864
Butembo,2026-05-18,1.0,Butembo,0.0,,,0,0.0,0.0003885944084025539
Butembo,2026-05-19,1.0,Butembo,0.0,,,1,0.0,0.0003885944084025539
Butembo,2026-05-20,1.0,Butembo,0.0,,,2,0.0,0.0003885944084025539
Butembo,2026-05-21,2.0,Butembo,1.0,,0.0,3,0.3333333333333333,-1.4251931756567302
Butembo,2026-05-22,2.0,Butembo,0.0,,0.0,4,0.3333333333333333,-0.8730765821747752
Butembo,2026-05-23,1.0,Butembo,0.0,,0.0,5,0.3333333333333333,-0.8730765821747752
Butembo,2026-05-24,3.0,Butembo,2.0,,0.0,6,0.6666666666666666,-1.2757418637367692
Butembo,2026-05-25,3.0,Butembo,0.0,,,7,0.6666666666666666,-1.3769433595928646
Butembo,2026-05-26,3.0,Butembo,0.0,,0.0,8,0.6666666666666666,-1.3769433595928646
Butembo,2026-05-27,5.0,Butembo,2.0,,0.0,9,0.6666666666666666,-1.2757418637367692
Butembo,2026-05-28,5.0,Butembo,0.0,4.0,2.0,10,0.6666666666666666,-1.3769433595928646
Butembo,2026-05-29,5.0,Butembo,0.0,4.0,2.0,11,0.6666666666666666,-1.3769433595928646
Butembo,2026-05-30,5.0,Butembo,0.0,4.0,2.0,12,0.0,0.0003885944084025539
Butembo,2026-06-01,2.0,Butembo,0.0,0.6666666666666666,2.0,13,0.0,0.0003885944084025539
Butembo,2026-06-02,2.0,Butembo,0.0,0.6666666666666666,2.0,14,0.0,0.0003885944084025539
Butembo,2026-06-03,2.0,Butembo,0.0,0.6666666666666666,2.0,15,0.0,0.0003885944084025539
Butembo,2026-06-04,4.0,Butembo,2.0,0.4,2.0,16,0.6666666666666666,-1.2757418637367692
Butembo,2026-06-05,4.0,Butembo,0.0,0.5,2.0,17,0.6666666666666666,-1.3769433595928646
Butembo,2026-06-06,4.0,Butembo,0.0,0.5,2.0,18,0.6666666666666666,-1.3769433595928646
Butembo,2026-06-07,4.0,Butembo,0.0,0.5,2.0,19,0.0,0.0003885944084025539
Butembo,2026-06-08,6.0,Butembo,2.0,2.0,4.0,20,0.6666666666666666,-1.2757418637367692
Butembo,2026-06-09,6.0,Butembo,0.0,2.0,4.0,21,0.6666666666666666,-1.3769433595928646
Butembo,2026-06-10,9.0,Butembo,3.0,3.5,5.0,22,1.6666666666666667,-0.5672165263403741
Butembo,2026-06-11,7.0,Butembo,0.0,2.5,5.0,23,1.0,-1.5436957073615716
Butembo,2026-06-13,18.0,Butembo,11.0,8.0,7.0,24,4.666666666666667,13.049111906433792
Butembo,2026-06-14,19.0,Butembo,1.0,8.5,7.0,25,4.0,3.8954638495074043
Butembo,2026-06-15,19.0,Butembo,0.0,8.5,7.0,26,4.0,4.746380806986442
Butembo,2026-06-16,24.0,Butembo,5.0,5.0,,27,2.0,3.3100072635585924
Butembo,2026-06-17,25.0,Butembo,1.0,5.25,11.0,28,2.0,-1.760004808930578
Butembo,2026-06-18,25.0,Butembo,0.0,2.571428571428572,11.0,29,2.0,-0.6101078696110918
Butembo,2026-06-19,25.0,Butembo,0.0,3.6,11.0,30,0.3333333333333333,-0.8730765821747752
Butembo,2026-06-20,27.0,Butembo,2.0,0.5625,13.0,31,0.6666666666666666,-1.2757418637367692
Butembo,2026-06-21,28.0,Butembo,1.0,0.5294117647058824,13.0,32,1.0,-2.4141408616472937
Butembo,2026-06-22,28.0,Butembo,0.0,0.5294117647058824,13.0,33,1.0,-1.5436957073615716
Butembo,2026-06-23,29.0,Butembo,1.0,0.25,13.0,34,0.6666666666666666,-2.094588153870461
Butembo,2026-06-24,31.0,Butembo,2.0,0.2857142857142857,13.0,35,1.0,-1.780933853258734
Butembo,2026-06-25,33.0,Butembo,2.0,0.4444444444444444,14.0,36,1.6666666666666667,-1.9119242024307646
Butembo,2026-06-29,34.0,Butembo,1.0,0.5,14.0,37,1.6666666666666667,-2.192902003606882
Butembo,2026-06-30,34.0,Butembo,0.0,0.7777777777777778,15.0,38,1.0,-1.5436957073615716
Butembo,2026-07-01,34.0,Butembo,0.0,0.6666666666666666,15.0,39,0.3333333333333333,-0.8730765821747752
Butembo,2026-07-02,38.0,Butembo,4.0,1.1111111111111112,16.0,40,1.3333333333333333,1.8035082870597936
Butembo,2026-07-03,40.0,Butembo,2.0,2.2,18.0,41,2.0,-1.6146398312245296
Butembo,2026-07-04,40.0,Butembo,0.0,1.5,18.0,42,2.0,-0.6101078696110918
Butembo,2026-07-05,40.0,Butembo,0.0,0.875,18.0,43,0.6666666666666666,-1.3769433595928646
Butembo,2026-07-06,41.0,Butembo,1.0,0.7777777777777778,20.0,44,0.3333333333333333,-1.4251931756567302
Butembo,2026-07-07,42.0,Butembo,1.0,1.1428571428571428,20.0,45,0.6666666666666666,-2.094588153870461
Butembo,2026-07-08,42.0,Butembo,0.0,1.3333333333333333,20.0,46,0.6666666666666666,-1.3769433595928646
Butembo,2026-07-09,43.0,Butembo,1.0,0.5,20.0,47,0.6666666666666666,-2.094588153870461
Butembo,2026-07-10,43.0,Butembo,0.0,0.2727272727272727,20.0,48,0.3333333333333333,-0.8730765821747752
Butembo,2026-07-11,44.0,Butembo,1.0,0.4444444444444444,21.0,49,0.6666666666666666,-2.094588153870461
Butembo,2026-07-13,46.0,Butembo,2.0,0.8571428571428571,22.0,50,1.0,-1.780933853258734
Butembo,2026-07-15,52.0,Butembo,6.0,1.5714285714285714,26.0,51,3.0,5.090179781983085
Butembo,2026-07-17,55.0,Butembo,3.0,1.625,27.0,52,3.6666666666666665,3.1610413631213774
Butembo,2026-07-18,57.0,Butembo,2.0,1.875,29.0,53,3.6666666666666665,2.567991661375739
Butembo,2026-07-19,58.0,Butembo,1.0,3.0,30.0,54,2.0,-1.760004808930578
Butembo,2026-07-20,61.0,Butembo,3.0,6.0,31.0,55,2.0,-0.47169610694086117
Butembo,2026-07-22,62.0,Butembo,1.0,4.5,39.0,56,1.6666666666666667,-2.192902003606882
Butembo,2026-07-23,63.0,Butembo,1.0,2.833333333333333,41.0,57,1.6666666666666667,-2.192902003606882
Butembo,2026-07-25,70.0,Butembo,7.0,1.6363636363636365,48.0,58,3.0,6.6712194565547165
Butembo,2026-07-26,73.0,Butembo,3.0,1.3846153846153846,49.0,59,3.6666666666666665,3.1610413631213774
Butembo,2026-07-27,75.0,Butembo,2.0,1.2,61.0,60,4.0,3.8850121746368114
Butembo,2026-07-30,82.0,Butembo,7.0,1.6,64.0,61,4.0,7.833270102801228
Butembo,2026-07-31,83.0,Butembo,1.0,1.2222222222222223,65.0,62,3.3333333333333335,1.4407306020171653
Butembo,2026-08-01,88.0,Butembo,5.0,1.4444444444444444,67.0,63,4.333333333333333,7.167511209055611
Butembo,2026-08-02,87.0,Butembo,0.0,1.4705882352941178,69.0,64,2.0,-0.6101078696110918
Butembo,2026-08-03,89.0,Butembo,2.0,1.1111111111111112,69.0,65,2.3333333333333335,-1.1203074341526396
Butembo,2026-08-04,92.0,Butembo,3.0,1.1111111111111112,69.0,66,1.6666666666666667,-0.5672165263403741
Damas,2026-05-26,0.0,Damas,0.0,,,0,0.0,0.0003885944084025539
Damas,2026-05-27,0.0,Damas,0.0,,,1,0.0,0.0003885944084025539
Damas,2026-05-28,1.0,Damas,1.0,,0.0,2,0.3333333333333333,-1.4251931756567302
Damas,2026-05-29,1.0,Damas,0.0,,0.0,3,0.3333333333333333,-0.8730765821747752
Damas,2026-05-30,1.0,Damas,0.0,,0.0,4,0.3333333333333333,-0.8730765821747752
Damas,2026-06-01,1.0,Damas,0.0,,0.0,5,0.0,0.0003885944084025539
Damas,2026-06-02,2.0,Damas,1.0,,0.0,6,0.3333333333333333,-1.4251931756567302
Damas,2026-06-03,3.0,Damas,1.0,,0.0,7,0.6666666666666666,-2.094588153870461
Damas,2026-06-04,3.0,Damas,0.0,,0.0,8,0.6666666666666666,-1.3769433595928646
Damas,2026-06-05,3.0,Damas,0.0,2.0,0.0,9,0.3333333333333333,-0.8730765821747752
Damas,2026-06-06,3.0,Damas,0.0,2.0,0.0,10,0.0,0.0003885944084025539
Damas,2026-06-07,3.0,Damas,0.0,2.0,0.0,11,0.0,0.0003885944084025539
Damas,2026-06-08,3.0,Damas,0.0,2.0,0.0,12,0.0,0.0003885944084025539
Damas,2026-06-09,3.0,Damas,0.0,0.5,0.0,13,0.0,0.0003885944084025539
Damas,2026-06-10,3.0,Damas,0.0,0.0,0.0,14,0.0,0.0003885944084025539
Damas,2026-06-11,3.0,Damas,0.0,0.0,0.0,15,0.0,0.0003885944084025539
Damas,2026-06-13,4.0,Damas,1.0,0.5,0.0,16,0.3333333333333333,-1.4251931756567302
Damas,2026-06-14,4.0,Damas,0.0,0.5,0.0,17,0.3333333333333333,-0.8730765821747752
Damas,2026-06-15,4.0,Damas,0.0,0.5,0.0,18,0.3333333333333333,-0.8730765821747752
Damas,2026-06-16,4.0,Damas,0.0,0.5,,19,0.0,0.0003885944084025539
Damas,2026-06-17,4.0,Damas,0.0,1.0,0.0,20,0.0,0.0003885944084025539
Damas,2026-06-18,4.0,Damas,0.0,,0.0,21,0.0,0.0003885944084025539
Damas,2026-06-19,4.0,Damas,0.0,,0.0,22,0.0,0.0003885944084025539
Damas,2026-06-20,4.0,Damas,0.0,0.0,0.0,23,0.0,0.0003885944084025539
Damas,2026-06-21,4.0,Damas,0.0,0.0,0.0,24,0.0,0.0003885944084025539
Damas,2026-06-22,4.0,Damas,0.0,0.0,0.0,25,0.0,0.0003885944084025539
Damas,2026-06-23,4.0,Damas,0.0,0.0,0.0,26,0.0,0.0003885944084025539
Damas,2026-06-24,4.0,Damas,0.0,0.0,0.0,27,0.0,0.0003885944084025539
Damas,2026-06-25,4.0,Damas,0.0,0.0,0.0,28,0.0,0.0003885944084025539
Damas,2026-06-29,5.0,Damas,1.0,1.0,0.0,29,0.3333333333333333,-1.4251931756567302
Damas,2026-06-30,5.0,Damas,0.0,,0.0,30,0.3333333333333333,-0.8730765821747752
Damas,2026-07-01,5.0,Damas,0.0,,0.0,31,0.3333333333333333,-0.8730765821747752
Damas,2026-07-02,5.0,Damas,0.0,,0.0,32,0.0,0.0003885944084025539
Damas,2026-07-03,5.0,Damas,0.0,,0.0,33,0.0,0.0003885944084025539
Damas,2026-07-04,5.0,Damas,0.0,,0.0,34,0.0,0.0003885944084025539
Damas,2026-07-05,5.0,Damas,0.0,,0.0,35,0.0,0.0003885944084025539
Damas,2026-07-06,5.0,Damas,0.0,0.0,0.0,36,0.0,0.0003885944084025539
Damas,2026-07-07,5.0,Damas,0.0,0.0,0.0,37,0.0,0.0003885944084025539
Damas,2026-07-08,5.0,Damas,0.0,0.0,0.0,38,0.0,0.0003885944084025539
Damas,2026-07-09,5.0,Damas,0.0,0.0,0.0,39,0.0,0.0003885944084025539
Damas,2026-07-10,5.0,Damas,0.0,0.0,0.0,40,0.0,0.0003885944084025539
Damas,2026-07-11,5.0,Damas,0.0,0.0,0.0,41,0.0,0.0003885944084025539
Damas,2026-07-13,5.0,Damas,0.0,0.0,0.0,42,0.0,0.0003885944084025539
Damas,2026-07-15,7.0,Damas,2.0,,0.0,43,0.6666666666666666,-1.2757418637367692
Damas,2026-07-17,7.0,Damas,0.0,,0.0,44,0.6666666666666666,-1.3769433595928646
Damas,2026-07-18,7.0,Damas,0.0,,0.0,45,0.6666666666666666,-1.3769433595928646
Damas,2026-07-19,7.0,Damas,0.0,,0.0,46,0.0,0.0003885944084025539
Damas,2026-07-20,7.0,Damas,0.0,,0.0,47,0.0,0.0003885944084025539
Damas,2026-07-22,13.0,Damas,6.0,,8.0,48,2.0,5.447876137664155
Damas,2026-07-23,14.0,Damas,1.0,,8.0,49,2.3333333333333335,-1.167969904544215
Damas,2026-07-25,16.0,Damas,2.0,4.5,8.0,50,3.0,0.39211345072134307
Damas,2026-07-26,16.0,Damas,0.0,4.5,8.0,51,1.0,-1.5436957073615716
Damas,2026-07-27,16.0,Damas,0.0,4.5,8.0,52,0.6666666666666666,-1.3769433595928646
Damas,2026-07-30,17.0,Damas,1.0,5.0,8.0,53,0.3333333333333333,-1.4251931756567302
Damas,2026-07-31,17.0,Damas,0.0,5.0,8.0,54,0.3333333333333333,-0.8730765821747752
Damas,2026-08-01,18.0,Damas,1.0,0.625,8.0,55,0.6666666666666666,-2.094588153870461
Damas,2026-08-02,18.0,Damas,0.0,0.4444444444444444,8.0,56,0.3333333333333333,-0.8730765821747752
Damas,2026-08-03,18.0,Damas,0.0,0.2222222222222222,8.0,57,0.3333333333333333,-0.8730765821747752
Damas,2026-08-04,18.0,Damas,0.0,0.2222222222222222,8.0,58,0.0,0.0003885944084025539
Drodro,2026-06-17,1.0,Drodro,0.0,,1.0,0,0.0,0.0003885944084025539
Drodro,2026-06-18,1.0,Drodro,0.0,,1.0,1,0.0,0.0003885944084025539
Drodro,2026-06-19,1.0,Drodro,0.0,,1.0,2,0.0,0.0003885944084025539
Drodro,2026-06-20,1.0,Drodro,0.0,,1.0,3,0.0,0.0003885944084025539
Drodro,2026-06-21,1.0,Drodro,0.0,,1.0,4,0.0,0.0003885944084025539
Drodro,2026-06-22,1.0,Drodro,0.0,,1.0,5,0.0,0.0003885944084025539
Drodro,2026-06-23,1.0,Drodro,0.0,,1.0,6,0.0,0.0003885944084025539
Drodro,2026-06-24,1.0,Drodro,0.0,,,7,0.0,0.0003885944084025539
Drodro,2026-06-25,1.0,Drodro,0.0,,1.0,8,0.0,0.0003885944084025539
Drodro,2026-06-29,3.0,Drodro,2.0,,3.0,9,0.6666666666666666,-1.2757418637367692
Drodro,2026-06-30,3.0,Drodro,0.0,,3.0,10,0.6666666666666666,-1.3769433595928646
Drodro,2026-07-01,3.0,Drodro,0.0,,3.0,11,0.6666666666666666,-1.3769433595928646
Drodro,2026-07-02,3.0,Drodro,0.0,,3.0,12,0.0,0.0003885944084025539
Drodro,2026-07-03,3.0,Drodro,0.0,,3.0,13,0.0,0.0003885944084025539
Drodro,2026-07-04,3.0,Drodro,0.0,,3.0,14,0.0,0.0003885944084025539
Drodro,2026-07-05,3.0,Drodro,0.0,,3.0,15,0.0,0.0003885944084025539
Drodro,2026-07-06,3.0,Drodro,0.0,0.0,3.0,16,0.0,0.0003885944084025539
Drodro,2026-07-07,3.0,Drodro,0.0,0.0,3.0,17,0.0,0.0003885944084025539
Drodro,2026-07-08,3.0,Drodro,0.0,0.0,3.0,18,0.0,0.0003885944084025539
Drodro,2026-07-09,3.0,Drodro,0.0,0.0,3.0,19,0.0,0.0003885944084025539
Drodro,2026-07-10,4.0,Drodro,1.0,0.5,3.0,20,0.3333333333333333,-1.4251931756567302
Drodro,2026-07-11,4.0,Drodro,0.0,0.5,3.0,21,0.3333333333333333,-0.8730765821747752
Drodro,2026-07-13,5.0,Drodro,1.0,1.0,3.0,22,0.6666666666666666,-2.094588153870461
Drodro,2026-07-15,5.0,Drodro,0.0,,3.0,23,0.3333333333333333,-0.8730765821747752
Drodro,2026-07-17,5.0,Drodro,0.0,,3.0,24,0.3333333333333333,-0.8730765821747752
Drodro,2026-07-18,5.0,Drodro,0.0,,3.0,25,0.0,0.0003885944084025539
Drodro,2026-07-19,5.0,Drodro,0.0,,3.0,26,0.0,0.0003885944084025539
Drodro,2026-07-20,5.0,Drodro,0.0,1.0,3.0,27,0.0,0.0003885944084025539
Drodro,2026-07-22,6.0,Drodro,1.0,2.0,4.0,28,0.3333333333333333,-1.4251931756567302
Drodro,2026-07-23,6.0,Drodro,0.0,0.5,4.0,29,0.3333333333333333,-0.8730765821747752
Drodro,2026-07-25,6.0,Drodro,0.0,0.5,4.0,30,0.3333333333333333,-0.8730765821747752
Drodro,2026-07-26,10.0,Drodro,4.0,2.5,5.0,31,1.3333333333333333,1.8035082870597936
Drodro,2026-07-27,10.0,Drodro,0.0,2.5,5.0,32,1.3333333333333333,-1.4297595964480365
Drodro,2026-07-30,10.0,Drodro,0.0,2.5,6.0,33,1.3333333333333333,-1.4297595964480365
Drodro,2026-07-31,10.0,Drodro,0.0,5.0,6.0,34,0.0,0.0003885944084025539
Drodro,2026-08-01,11.0,Drodro,1.0,2.5,6.0,35,0.3333333333333333,-1.4251931756567302
Drodro,2026-08-02,11.0,Drodro,0.0,5.0,6.0,36,0.3333333333333333,-0.8730765821747752
Drodro,2026-08-03,11.0,Drodro,0.0,5.0,6.0,37,0.3333333333333333,-0.8730765821747752
Drodro,2026-08-04,11.0,Drodro,0.0,0.2,6.0,38,0.0,0.0003885944084025539
Fataki,2026-05-26,0.0,Fataki,0.0,,,0,0.0,0.0003885944084025539
Fataki,2026-05-27,0.0,Fataki,0.0,,,1,0.0,0.0003885944084025539
Fataki,2026-06-16,1.0,Fataki,1.0,,,2,0.3333333333333333,-1.4251931756567302
Fataki,2026-06-17,1.0,Fataki,0.0,,0.0,3,0.3333333333333333,-0.8730765821747752
Fataki,2026-06-18,1.0,Fataki,0.0,,0.0,4,0.3333333333333333,-0.8730765821747752
Fataki,2026-06-19,1.0,Fataki,0.0,,0.0,5,0.0,0.0003885944084025539
Fataki,2026-06-20,1.0,Fataki,0.0,,0.0,6,0.0,0.0003885944084025539
Fataki,2026-06-21,1.0,Fataki,0.0,,0.0,7,0.0,0.0003885944084025539
Fataki,2026-06-22,1.0,Fataki,0.0,,0.0,8,0.0,0.0003885944084025539
Fataki,2026-06-23,1.0,Fataki,0.0,0.0,0.0,9,0.0,0.0003885944084025539
Fataki,2026-06-24,1.0,Fataki,0.0,0.0,0.0,10,0.0,0.0003885944084025539
Fataki,2026-06-25,1.0,Fataki,0.0,0.0,0.0,11,0.0,0.0003885944084025539
Fataki,2026-06-29,1.0,Fataki,0.0,0.0,0.0,12,0.0,0.0003885944084025539
Fataki,2026-06-30,1.0,Fataki,0.0,0.0,0.0,13,0.0,0.0003885944084025539
Fataki,2026-07-01,1.0,Fataki,0.0,0.0,0.0,14,0.0,0.0003885944084025539
Fataki,2026-07-02,1.0,Fataki,0.0,0.0,0.0,15,0.0,0.0003885944084025539
Fataki,2026-07-03,1.0,Fataki,0.0,,0.0,16,0.0,0.0003885944084025539
Fataki,2026-07-04,1.0,Fataki,0.0,,0.0,17,0.0,0.0003885944084025539
Fataki,2026-07-05,2.0,Fataki,1.0,,0.0,18,0.3333333333333333,-1.4251931756567302
Fataki,2026-07-06,3.0,Fataki,1.0,,1.0,19,0.6666666666666666,-2.094588153870461
Fataki,2026-07-07,4.0,Fataki,1.0,,1.0,20,1.0,-2.4141408616472937
Fataki,2026-07-08,4.0,Fataki,0.0,,1.0,21,0.6666666666666666,-1.3769433595928646
Fataki,2026-07-09,4.0,Fataki,0.0,,1.0,22,0.3333333333333333,-0.8730765821747752
Fataki,2026-07-10,4.0,Fataki,0.0,,1.0,23,0.0,0.0003885944084025539
Fataki,2026-07-11,4.0,Fataki,0.0,,1.0,24,0.0,0.0003885944084025539
Fataki,2026-07-13,5.0,Fataki,1.0,3.0,4.0,25,0.3333333333333333,-1.4251931756567302
Fataki,2026-07-15,6.0,Fataki,1.0,1.5,5.0,26,0.6666666666666666,-2.094588153870461
Fataki,2026-07-17,9.0,Fataki,3.0,1.6666666666666667,6.0,27,1.6666666666666667,-0.5672165263403741
Fataki,2026-07-18,11.0,Fataki,2.0,2.333333333333333,7.0,28,2.0,-1.6146398312245296
Fataki,2026-07-19,11.0,Fataki,0.0,2.333333333333333,7.0,29,1.6666666666666667,-1.0995592185456076
Fataki,2026-07-20,11.0,Fataki,0.0,2.333333333333333,7.0,30,0.6666666666666666,-1.3769433595928646
Fataki,2026-07-22,17.0,Fataki,6.0,4.333333333333333,6.0,31,2.0,5.447876137664155
Fataki,2026-07-23,17.0,Fataki,0.0,4.0,6.0,32,2.0,-0.6101078696110918
Fataki,2026-07-25,17.0,Fataki,0.0,3.6666666666666665,6.0,33,2.0,-0.6101078696110918
Fataki,2026-07-26,17.0,Fataki,0.0,1.6,6.0,34,0.0,0.0003885944084025539
Fataki,2026-07-27,17.0,Fataki,0.0,0.8571428571428571,6.0,35,0.0,0.0003885944084025539
Fataki,2026-07-30,27.0,Fataki,10.0,2.2857142857142856,12.0,36,3.3333333333333335,11.285240232520522
Fataki,2026-07-31,35.0,Fataki,8.0,3.4285714285714284,17.0,37,6.0,13.742427231243536
Fataki,2026-08-01,35.0,Fataki,0.0,1.3846153846153846,17.0,38,6.0,12.757073828795665
Fataki,2026-08-02,35.0,Fataki,0.0,1.5,17.0,39,2.6666666666666665,0.7138636902663578
Fataki,2026-08-03,35.0,Fataki,0.0,1.6363636363636365,17.0,40,0.0,0.0003885944084025539
Fataki,2026-08-04,40.0,Fataki,5.0,2.875,20.0,41,1.6666666666666667,3.686769681237701
Gety,2026-05-28,1.0,Gety,0.0,,0.0,0,0.0,0.0003885944084025539
Gety,2026-05-29,1.0,Gety,0.0,,0.0,1,0.0,0.0003885944084025539
Gety,2026-05-30,1.0,Gety,0.0,,0.0,2,0.0,0.0003885944084025539
Gety,2026-06-01,1.0,Gety,0.0,,0.0,3,0.0,0.0003885944084025539
Gety,2026-06-02,1.0,Gety,0.0,,0.0,4,0.0,0.0003885944084025539
Gety,2026-06-03,1.0,Gety,0.0,,0.0,5,0.0,0.0003885944084025539
Gety,2026-06-04,1.0,Gety,0.0,,0.0,6,0.0,0.0003885944084025539
Gety,2026-06-05,1.0,Gety,0.0,,0.0,7,0.0,0.0003885944084025539
Gety,2026-06-06,1.0,Gety,0.0,,0.0,8,0.0,0.0003885944084025539
Gety,2026-06-07,1.0,Gety,0.0,,0.0,9,0.0,0.0003885944084025539
Gety,2026-06-08,1.0,Gety,0.0,,0.0,10,0.0,0.0003885944084025539
Gety,2026-06-09,1.0,Gety,0.0,,0.0,11,0.0,0.0003885944084025539
Gety,2026-06-10,1.0,Gety,0.0,,0.0,12,0.0,0.0003885944084025539
Gety,2026-06-11,1.0,Gety,0.0,,0.0,13,0.0,0.0003885944084025539
Gety,2026-06-13,1.0,Gety,0.0,,0.0,14,0.0,0.0003885944084025539
Gety,2026-06-14,1.0,Gety,0.0,,0.0,15,0.0,0.0003885944084025539
Gety,2026-06-15,1.0,Gety,0.0,,0.0,16,0.0,0.0003885944084025539
Gety,2026-06-16,1.0,Gety,0.0,,,17,0.0,0.0003885944084025539
Gety,2026-06-17,1.0,Gety,0.0,,0.0,18,0.0,0.0003885944084025539
Gety,2026-06-18,1.0,Gety,0.0,,0.0,19,0.0,0.0003885944084025539
Gety,2026-06-19,1.0,Gety,0.0,,0.0,20,0.0,0.0003885944084025539
Gety,2026-06-20,1.0,Gety,0.0,,0.0,21,0.0,0.0003885944084025539
Gety,2026-06-21,1.0,Gety,0.0,,0.0,22,0.0,0.0003885944084025539
Gety,2026-06-22,1.0,Gety,0.0,,0.0,23,0.0,0.0003885944084025539
Gety,2026-06-23,1.0,Gety,0.0,,0.0,24,0.0,0.0003885944084025539
Gety,2026-06-24,1.0,Gety,0.0,,0.0,25,0.0,0.0003885944084025539
Gety,2026-06-25,1.0,Gety,0.0,,0.0,26,0.0,0.0003885944084025539
Gety,2026-06-29,1.0,Gety,0.0,,0.0,27,0.0,0.0003885944084025539
Gety,2026-06-30,1.0,Gety,0.0,,0.0,28,0.0,0.0003885944084025539
Gety,2026-07-01,1.0,Gety,0.0,,0.0,29,0.0,0.0003885944084025539
Gety,2026-07-02,1.0,Gety,0.0,,0.0,30,0.0,0.0003885944084025539
Gety,2026-07-03,1.0,Gety,0.0,,0.0,31,0.0,0.0003885944084025539
Gety,2026-07-04,1.0,Gety,0.0,,0.0,32,0.0,0.0003885944084025539
Gety,2026-07-05,1.0,Gety,0.0,,0.0,33,0.0,0.0003885944084025539
Gety,2026-07-06,1.0,Gety,0.0,,0.0,34,0.0,0.0003885944084025539
Gety,2026-07-07,1.0,Gety,0.0,,0.0,35,0.0,0.0003885944084025539
Gety,2026-07-08,1.0,Gety,0.0,,0.0,36,0.0,0.0003885944084025539
Gety,2026-07-09,1.0,Gety,0.0,,0.0,37,0.0,0.0003885944084025539
Gety,2026-07-10,1.0,Gety,0.0,,0.0,38,0.0,0.0003885944084025539
Gety,2026-07-11,1.0,Gety,0.0,,0.0,39,0.0,0.0003885944084025539
Gety,2026-07-13,1.0,Gety,0.0,,0.0,40,0.0,0.0003885944084025539
Gety,2026-07-15,1.0,Gety,0.0,,0.0,41,0.0,0.0003885944084025539
Gety,2026-07-17,1.0,Gety,0.0,,0.0,42,0.0,0.0003885944084025539
Gety,2026-07-18,1.0,Gety,0.0,,0.0,43,0.0,0.0003885944084025539
Gety,2026-07-19,1.0,Gety,0.0,,0.0,44,0.0,0.0003885944084025539
Gety,2026-07-20,1.0,Gety,0.0,,0.0,45,0.0,0.0003885944084025539
Gety,2026-07-22,1.0,Gety,0.0,,0.0,46,0.0,0.0003885944084025539
Gety,2026-07-23,1.0,Gety,0.0,,0.0,47,0.0,0.0003885944084025539
Gety,2026-07-25,1.0,Gety,0.0,,0.0,48,0.0,0.0003885944084025539
Gety,2026-07-26,1.0,Gety,0.0,,0.0,49,0.0,0.0003885944084025539
Gety,2026-07-27,1.0,Gety,0.0,,0.0,50,0.0,0.0003885944084025539
Gethy,2026-07-30,1.0,Gety,0.0,,0.0,51,0.0,0.0003885944084025539
Gethy,2026-07-31,1.0,Gety,0.0,,0.0,52,0.0,0.0003885944084025539
Gethy,2026-08-01,1.0,Gety,0.0,,0.0,53,0.0,0.0003885944084025539
Gethy,2026-08-02,1.0,Gety,0.0,,0.0,54,0.0,0.0003885944084025539
Gethy,2026-08-03,1.0,Gety,0.0,,0.0,55,0.0,0.0003885944084025539
Gethy,2026-08-04,1.0,Gety,0.0,,0.0,56,0.0,0.0003885944084025539
Goma,2026-05-18,1.0,Goma,0.0,,,0,0.0,0.0003885944084025539
Goma,2026-05-19,1.0,Goma,0.0,,,1,0.0,0.0003885944084025539
Goma,2026-05-20,1.0,Goma,0.0,,,2,0.0,0.0003885944084025539
Goma,2026-05-21,1.0,Goma,0.0,,0.0,3,0.0,0.0003885944084025539
Goma,2026-05-22,1.0,Goma,0.0,,0.0,4,0.0,0.0003885944084025539
Goma,2026-05-23,1.0,Goma,0.0,,0.0,5,0.0,0.0003885944084025539
Goma,2026-05-24,1.0,Goma,0.0,,0.0,6,0.0,0.0003885944084025539
Goma,2026-05-25,1.0,Goma,0.0,,0.0,7,0.0,0.0003885944084025539
Goma,2026-05-26,1.0,Goma,0.0,,0.0,8,0.0,0.0003885944084025539
Goma,2026-05-27,1.0,Goma,0.0,,0.0,9,0.0,0.0003885944084025539
Goma,2026-05-28,1.0,Goma,0.0,,0.0,10,0.0,0.0003885944084025539
Goma,2026-05-29,1.0,Goma,0.0,,0.0,11,0.0,0.0003885944084025539
Goma,2026-05-30,1.0,Goma,0.0,,0.0,12,0.0,0.0003885944084025539
Goma,2026-06-01,1.0,Goma,0.0,,0.0,13,0.0,0.0003885944084025539
Goma,2026-06-02,1.0,Goma,0.0,,0.0,14,0.0,0.0003885944084025539
Goma,2026-06-03,1.0,Goma,0.0,,0.0,15,0.0,0.0003885944084025539
Goma,2026-06-04,1.0,Goma,0.0,,0.0,16,0.0,0.0003885944084025539
Goma,2026-06-05,1.0,Goma,0.0,,0.0,17,0.0,0.0003885944084025539
Goma,2026-06-06,1.0,Goma,0.0,,0.0,18,0.0,0.0003885944084025539
Goma,2026-06-07,1.0,Goma,0.0,,0.0,19,0.0,0.0003885944084025539
Goma,2026-06-08,1.0,Goma,0.0,,0.0,20,0.0,0.0003885944084025539
Goma,2026-06-09,1.0,Goma,0.0,,0.0,21,0.0,0.0003885944084025539
Goma,2026-06-10,1.0,Goma,0.0,,0.0,22,0.0,0.0003885944084025539
Goma,2026-06-11,1.0,Goma,0.0,,1.0,23,0.0,0.0003885944084025539
Goma,2026-06-13,1.0,Goma,0.0,,0.0,24,0.0,0.0003885944084025539
Goma,2026-06-14,1.0,Goma,0.0,,0.0,25,0.0,0.0003885944084025539
Goma,2026-06-15,1.0,Goma,0.0,,0.0,26,0.0,0.0003885944084025539
Goma,2026-06-16,1.0,Goma,0.0,,,27,0.0,0.0003885944084025539
Goma,2026-06-17,1.0,Goma,0.0,,0.0,28,0.0,0.0003885944084025539
Goma,2026-06-18,1.0,Goma,0.0,,0.0,29,0.0,0.0003885944084025539
Goma,2026-06-19,1.0,Goma,0.0,,0.0,30,0.0,0.0003885944084025539
Goma,2026-06-20,1.0,Goma,0.0,,0.0,31,0.0,0.0003885944084025539
Goma,2026-06-21,1.0,Goma,0.0,,0.0,32,0.0,0.0003885944084025539
Goma,2026-06-22,1.0,Goma,0.0,,0.0,33,0.0,0.0003885944084025539
Goma,2026-06-23,1.0,Goma,0.0,,0.0,34,0.0,0.0003885944084025539
Goma,2026-06-24,1.0,Goma,0.0,,0.0,35,0.0,0.0003885944084025539
Goma,2026-06-25,1.0,Goma,0.0,,0.0,36,0.0,0.0003885944084025539
Goma,2026-06-29,1.0,Goma,0.0,,0.0,37,0.0,0.0003885944084025539
Goma,2026-06-30,1.0,Goma,0.0,,0.0,38,0.0,0.0003885944084025539
Goma,2026-07-01,1.0,Goma,0.0,,0.0,39,0.0,0.0003885944084025539
Goma,2026-07-02,2.0,Goma,1.0,,0.0,40,0.3333333333333333,-1.4251931756567302
Goma,2026-07-03,1.0,Goma,0.0,,0.0,41,0.3333333333333333,-0.8730765821747752
Goma,2026-07-04,1.0,Goma,0.0,,0.0,42,0.3333333333333333,-0.8730765821747752
Goma,2026-07-05,1.0,Goma,0.0,,0.0,43,0.0,0.0003885944084025539
Goma,2026-07-06,1.0,Goma,0.0,,0.0,44,0.0,0.0003885944084025539
Goma,2026-07-07,1.0,Goma,0.0,,0.0,45,0.0,0.0003885944084025539
Goma,2026-07-08,1.0,Goma,0.0,,0.0,46,0.0,0.0003885944084025539
Goma,2026-07-09,1.0,Goma,0.0,0.0,0.0,47,0.0,0.0003885944084025539
Goma,2026-07-10,1.0,Goma,0.0,0.0,0.0,48,0.0,0.0003885944084025539
Goma,2026-07-11,1.0,Goma,0.0,0.0,0.0,49,0.0,0.0003885944084025539
Goma,2026-07-13,1.0,Goma,0.0,0.0,0.0,50,0.0,0.0003885944084025539
Goma,2026-07-15,1.0,Goma,0.0,0.0,0.0,51,0.0,0.0003885944084025539
Goma,2026-07-17,1.0,Goma,0.0,0.0,0.0,52,0.0,0.0003885944084025539
Goma,2026-07-18,1.0,Goma,0.0,0.0,0.0,53,0.0,0.0003885944084025539
Goma,2026-07-19,1.0,Goma,0.0,,0.0,54,0.0,0.0003885944084025539
Goma,2026-07-20,1.0,Goma,0.0,,0.0,55,0.0,0.0003885944084025539
Goma,2026-07-22,1.0,Goma,0.0,,0.0,56,0.0,0.0003885944084025539
Goma,2026-07-23,1.0,Goma,0.0,,0.0,57,0.0,0.0003885944084025539
Goma,2026-07-25,1.0,Goma,0.0,,0.0,58,0.0,0.0003885944084025539
Goma,2026-07-26,1.0,Goma,0.0,,0.0,59,0.0,0.0003885944084025539
Goma,2026-07-27,1.0,Goma,0.0,,0.0,60,0.0,0.0003885944084025539
Goma,2026-07-30,1.0,Goma,0.0,,0.0,61,0.0,0.0003885944084025539
Goma,2026-07-31,1.0,Goma,0.0,,0.0,62,0.0,0.0003885944084025539
Goma,2026-08-01,1.0,Goma,0.0,,0.0,63,0.0,0.0003885944084025539
Goma,2026-08-02,1.0,Goma,0.0,,0.0,64,0.0,0.0003885944084025539
Goma,2026-08-03,1.0,Goma,0.0,,0.0,65,0.0,0.0003885944084025539
Goma,2026-08-04,1.0,Goma,0.0,,0.0,66,0.0,0.0003885944084025539
Kalunguta,2026-05-24,1.0,Kalunguta,0.0,,,0,0.0,0.0003885944084025539
Kalunguta,2026-05-25,1.0,Kalunguta,0.0,,,1,0.0,0.0003885944084025539
Kalunguta,2026-05-26,1.0,Kalunguta,0.0,,,2,0.0,0.0003885944084025539
Kalunguta,2026-05-27,2.0,Kalunguta,1.0,,,3,0.3333333333333333,-1.4251931756567302
Kalunguta,2026-05-28,1.0,Kalunguta,0.0,,1.0,4,0.3333333333333333,-0.8730765821747752
Kalunguta,2026-05-29,1.0,Kalunguta,0.0,,1.0,5,0.3333333333333333,-0.8730765821747752
Kalunguta,2026-05-30,1.0,Kalunguta,0.0,,1.0,6,0.0,0.0003885944084025539
Kalunguta,2026-06-01,1.0,Kalunguta,0.0,,1.0,7,0.0,0.0003885944084025539
Kalunguta,2026-06-02,1.0,Kalunguta,0.0,,1.0,8,0.0,0.0003885944084025539
Kalunguta,2026-06-03,1.0,Kalunguta,0.0,,1.0,9,0.0,0.0003885944084025539
Kalunguta,2026-06-04,1.0,Kalunguta,0.0,0.0,1.0,10,0.0,0.0003885944084025539
Kalunguta,2026-06-05,1.0,Kalunguta,0.0,0.0,1.0,11,0.0,0.0003885944084025539
Kalunguta,2026-06-06,1.0,Kalunguta,0.0,0.0,1.0,12,0.0,0.0003885944084025539
Kalunguta,2026-06-07,1.0,Kalunguta,0.0,0.0,1.0,13,0.0,0.0003885944084025539
Kalunguta,2026-06-08,1.0,Kalunguta,0.0,0.0,1.0,14,0.0,0.0003885944084025539
Kalunguta,2026-06-09,1.0,Kalunguta,0.0,0.0,1.0,15,0.0,0.0003885944084025539
Kalunguta,2026-06-10,1.0,Kalunguta,0.0,0.0,1.0,16,0.0,0.0003885944084025539
Kalunguta,2026-06-11,1.0,Kalunguta,0.0,,1.0,17,0.0,0.0003885944084025539
Kalunguta,2026-06-13,1.0,Kalunguta,0.0,,1.0,18,0.0,0.0003885944084025539
Kalunguta,2026-06-14,1.0,Kalunguta,0.0,,1.0,19,0.0,0.0003885944084025539
Kalunguta,2026-06-15,1.0,Kalunguta,0.0,,1.0,20,0.0,0.0003885944084025539
Kalunguta,2026-06-16,2.0,Kalunguta,1.0,,,21,0.3333333333333333,-1.4251931756567302
Kalunguta,2026-06-17,2.0,Kalunguta,0.0,,1.0,22,0.3333333333333333,-0.8730765821747752
Kalunguta,2026-06-18,2.0,Kalunguta,0.0,,1.0,23,0.3333333333333333,-0.8730765821747752
Kalunguta,2026-06-19,2.0,Kalunguta,0.0,,1.0,24,0.0,0.0003885944084025539
Kalunguta,2026-06-20,2.0,Kalunguta,0.0,,1.0,25,0.0,0.0003885944084025539
Kalunguta,2026-06-21,2.0,Kalunguta,0.0,,1.0,26,0.0,0.0003885944084025539
Kalunguta,2026-06-22,2.0,Kalunguta,0.0,,1.0,27,0.0,0.0003885944084025539
Kalunguta,2026-06-23,2.0,Kalunguta,0.0,0.0,1.0,28,0.0,0.0003885944084025539
Kalunguta,2026-06-24,2.0,Kalunguta,0.0,0.0,1.0,29,0.0,0.0003885944084025539
Kalunguta,2026-06-25,2.0,Kalunguta,0.0,0.0,1.0,30,0.0,0.0003885944084025539
Kalunguta,2026-06-29,2.0,Kalunguta,0.0,0.0,1.0,31,0.0,0.0003885944084025539
Kalunguta,2026-06-30,2.0,Kalunguta,0.0,0.0,1.0,32,0.0,0.0003885944084025539
Kalunguta,2026-07-01,2.0,Kalunguta,0.0,0.0,1.0,33,0.0,0.0003885944084025539
Kalunguta,2026-07-02,2.0,Kalunguta,0.0,0.0,1.0,34,0.0,0.0003885944084025539
Kalunguta,2026-07-03,2.0,Kalunguta,0.0,,1.0,35,0.0,0.0003885944084025539
Kalunguta,2026-07-04,2.0,Kalunguta,0.0,,1.0,36,0.0,0.0003885944084025539
Kalunguta,2026-07-05,2.0,Kalunguta,0.0,,1.0,37,0.0,0.0003885944084025539
Kalunguta,2026-07-06,2.0,Kalunguta,0.0,,1.0,38,0.0,0.0003885944084025539
Kalunguta,2026-07-07,2.0,Kalunguta,0.0,,1.0,39,0.0,0.0003885944084025539
Kalunguta,2026-07-08,2.0,Kalunguta,0.0,,1.0,40,0.0,0.0003885944084025539
Kalunguta,2026-07-09,2.0,Kalunguta,0.0,,1.0,41,0.0,0.0003885944084025539
Kalunguta,2026-07-10,2.0,Kalunguta,0.0,,1.0,42,0.0,0.0003885944084025539
Kalunguta,2026-07-11,2.0,Kalunguta,0.0,,1.0,43,0.0,0.0003885944084025539
Kalunguta,2026-07-13,2.0,Kalunguta,0.0,,1.0,44,0.0,0.0003885944084025539
Kalunguta,2026-07-15,2.0,Kalunguta,0.0,,1.0,45,0.0,0.0003885944084025539
Kalunguta,2026-07-17,2.0,Kalunguta,0.0,,1.0,46,0.0,0.0003885944084025539
Kalunguta,2026-07-18,2.0,Kalunguta,0.0,,1.0,47,0.0,0.0003885944084025539
Kalunguta,2026-07-19,2.0,Kalunguta,0.0,,1.0,48,0.0,0.0003885944084025539
Kalunguta,2026-07-20,2.0,Kalunguta,0.0,,1.0,49,0.0,0.0003885944084025539
Kalunguta,2026-07-22,4.0,Kalunguta,2.0,,3.0,50,0.6666666666666666,-1.2757418637367692
Kalunguta,2026-07-23,4.0,Kalunguta,0.0,,3.0,51,0.6666666666666666,-1.3769433595928646
Kalunguta,2026-07-25,4.0,Kalunguta,0.0,,3.0,52,0.6666666666666666,-1.3769433595928646
Kalunguta,2026-07-26,5.0,Kalunguta,1.0,,3.0,53,0.3333333333333333,-1.4251931756567302
Kalunguta,2026-07-27,5.0,Kalunguta,0.0,,3.0,54,0.3333333333333333,-0.8730765821747752
Kalunguta,2026-07-30,5.0,Kalunguta,0.0,,3.0,55,0.3333333333333333,-0.8730765821747752
Kalunguta,2026-07-31,6.0,Kalunguta,1.0,,3.0,56,0.3333333333333333,-1.4251931756567302
Kalunguta,2026-08-01,6.0,Kalunguta,0.0,1.0,3.0,57,0.3333333333333333,-0.8730765821747752
Kalunguta,2026-08-02,7.0,Kalunguta,1.0,1.5,4.0,58,0.6666666666666666,-2.094588153870461
Kalunguta,2026-08-03,7.0,Kalunguta,0.0,1.5,4.0,59,0.3333333333333333,-0.8730765821747752
Kalunguta,2026-08-04,8.0,Kalunguta,1.0,1.0,4.0,60,0.6666666666666666,-2.094588153870461
Kambala,2026-06-10,1.0,Kambala,0.0,,1.0,0,0.0,0.0003885944084025539
Kambala,2026-06-11,1.0,Kambala,0.0,,1.0,1,0.0,0.0003885944084025539
Kambala,2026-06-13,1.0,Kambala,0.0,,1.0,2,0.0,0.0003885944084025539
Kambala,2026-06-14,1.0,Kambala,0.0,,1.0,3,0.0,0.0003885944084025539
Kambala,2026-06-15,1.0,Kambala,0.0,,1.0,4,0.0,0.0003885944084025539
Kambala,2026-06-16,1.0,Kambala,0.0,,,5,0.0,0.0003885944084025539
Kambala,2026-06-17,1.0,Kambala,0.0,,1.0,6,0.0,0.0003885944084025539
Kambala,2026-06-18,1.0,Kambala,0.0,,1.0,7,0.0,0.0003885944084025539
Kambala,2026-06-19,1.0,Kambala,0.0,,1.0,8,0.0,0.0003885944084025539
Kambala,2026-06-20,1.0,Kambala,0.0,,1.0,9,0.0,0.0003885944084025539
Kambala,2026-06-21,1.0,Kambala,0.0,,1.0,10,0.0,0.0003885944084025539
Kambala,2026-06-22,1.0,Kambala,0.0,,1.0,11,0.0,0.0003885944084025539
Kambala,2026-06-23,1.0,Kambala,0.0,,1.0,12,0.0,0.0003885944084025539
Kambala,2026-06-24,1.0,Kambala,0.0,,1.0,13,0.0,0.0003885944084025539
Kambala,2026-06-25,1.0,Kambala,0.0,,1.0,14,0.0,0.0003885944084025539
Kambala,2026-06-29,1.0,Kambala,0.0,,1.0,15,0.0,0.0003885944084025539
Kambala,2026-06-30,2.0,Kambala,1.0,,2.0,16,0.3333333333333333,-1.4251931756567302
Kambala,2026-07-01,2.0,Kambala,0.0,,2.0,17,0.3333333333333333,-0.8730765821747752
Kambala,2026-07-02,2.0,Kambala,0.0,,2.0,18,0.3333333333333333,-0.8730765821747752
Kambala,2026-07-03,2.0,Kambala,0.0,,2.0,19,0.0,0.0003885944084025539
Kambala,2026-07-04,2.0,Kambala,0.0,,2.0,20,0.0,0.0003885944084025539
Kambala,2026-07-05,2.0,Kambala,0.0,,2.0,21,0.0,0.0003885944084025539
Kambala,2026-07-06,2.0,Kambala,0.0,,2.0,22,0.0,0.0003885944084025539
Kambala,2026-07-07,2.0,Kambala,0.0,0.0,2.0,23,0.0,0.0003885944084025539
Kambala,2026-07-08,2.0,Kambala,0.0,0.0,2.0,24,0.0,0.0003885944084025539
Kambala,2026-07-09,2.0,Kambala,0.0,0.0,2.0,25,0.0,0.0003885944084025539
Kambala,2026-07-10,2.0,Kambala,0.0,0.0,2.0,26,0.0,0.0003885944084025539
Kambala,2026-07-11,2.0,Kambala,0.0,0.0,2.0,27,0.0,0.0003885944084025539
Kambala,2026-07-13,2.0,Kambala,0.0,0.0,2.0,28,0.0,0.0003885944084025539
Kambala,2026-07-15,2.0,Kambala,0.0,0.0,2.0,29,0.0,0.0003885944084025539
Kambala,2026-07-17,2.0,Kambala,0.0,,2.0,30,0.0,0.0003885944084025539
Kambala,2026-07-18,2.0,Kambala,0.0,,2.0,31,0.0,0.0003885944084025539
Kambala,2026-07-19,2.0,Kambala,0.0,,2.0,32,0.0,0.0003885944084025539
Kambala,2026-07-20,2.0,Kambala,0.0,,2.0,33,0.0,0.0003885944084025539
Kambala,2026-07-22,2.0,Kambala,0.0,,0.0,34,0.0,0.0003885944084025539
Kambala,2026-07-23,2.0,Kambala,0.0,,0.0,35,0.0,0.0003885944084025539
Kambala,2026-07-25,2.0,Kambala,0.0,,0.0,36,0.0,0.0003885944084025539
Kambala,2026-07-26,2.0,Kambala,0.0,,0.0,37,0.0,0.0003885944084025539
Kambala,2026-07-27,2.0,Kambala,0.0,,0.0,38,0.0,0.0003885944084025539
Kambala,2026-07-30,2.0,Kambala,0.0,,0.0,39,0.0,0.0003885944084025539
Kambala,2026-07-31,2.0,Kambala,0.0,,0.0,40,0.0,0.0003885944084025539
Kambala,2026-08-01,2.0,Kambala,0.0,,0.0,41,0.0,0.0003885944084025539
Kambala,2026-08-02,2.0,Kambala,0.0,,0.0,42,0.0,0.0003885944084025539
Kambala,2026-08-03,2.0,Kambala,0.0,,0.0,43,0.0,0.0003885944084025539
Kambala,2026-08-04,2.0,Kambala,0.0,,0.0,44,0.0,0.0003885944084025539
Katwa,2026-05-18,1.0,Katwa,0.0,,,0,0.0,0.0003885944084025539
Katwa,2026-05-19,1.0,Katwa,0.0,,,1,0.0,0.0003885944084025539
Katwa,2026-05-20,1.0,Katwa,0.0,,,2,0.0,0.0003885944084025539
Katwa,2026-05-21,1.0,Katwa,0.0,,0.0,3,0.0,0.0003885944084025539
Katwa,2026-05-22,0.0,Katwa,0.0,,0.0,4,0.0,0.0003885944084025539
Katwa,2026-05-23,4.0,Katwa,4.0,,0.0,5,1.3333333333333333,1.8035082870597936
Katwa,2026-05-24,4.0,Katwa,0.0,,0.0,6,1.3333333333333333,-1.4297595964480365
Katwa,2026-05-25,4.0,Katwa,0.0,,,7,1.3333333333333333,-1.4297595964480365
Katwa,2026-05-27,4.0,Katwa,0.0,,0.0,8,0.0,0.0003885944084025539
Katwa,2026-05-28,4.0,Katwa,0.0,,3.0,9,0.0,0.0003885944084025539
Katwa,2026-05-29,4.0,Katwa,0.0,,3.0,10,0.0,0.0003885944084025539
Katwa,2026-05-30,4.0,Katwa,0.0,,3.0,11,0.0,0.0003885944084025539
Katwa,2026-06-01,7.0,Katwa,3.0,0.75,5.0,12,1.0,-0.00012951072800149177
Katwa,2026-06-02,7.0,Katwa,0.0,0.75,5.0,13,1.0,-1.5436957073615716
Katwa,2026-06-03,7.0,Katwa,0.0,0.75,5.0,14,1.0,-1.5436957073615716
Katwa,2026-06-04,11.0,Katwa,4.0,1.75,7.0,15,1.3333333333333333,1.8035082870597936
Katwa,2026-06-05,11.0,Katwa,0.0,1.75,7.0,16,1.3333333333333333,-1.4297595964480365
Katwa,2026-06-06,11.0,Katwa,0.0,1.75,8.0,17,1.3333333333333333,-1.4297595964480365
Katwa,2026-06-07,11.0,Katwa,0.0,1.75,8.0,18,0.0,0.0003885944084025539
Katwa,2026-06-08,12.0,Katwa,1.0,1.6666666666666667,8.0,19,0.3333333333333333,-1.4251931756567302
Katwa,2026-06-09,12.0,Katwa,0.0,1.6666666666666667,8.0,20,0.3333333333333333,-0.8730765821747752
Katwa,2026-06-10,18.0,Katwa,6.0,3.6666666666666665,10.0,21,2.3333333333333335,5.091177527853446
Katwa,2026-06-11,16.0,Katwa,0.0,1.0,9.0,22,2.0,-0.6101078696110918
Katwa,2026-06-13,21.0,Katwa,5.0,1.7142857142857142,12.0,23,3.6666666666666665,5.020669015056628
Katwa,2026-06-14,25.0,Katwa,4.0,2.2857142857142856,16.0,24,3.0,2.274102231014151
Katwa,2026-06-15,25.0,Katwa,0.0,2.2857142857142856,16.0,25,3.0,1.5342897320051847
Katwa,2026-06-16,23.0,Katwa,0.0,3.0,,26,1.3333333333333333,-1.4297595964480365
Katwa,2026-06-17,24.0,Katwa,1.0,3.2,16.0,27,0.3333333333333333,-1.4251931756567302
Katwa,2026-06-18,24.0,Katwa,0.0,0.9090909090909092,16.0,28,0.3333333333333333,-0.8730765821747752
Katwa,2026-06-19,26.0,Katwa,2.0,1.7142857142857142,16.0,29,1.0,-1.780933853258734
Katwa,2026-06-20,28.0,Katwa,2.0,0.75,17.0,30,1.3333333333333333,-1.980445902168082
Katwa,2026-06-21,31.0,Katwa,3.0,0.5,19.0,31,2.3333333333333335,-0.1492611052797841
Katwa,2026-06-22,32.0,Katwa,1.0,0.5625,19.0,32,2.0,-1.760004808930578
Katwa,2026-06-23,32.0,Katwa,0.0,0.6,19.0,33,1.3333333333333333,-1.4297595964480365
Katwa,2026-06-24,33.0,Katwa,1.0,0.5625,20.0,34,0.6666666666666666,-2.094588153870461
Katwa,2026-06-25,35.0,Katwa,2.0,1.1,22.0,35,1.0,-1.780933853258734
Katwa,2026-06-29,45.0,Katwa,10.0,1.5833333333333333,27.0,36,4.333333333333333,11.65369428987402
Katwa,2026-06-30,47.0,Katwa,2.0,2.111111111111111,33.0,37,4.666666666666667,6.837304160388641
Katwa,2026-07-01,49.0,Katwa,2.0,2.25,33.0,38,4.666666666666667,6.837304160388641
Katwa,2026-07-02,51.0,Katwa,2.0,2.111111111111111,35.0,39,2.0,-1.6146398312245296
Katwa,2026-07-03,51.0,Katwa,0.0,2.111111111111111,37.0,40,1.3333333333333333,-1.4297595964480365
Katwa,2026-07-04,52.0,Katwa,1.0,2.111111111111111,38.0,41,1.0,-2.4141408616472937
Katwa,2026-07-05,52.0,Katwa,0.0,1.5454545454545454,38.0,42,0.3333333333333333,-0.8730765821747752
Katwa,2026-07-06,56.0,Katwa,4.0,0.5789473684210527,41.0,43,1.6666666666666667,1.417288206080162
Katwa,2026-07-07,61.0,Katwa,5.0,0.7368421052631579,41.0,44,3.0,3.6215717484982033
Katwa,2026-07-08,61.0,Katwa,0.0,0.6666666666666666,41.0,45,3.0,1.5342897320051847
Katwa,2026-07-09,66.0,Katwa,5.0,0.7894736842105263,45.0,46,3.3333333333333335,4.210729480991267
Katwa,2026-07-10,67.0,Katwa,1.0,0.8421052631578947,45.0,47,2.0,-1.760004808930578
Katwa,2026-07-11,71.0,Katwa,4.0,1.0,47.0,48,3.3333333333333335,3.0587221468453087
Katwa,2026-07-13,76.0,Katwa,5.0,1.411764705882353,55.0,49,3.3333333333333335,4.210729480991267
Katwa,2026-07-15,82.0,Katwa,6.0,2.363636363636364,59.0,50,5.0,10.09112313195205
Katwa,2026-07-17,92.0,Katwa,10.0,2.2142857142857144,67.0,51,7.0,16.15587358832235
Katwa,2026-07-18,98.0,Katwa,6.0,3.083333333333333,71.0,52,7.333333333333333,16.17306203973277
Katwa,2026-07-19,104.0,Katwa,6.0,2.533333333333333,72.0,53,7.333333333333333,16.17306203973277
Katwa,2026-07-20,108.0,Katwa,4.0,2.5625,74.0,54,5.333333333333333,10.612224860979492
Katwa,2026-07-22,121.0,Katwa,13.0,2.631578947368421,77.0,55,7.666666666666667,17.317976580528
Katwa,2026-07-23,133.0,Katwa,12.0,2.375,85.0,56,9.666666666666666,17.698321309586422
Katwa,2026-07-25,138.0,Katwa,5.0,2.1538461538461537,90.0,57,10.0,17.065283679926075
Katwa,2026-07-26,140.0,Katwa,2.0,1.5483870967741935,88.0,58,6.333333333333333,13.591742553000927
Katwa,2026-07-27,145.0,Katwa,5.0,1.2702702702702702,91.0,59,4.0,6.020486275729688
Katwa,2026-07-30,166.0,Katwa,21.0,1.631578947368421,100.0,60,9.333333333333334,17.621467373532504
Katwa,2026-07-31,168.0,Katwa,2.0,1.4634146341463414,102.0,61,9.333333333333334,15.685725181252863
Katwa,2026-08-01,180.0,Katwa,12.0,1.18,108.0,62,11.666666666666666,17.740792932236296
Katwa,2026-08-02,186.0,Katwa,6.0,0.9298245614035088,122.0,63,6.666666666666667,15.035694766596192
Katwa,2026-08-03,195.0,Katwa,9.0,1.0178571428571428,125.0,64,9.0,17.50606350410544
Katwa,2026-08-04,200.0,Katwa,5.0,1.25,129.0,65,6.666666666666667,14.974512830475035
Kilo,2026-05-21,1.0,Kilo,0.0,,0.0,0,0.0,0.0003885944084025539
Kilo,2026-05-22,1.0,Kilo,0.0,,0.0,1,0.0,0.0003885944084025539
Kilo,2026-05-23,1.0,Kilo,0.0,,0.0,2,0.0,0.0003885944084025539
Kilo,2026-05-24,1.0,Kilo,0.0,,0.0,3,0.0,0.0003885944084025539
Kilo,2026-05-25,1.0,Kilo,0.0,,0.0,4,0.0,0.0003885944084025539
Kilo,2026-05-26,1.0,Kilo,0.0,,0.0,5,0.0,0.0003885944084025539
Kilo,2026-05-27,1.0,Kilo,0.0,,0.0,6,0.0,0.0003885944084025539
Kilo,2026-05-28,2.0,Kilo,1.0,,0.0,7,0.3333333333333333,-1.4251931756567302
Kilo,2026-05-29,2.0,Kilo,0.0,,0.0,8,0.3333333333333333,-0.8730765821747752
Kilo,2026-05-30,2.0,Kilo,0.0,,0.0,9,0.3333333333333333,-0.8730765821747752
Kilo,2026-06-01,2.0,Kilo,0.0,,0.0,10,0.0,0.0003885944084025539
Kilo,2026-06-02,2.0,Kilo,0.0,,0.0,11,0.0,0.0003885944084025539
Kilo,2026-06-03,2.0,Kilo,0.0,,0.0,12,0.0,0.0003885944084025539
Kilo,2026-06-04,3.0,Kilo,1.0,,1.0,13,0.3333333333333333,-1.4251931756567302
Kilo,2026-06-05,4.0,Kilo,1.0,2.0,1.0,14,0.6666666666666666,-2.094588153870461
Kilo,2026-06-06,4.0,Kilo,0.0,2.0,1.0,15,0.6666666666666666,-1.3769433595928646
Kilo,2026-06-07,4.0,Kilo,0.0,2.0,1.0,16,0.3333333333333333,-0.8730765821747752
Kilo,2026-06-08,4.0,Kilo,0.0,2.0,1.0,17,0.0,0.0003885944084025539
Kilo,2026-06-09,4.0,Kilo,0.0,2.0,1.0,18,0.0,0.0003885944084025539
Kilo,2026-06-10,4.0,Kilo,0.0,2.0,1.0,19,0.0,0.0003885944084025539
Kilo,2026-06-11,4.0,Kilo,0.0,0.5,1.0,20,0.0,0.0003885944084025539
Kilo,2026-06-13,4.0,Kilo,0.0,0.0,1.0,21,0.0,0.0003885944084025539
Kilo,2026-06-14,4.0,Kilo,0.0,0.0,1.0,22,0.0,0.0003885944084025539
Kilo,2026-06-15,4.0,Kilo,0.0,0.0,1.0,23,0.0,0.0003885944084025539
Kilo,2026-06-16,4.0,Kilo,0.0,0.0,,24,0.0,0.0003885944084025539
Kilo,2026-06-17,7.0,Kilo,3.0,1.5,1.0,25,1.0,-0.00012951072800149177
Kilo,2026-06-18,7.0,Kilo,0.0,1.5,1.0,26,1.0,-1.5436957073615716
Kilo,2026-06-19,7.0,Kilo,0.0,3.0,1.0,27,1.0,-1.5436957073615716
Kilo,2026-06-20,7.0,Kilo,0.0,,1.0,28,0.0,0.0003885944084025539
Kilo,2026-06-21,7.0,Kilo,0.0,,1.0,29,0.0,0.0003885944084025539
Kilo,2026-06-22,7.0,Kilo,0.0,,1.0,30,0.0,0.0003885944084025539
Kilo,2026-06-23,7.0,Kilo,0.0,,1.0,31,0.0,0.0003885944084025539
Kilo,2026-06-24,9.0,Kilo,2.0,0.6666666666666666,1.0,32,0.6666666666666666,-1.2757418637367692
Kilo,2026-06-25,9.0,Kilo,0.0,0.6666666666666666,1.0,33,0.6666666666666666,-1.3769433595928646
Kilo,2026-06-29,9.0,Kilo,0.0,0.6666666666666666,1.0,34,0.6666666666666666,-1.3769433595928646
Kilo,2026-06-30,9.0,Kilo,0.0,0.6666666666666666,1.0,35,0.0,0.0003885944084025539
Kilo,2026-07-01,9.0,Kilo,0.0,0.6666666666666666,1.0,36,0.0,0.0003885944084025539
Kilo,2026-07-02,9.0,Kilo,0.0,0.6666666666666666,1.0,37,0.0,0.0003885944084025539
Kilo,2026-07-03,9.0,Kilo,0.0,0.6666666666666666,1.0,38,0.0,0.0003885944084025539
Kilo,2026-07-04,9.0,Kilo,0.0,0.0,1.0,39,0.0,0.0003885944084025539
Kilo,2026-07-05,9.0,Kilo,0.0,0.0,1.0,40,0.0,0.0003885944084025539
Kilo,2026-07-06,9.0,Kilo,0.0,0.0,1.0,41,0.0,0.0003885944084025539
Kilo,2026-07-07,9.0,Kilo,0.0,0.0,1.0,42,0.0,0.0003885944084025539
Kilo,2026-07-08,9.0,Kilo,0.0,0.0,1.0,43,0.0,0.0003885944084025539
Kilo,2026-07-09,9.0,Kilo,0.0,0.0,1.0,44,0.0,0.0003885944084025539
Kilo,2026-07-10,9.0,Kilo,0.0,0.0,1.0,45,0.0,0.0003885944084025539
Kilo,2026-07-11,9.0,Kilo,0.0,,1.0,46,0.0,0.0003885944084025539
Kilo,2026-07-13,9.0,Kilo,0.0,,1.0,47,0.0,0.0003885944084025539
Kilo,2026-07-15,10.0,Kilo,1.0,,2.0,48,0.3333333333333333,-1.4251931756567302
Kilo,2026-07-17,11.0,Kilo,1.0,,3.0,49,0.6666666666666666,-2.094588153870461
Kilo,2026-07-18,11.0,Kilo,0.0,,3.0,50,0.6666666666666666,-1.3769433595928646
Kilo,2026-07-19,11.0,Kilo,0.0,,3.0,51,0.3333333333333333,-0.8730765821747752
Kilo,2026-07-20,11.0,Kilo,0.0,,3.0,52,0.0,0.0003885944084025539
Kilo,2026-07-22,23.0,Kilo,12.0,,11.0,53,4.0,13.637123363359693
Kilo,2026-07-23,23.0,Kilo,0.0,,11.0,54,4.0,4.746380806986442
Kilo,2026-07-25,23.0,Kilo,0.0,13.0,11.0,55,4.0,4.746380806986442
Kilo,2026-07-26,23.0,Kilo,0.0,6.0,11.0,56,0.0,0.0003885944084025539
Kilo,2026-07-27,28.0,Kilo,5.0,8.5,11.0,57,1.6666666666666667,3.686769681237701
Kilo,2026-07-30,29.0,Kilo,1.0,9.0,11.0,58,2.0,-1.760004808930578
Kilo,2026-07-31,29.0,Kilo,0.0,9.0,11.0,59,2.0,-0.6101078696110918
Kilo,2026-08-01,29.0,Kilo,0.0,0.4285714285714285,11.0,60,0.3333333333333333,-0.8730765821747752
Kilo,2026-08-02,29.0,Kilo,0.0,0.4285714285714285,11.0,61,0.0,0.0003885944084025539
Kilo,2026-08-03,29.0,Kilo,0.0,0.4615384615384615,11.0,62,0.0,0.0003885944084025539
Kilo,2026-08-04,29.0,Kilo,0.0,0.5,11.0,63,0.0,0.0003885944084025539
Komanda,2026-05-28,1.0,Komanda,0.0,,1.0,0,0.0,0.0003885944084025539
Komanda,2026-05-29,1.0,Komanda,0.0,,0.0,1,0.0,0.0003885944084025539
Komanda,2026-05-30,1.0,Komanda,0.0,,0.0,2,0.0,0.0003885944084025539
Komanda,2026-06-01,1.0,Komanda,0.0,,0.0,3,0.0,0.0003885944084025539
Komanda,2026-06-02,1.0,Komanda,0.0,,0.0,4,0.0,0.0003885944084025539
Komanda,2026-06-03,1.0,Komanda,0.0,,0.0,5,0.0,0.0003885944084025539
Komanda,2026-06-04,3.0,Komanda,2.0,,0.0,6,0.6666666666666666,-1.2757418637367692
Komanda,2026-06-05,3.0,Komanda,0.0,,0.0,7,0.6666666666666666,-1.3769433595928646
Komanda,2026-06-06,3.0,Komanda,0.0,,0.0,8,0.6666666666666666,-1.3769433595928646
Komanda,2026-06-07,3.0,Komanda,0.0,,0.0,9,0.0,0.0003885944084025539
Komanda,2026-06-08,3.0,Komanda,0.0,,0.0,10,0.0,0.0003885944084025539
Komanda,2026-06-09,3.0,Komanda,0.0,,0.0,11,0.0,0.0003885944084025539
Komanda,2026-06-10,3.0,Komanda,0.0,,0.0,12,0.0,0.0003885944084025539
Komanda,2026-06-11,3.0,Komanda,0.0,0.0,0.0,13,0.0,0.0003885944084025539
Komanda,2026-06-13,6.0,Komanda,3.0,1.5,0.0,14,1.0,-0.00012951072800149177
Komanda,2026-06-14,6.0,Komanda,0.0,1.5,0.0,15,1.0,-1.5436957073615716
Komanda,2026-06-15,7.0,Komanda,1.0,2.0,1.0,16,1.3333333333333333,-2.4283795635449046
Komanda,2026-06-16,7.0,Komanda,0.0,2.0,,17,0.3333333333333333,-0.8730765821747752
Komanda,2026-06-17,10.0,Komanda,3.0,3.5,3.0,18,1.3333333333333333,-0.41670801806299096
Komanda,2026-06-18,10.0,Komanda,0.0,3.5,3.0,19,1.0,-1.5436957073615716
Komanda,2026-06-19,10.0,Komanda,0.0,,3.0,20,1.0,-1.5436957073615716
Komanda,2026-06-20,10.0,Komanda,0.0,1.3333333333333333,3.0,21,0.0,0.0003885944084025539
Komanda,2026-06-21,10.0,Komanda,0.0,1.3333333333333333,3.0,22,0.0,0.0003885944084025539
Komanda,2026-06-22,10.0,Komanda,0.0,0.75,3.0,23,0.0,0.0003885944084025539
Komanda,2026-06-23,13.0,Komanda,3.0,1.5,3.0,24,1.0,-0.00012951072800149177
Komanda,2026-06-24,13.0,Komanda,0.0,0.4285714285714285,3.0,25,1.0,-1.5436957073615716
Komanda,2026-06-25,13.0,Komanda,0.0,0.4285714285714285,3.0,26,1.0,-1.5436957073615716
Komanda,2026-06-29,16.0,Komanda,3.0,0.8571428571428571,5.0,27,1.0,-0.00012951072800149177
Komanda,2026-06-30,18.0,Komanda,2.0,2.0,5.0,28,1.6666666666666667,-1.9119242024307646
Komanda,2026-07-01,19.0,Komanda,1.0,2.25,5.0,29,2.0,-1.760004808930578
Komanda,2026-07-02,19.0,Komanda,0.0,3.0,5.0,30,1.0,-1.5436957073615716
Komanda,2026-07-03,19.0,Komanda,0.0,1.0,5.0,31,0.3333333333333333,-0.8730765821747752
Komanda,2026-07-04,22.0,Komanda,3.0,3.0,8.0,32,1.0,-0.00012951072800149177
Komanda,2026-07-05,22.0,Komanda,0.0,3.0,8.0,33,1.0,-1.5436957073615716
Komanda,2026-07-06,23.0,Komanda,1.0,1.1666666666666667,8.0,34,1.3333333333333333,-2.4283795635449046
Komanda,2026-07-07,23.0,Komanda,0.0,0.625,8.0,35,0.3333333333333333,-0.8730765821747752
Komanda,2026-07-08,23.0,Komanda,0.0,0.4444444444444444,8.0,36,0.3333333333333333,-0.8730765821747752
Komanda,2026-07-09,25.0,Komanda,2.0,0.6666666666666666,8.0,37,0.6666666666666666,-1.2757418637367692
Komanda,2026-07-10,25.0,Komanda,0.0,1.0,8.0,38,0.6666666666666666,-1.3769433595928646
Komanda,2026-07-11,27.0,Komanda,2.0,0.5555555555555556,8.0,39,1.3333333333333333,-1.980445902168082
Komanda,2026-07-13,27.0,Komanda,0.0,0.5555555555555556,10.0,40,0.6666666666666666,-1.3769433595928646
Komanda,2026-07-15,27.0,Komanda,0.0,0.5714285714285714,10.0,41,0.6666666666666666,-1.3769433595928646
Komanda,2026-07-17,27.0,Komanda,0.0,0.8,10.0,42,0.0,0.0003885944084025539
Komanda,2026-07-18,27.0,Komanda,0.0,1.0,10.0,43,0.0,0.0003885944084025539
Komanda,2026-07-19,27.0,Komanda,0.0,0.3333333333333333,10.0,44,0.0,0.0003885944084025539
Komanda,2026-07-20,27.0,Komanda,0.0,0.3333333333333333,11.0,45,0.0,0.0003885944084025539
Komanda,2026-07-22,30.0,Komanda,3.0,0.6,21.0,46,1.0,-0.00012951072800149177
Komanda,2026-07-23,33.0,Komanda,3.0,1.2,22.0,47,2.0,-0.47169610694086117
Komanda,2026-07-25,35.0,Komanda,2.0,2.0,24.0,48,2.6666666666666665,-0.4485710506626539
Komanda,2026-07-26,35.0,Komanda,0.0,2.0,24.0,49,1.6666666666666667,-1.0995592185456076
Komanda,2026-07-27,36.0,Komanda,1.0,2.25,25.0,50,1.0,-2.4141408616472937
Komanda,2026-07-30,36.0,Komanda,0.0,4.5,25.0,51,0.3333333333333333,-0.8730765821747752
Komanda,2026-07-31,36.0,Komanda,0.0,4.5,25.0,52,0.3333333333333333,-0.8730765821747752
Komanda,2026-08-01,37.0,Komanda,1.0,2.333333333333333,27.0,53,0.3333333333333333,-1.4251931756567302
Komanda,2026-08-02,37.0,Komanda,0.0,0.6666666666666666,27.0,54,0.3333333333333333,-0.8730765821747752
Komanda,2026-08-03,38.0,Komanda,1.0,0.375,27.0,55,0.6666666666666666,-2.094588153870461
Komanda,2026-08-04,38.0,Komanda,0.0,0.375,27.0,56,0.3333333333333333,-0.8730765821747752
Kyondo,2026-05-25,1.0,Kyondo,0.0,,,0,0.0,0.0003885944084025539
Kyondo,2026-05-26,1.0,Kyondo,0.0,,,1,0.0,0.0003885944084025539
Kyondo,2026-05-28,1.0,Kyondo,0.0,,0.0,2,0.0,0.0003885944084025539
Kyondo,2026-05-29,1.0,Kyondo,0.0,,0.0,3,0.0,0.0003885944084025539
Kyondo,2026-05-30,1.0,Kyondo,0.0,,0.0,4,0.0,0.0003885944084025539
Kyondo,2026-06-01,1.0,Kyondo,0.0,,0.0,5,0.0,0.0003885944084025539
Kyondo,2026-06-02,1.0,Kyondo,0.0,,0.0,6,0.0,0.0003885944084025539
Kyondo,2026-06-03,1.0,Kyondo,0.0,,0.0,7,0.0,0.0003885944084025539
Kyondo,2026-06-04,1.0,Kyondo,0.0,,0.0,8,0.0,0.0003885944084025539
Kyondo,2026-06-05,1.0,Kyondo,0.0,,0.0,9,0.0,0.0003885944084025539
Kyondo,2026-06-06,1.0,Kyondo,0.0,,0.0,10,0.0,0.0003885944084025539
Kyondo,2026-06-07,1.0,Kyondo,0.0,,0.0,11,0.0,0.0003885944084025539
Kyondo,2026-06-08,1.0,Kyondo,0.0,,0.0,12,0.0,0.0003885944084025539
Kyondo,2026-06-09,1.0,Kyondo,0.0,,0.0,13,0.0,0.0003885944084025539
Kyondo,2026-06-10,2.0,Kyondo,1.0,,0.0,14,0.3333333333333333,-1.4251931756567302
Kyondo,2026-06-11,2.0,Kyondo,0.0,,2.0,15,0.3333333333333333,-0.8730765821747752
Kyondo,2026-06-13,2.0,Kyondo,0.0,,1.0,16,0.3333333333333333,-0.8730765821747752
Kyondo,2026-06-14,2.0,Kyondo,0.0,,1.0,17,0.0,0.0003885944084025539
Kyondo,2026-06-15,2.0,Kyondo,0.0,,1.0,18,0.0,0.0003885944084025539
Kyondo,2026-06-16,2.0,Kyondo,0.0,,,19,0.0,0.0003885944084025539
Kyondo,2026-06-17,2.0,Kyondo,0.0,,1.0,20,0.0,0.0003885944084025539
Kyondo,2026-06-18,2.0,Kyondo,0.0,0.0,1.0,21,0.0,0.0003885944084025539
Kyondo,2026-06-19,2.0,Kyondo,0.0,0.0,1.0,22,0.0,0.0003885944084025539
Kyondo,2026-06-20,2.0,Kyondo,0.0,0.0,1.0,23,0.0,0.0003885944084025539
Kyondo,2026-06-21,3.0,Kyondo,1.0,1.0,1.0,24,0.3333333333333333,-1.4251931756567302
Kyondo,2026-06-22,3.0,Kyondo,0.0,1.0,1.0,25,0.3333333333333333,-0.8730765821747752
Kyondo,2026-06-23,3.0,Kyondo,0.0,1.0,2.0,26,0.3333333333333333,-0.8730765821747752
Kyondo,2026-06-24,3.0,Kyondo,0.0,1.0,2.0,27,0.0,0.0003885944084025539
Kyondo,2026-06-25,3.0,Kyondo,0.0,,2.0,28,0.0,0.0003885944084025539
Kyondo,2026-06-29,3.0,Kyondo,0.0,,2.0,29,0.0,0.0003885944084025539
Kyondo,2026-06-30,3.0,Kyondo,0.0,,2.0,30,0.0,0.0003885944084025539
Kyondo,2026-07-01,3.0,Kyondo,0.0,0.0,2.0,31,0.0,0.0003885944084025539
Kyondo,2026-07-02,3.0,Kyondo,0.0,0.0,2.0,32,0.0,0.0003885944084025539
Kyondo,2026-07-03,4.0,Kyondo,1.0,1.0,2.0,33,0.3333333333333333,-1.4251931756567302
Kyondo,2026-07-04,4.0,Kyondo,0.0,1.0,2.0,34,0.3333333333333333,-0.8730765821747752
Kyondo,2026-07-05,4.0,Kyondo,0.0,1.0,2.0,35,0.3333333333333333,-0.8730765821747752
Kyondo,2026-07-06,4.0,Kyondo,0.0,1.0,2.0,36,0.0,0.0003885944084025539
Kyondo,2026-07-07,4.0,Kyondo,0.0,1.0,2.0,37,0.0,0.0003885944084025539
Kyondo,2026-07-08,4.0,Kyondo,0.0,,2.0,38,0.0,0.0003885944084025539
Kyondo,2026-07-09,5.0,Kyondo,1.0,,3.0,39,0.3333333333333333,-1.4251931756567302
Kyondo,2026-07-10,5.0,Kyondo,0.0,1.0,3.0,40,0.3333333333333333,-0.8730765821747752
Kyondo,2026-07-11,7.0,Kyondo,2.0,3.0,3.0,41,1.0,-1.780933853258734
Kyondo,2026-07-13,7.0,Kyondo,0.0,3.0,3.0,42,0.6666666666666666,-1.3769433595928646
Kyondo,2026-07-15,7.0,Kyondo,0.0,3.0,3.0,43,0.6666666666666666,-1.3769433595928646
Kyondo,2026-07-17,8.0,Kyondo,1.0,4.0,4.0,44,0.3333333333333333,-1.4251931756567302
Kyondo,2026-07-18,9.0,Kyondo,1.0,5.0,4.0,45,0.6666666666666666,-2.094588153870461
Kyondo,2026-07-19,9.0,Kyondo,0.0,2.0,4.0,46,0.6666666666666666,-1.3769433595928646
Kyondo,2026-07-20,10.0,Kyondo,1.0,5.0,5.0,47,0.6666666666666666,-2.094588153870461
Kyondo,2026-07-22,10.0,Kyondo,0.0,1.0,7.0,48,0.3333333333333333,-0.8730765821747752
Kyondo,2026-07-23,10.0,Kyondo,0.0,1.0,7.0,49,0.3333333333333333,-0.8730765821747752
Kyondo,2026-07-25,11.0,Kyondo,1.0,1.3333333333333333,7.0,50,0.3333333333333333,-1.4251931756567302
Kyondo,2026-07-26,12.0,Kyondo,1.0,1.0,7.0,51,0.6666666666666666,-2.094588153870461
Kyondo,2026-07-27,12.0,Kyondo,0.0,0.6,7.0,52,0.6666666666666666,-1.3769433595928646
Kyondo,2026-07-30,13.0,Kyondo,1.0,1.0,8.0,53,0.6666666666666666,-2.094588153870461
Kyondo,2026-07-31,13.0,Kyondo,0.0,0.6,8.0,54,0.3333333333333333,-0.8730765821747752
Kyondo,2026-08-01,13.0,Kyondo,0.0,1.0,8.0,55,0.3333333333333333,-0.8730765821747752
Kyondo,2026-08-02,13.0,Kyondo,0.0,1.0,10.0,56,0.0,0.0003885944084025539
Kyondo,2026-08-03,13.0,Kyondo,0.0,0.5,10.0,57,0.0,0.0003885944084025539
Kyondo,2026-08-04,13.0,Kyondo,0.0,0.25,10.0,58,0.0,0.0003885944084025539
Lita,2026-05-28,1.0,Lita,0.0,,0.0,0,0.0,0.0003885944084025539
Lita,2026-05-29,1.0,Lita,0.0,,0.0,1,0.0,0.0003885944084025539
Lita,2026-05-30,1.0,Lita,0.0,,0.0,2,0.0,0.0003885944084025539
Lita,2026-06-01,1.0,Lita,0.0,,0.0,3,0.0,0.0003885944084025539
Lita,2026-06-02,1.0,Lita,0.0,,0.0,4,0.0,0.0003885944084025539
Lita,2026-06-03,2.0,Lita,1.0,,0.0,5,0.3333333333333333,-1.4251931756567302
Lita,2026-06-04,3.0,Lita,1.0,,0.0,6,0.6666666666666666,-2.094588153870461
Lita,2026-06-05,4.0,Lita,1.0,,0.0,7,1.0,-2.4141408616472937
Lita,2026-06-06,4.0,Lita,0.0,,0.0,8,0.6666666666666666,-1.3769433595928646
Lita,2026-06-07,4.0,Lita,0.0,,0.0,9,0.3333333333333333,-0.8730765821747752
Lita,2026-06-08,4.0,Lita,0.0,,0.0,10,0.0,0.0003885944084025539
Lita,2026-06-09,5.0,Lita,1.0,,0.0,11,0.3333333333333333,-1.4251931756567302
Lita,2026-06-10,6.0,Lita,1.0,4.0,0.0,12,0.6666666666666666,-2.094588153870461
Lita,2026-06-11,6.0,Lita,0.0,1.5,0.0,13,0.6666666666666666,-1.3769433595928646
Lita,2026-06-13,6.0,Lita,0.0,0.6666666666666666,0.0,14,0.3333333333333333,-0.8730765821747752
Lita,2026-06-14,6.0,Lita,0.0,0.6666666666666666,0.0,15,0.0,0.0003885944084025539
Lita,2026-06-15,9.0,Lita,3.0,1.6666666666666667,0.0,16,1.0,-0.00012951072800149177
Lita,2026-06-16,9.0,Lita,0.0,1.6666666666666667,,17,1.0,-1.5436957073615716
Lita,2026-06-17,18.0,Lita,9.0,3.25,4.0,18,4.0,10.133949939069556
Lita,2026-06-18,20.0,Lita,2.0,3.5,6.0,19,3.6666666666666665,2.567991661375739
Lita,2026-06-19,20.0,Lita,0.0,4.666666666666667,6.0,20,3.6666666666666665,3.5441747552959892
Lita,2026-06-20,20.0,Lita,0.0,7.0,6.0,21,0.6666666666666666,-1.3769433595928646
Lita,2026-06-21,21.0,Lita,1.0,7.5,6.0,22,0.3333333333333333,-1.4251931756567302
Lita,2026-06-22,24.0,Lita,3.0,3.0,6.0,23,1.3333333333333333,-0.41670801806299096
Lita,2026-06-23,26.0,Lita,2.0,3.4,6.0,24,2.0,-1.6146398312245296
Lita,2026-06-24,26.0,Lita,0.0,0.6153846153846154,6.0,25,1.6666666666666667,-1.0995592185456076
Lita,2026-06-25,26.0,Lita,0.0,0.4285714285714285,6.0,26,0.6666666666666666,-1.3769433595928646
Lita,2026-06-29,29.0,Lita,3.0,0.6428571428571429,9.0,27,1.0,-0.00012951072800149177
Lita,2026-06-30,29.0,Lita,0.0,0.6428571428571429,9.0,28,1.0,-1.5436957073615716
Lita,2026-07-01,32.0,Lita,3.0,0.7333333333333333,11.0,29,2.0,-0.47169610694086117
Lita,2026-07-02,33.0,Lita,1.0,0.6,12.0,30,1.3333333333333333,-2.4283795635449046
Lita,2026-07-03,33.0,Lita,0.0,0.4117647058823529,12.0,31,1.3333333333333333,-1.4297595964480365
Lita,2026-07-04,33.0,Lita,0.0,0.875,12.0,32,0.3333333333333333,-0.8730765821747752
Lita,2026-07-05,33.0,Lita,0.0,1.1666666666666667,12.0,33,0.0,0.0003885944084025539
Lita,2026-07-06,40.0,Lita,7.0,1.2222222222222223,16.0,34,2.3333333333333335,7.06250356623868
Lita,2026-07-07,40.0,Lita,0.0,1.2222222222222223,16.0,35,2.3333333333333335,-0.00012973376987091
Lita,2026-07-08,41.0,Lita,1.0,0.8181818181818182,16.0,36,2.6666666666666665,-0.4365055061024208
Lita,2026-07-09,42.0,Lita,1.0,1.0,17.0,37,0.6666666666666666,-2.094588153870461
Lita,2026-07-10,45.0,Lita,3.0,1.7142857142857142,19.0,38,1.6666666666666667,-0.5672165263403741
Lita,2026-07-11,48.0,Lita,3.0,2.142857142857143,19.0,39,2.3333333333333335,-0.1492611052797841
Lita,2026-07-13,59.0,Lita,11.0,3.7142857142857135,23.0,40,5.666666666666667,14.503946494675548
Lita,2026-07-15,66.0,Lita,7.0,2.363636363636364,23.0,41,7.0,15.708989081561949
Lita,2026-07-17,77.0,Lita,11.0,3.363636363636364,27.0,42,9.666666666666666,17.681279534987002
Lita,2026-07-18,77.0,Lita,0.0,4.0,27.0,43,6.0,12.757073828795665
Lita,2026-07-19,78.0,Lita,1.0,4.0,27.0,44,4.0,3.8954638495074043
Lita,2026-07-20,78.0,Lita,0.0,2.75,27.0,45,0.3333333333333333,-0.8730765821747752
Lita,2026-07-22,101.0,Lita,23.0,3.533333333333333,58.0,46,8.0,17.45110924402796
Lita,2026-07-23,103.0,Lita,2.0,1.6923076923076923,59.0,47,8.333333333333334,15.954623979204367
Lita,2026-07-25,117.0,Lita,14.0,1.9615384615384612,66.0,48,13.0,17.742408358515807
Lita,2026-07-26,117.0,Lita,0.0,1.0810810810810811,66.0,49,5.333333333333333,10.286267236146092
Lita,2026-07-27,121.0,Lita,4.0,1.2222222222222223,67.0,50,6.0,13.038213796762456
Lita,2026-07-30,131.0,Lita,10.0,1.4722222222222223,75.0,51,4.666666666666667,12.090088114281148
Lita,2026-07-31,132.0,Lita,1.0,1.6363636363636365,79.0,52,5.0,8.340207190870146
Lita,2026-08-01,137.0,Lita,5.0,0.6792452830188679,80.0,53,5.333333333333333,10.953736347257403
Lita,2026-08-02,141.0,Lita,4.0,0.8636363636363636,84.0,54,3.3333333333333335,3.0587221468453087
Lita,2026-08-03,142.0,Lita,1.0,0.4901960784313725,86.0,55,3.3333333333333335,1.4407306020171653
Lita,2026-08-04,151.0,Lita,9.0,0.85,89.0,56,4.666666666666667,11.145203498386376
Logo,2026-06-01,1.0,Logo,0.0,,0.0,0,0.0,0.0003885944084025539
Logo,2026-06-02,1.0,Logo,0.0,,0.0,1,0.0,0.0003885944084025539
Logo,2026-06-04,2.0,Logo,1.0,,0.0,2,0.3333333333333333,-1.4251931756567302
Logo,2026-06-05,2.0,Logo,0.0,,0.0,3,0.3333333333333333,-0.8730765821747752
Logo,2026-06-06,2.0,Logo,0.0,,0.0,4,0.3333333333333333,-0.8730765821747752
Logo,2026-06-07,2.0,Logo,0.0,,0.0,5,0.0,0.0003885944084025539
Logo,2026-06-08,2.0,Logo,0.0,,0.0,6,0.0,0.0003885944084025539
Logo,2026-06-09,2.0,Logo,0.0,,0.0,7,0.0,0.0003885944084025539
Logo,2026-06-10,2.0,Logo,0.0,,0.0,8,0.0,0.0003885944084025539
Logo,2026-06-11,2.0,Logo,0.0,0.0,0.0,9,0.0,0.0003885944084025539
Logo,2026-06-13,2.0,Logo,0.0,0.0,0.0,10,0.0,0.0003885944084025539
Logo,2026-06-14,2.0,Logo,0.0,0.0,0.0,11,0.0,0.0003885944084025539
Logo,2026-06-15,2.0,Logo,0.0,0.0,0.0,12,0.0,0.0003885944084025539
Logo,2026-06-16,2.0,Logo,0.0,0.0,,13,0.0,0.0003885944084025539
Logo,2026-06-17,2.0,Logo,0.0,0.0,0.0,14,0.0,0.0003885944084025539
Logo,2026-06-18,2.0,Logo,0.0,0.0,0.0,15,0.0,0.0003885944084025539
Logo,2026-06-19,2.0,Logo,0.0,,0.0,16,0.0,0.0003885944084025539
Logo,2026-06-20,2.0,Logo,0.0,,0.0,17,0.0,0.0003885944084025539
Logo,2026-06-21,2.0,Logo,0.0,,0.0,18,0.0,0.0003885944084025539
Logo,2026-06-22,5.0,Logo,3.0,,0.0,19,1.0,-0.00012951072800149177
Logo,2026-06-23,5.0,Logo,0.0,,0.0,20,1.0,-1.5436957073615716
Logo,2026-06-24,5.0,Logo,0.0,,0.0,21,1.0,-1.5436957073615716
Logo,2026-06-25,7.0,Logo,2.0,,0.0,22,0.6666666666666666,-1.2757418637367692
Logo,2026-06-29,7.0,Logo,0.0,,0.0,23,0.6666666666666666,-1.3769433595928646
Logo,2026-06-30,7.0,Logo,0.0,,0.0,24,0.6666666666666666,-1.3769433595928646
Logo,2026-07-01,7.0,Logo,0.0,,0.0,25,0.0,0.0003885944084025539
Logo,2026-07-02,7.0,Logo,0.0,0.6666666666666666,0.0,26,0.0,0.0003885944084025539
Logo,2026-07-03,7.0,Logo,0.0,0.6666666666666666,0.0,27,0.0,0.0003885944084025539
Logo,2026-07-04,7.0,Logo,0.0,0.6666666666666666,0.0,28,0.0,0.0003885944084025539
Logo,2026-07-05,7.0,Logo,0.0,0.0,0.0,29,0.0,0.0003885944084025539
Logo,2026-07-06,7.0,Logo,0.0,0.0,0.0,30,0.0,0.0003885944084025539
Logo,2026-07-07,7.0,Logo,0.0,0.0,0.0,31,0.0,0.0003885944084025539
Logo,2026-07-08,7.0,Logo,0.0,0.0,0.0,32,0.0,0.0003885944084025539
Logo,2026-07-09,7.0,Logo,0.0,0.0,0.0,33,0.0,0.0003885944084025539
Logo,2026-07-10,7.0,Logo,0.0,0.0,0.0,34,0.0,0.0003885944084025539
Logo,2026-07-11,7.0,Logo,0.0,0.0,0.0,35,0.0,0.0003885944084025539
Logo,2026-07-13,7.0,Logo,0.0,,0.0,36,0.0,0.0003885944084025539
Logo,2026-07-15,7.0,Logo,0.0,,0.0,37,0.0,0.0003885944084025539
Logo,2026-07-17,7.0,Logo,0.0,,1.0,38,0.0,0.0003885944084025539
Logo,2026-07-18,7.0,Logo,0.0,,1.0,39,0.0,0.0003885944084025539
Logo,2026-07-19,8.0,Logo,1.0,,1.0,40,0.3333333333333333,-1.4251931756567302
Logo,2026-07-20,8.0,Logo,0.0,,1.0,41,0.3333333333333333,-0.8730765821747752
Logo,2026-07-22,8.0,Logo,0.0,,3.0,42,0.3333333333333333,-0.8730765821747752
Logo,2026-07-23,9.0,Logo,1.0,,3.0,43,0.3333333333333333,-1.4251931756567302
Logo,2026-07-25,9.0,Logo,0.0,,3.0,44,0.3333333333333333,-0.8730765821747752
Logo,2026-07-26,9.0,Logo,0.0,,3.0,45,0.3333333333333333,-0.8730765821747752
Logo,2026-07-27,9.0,Logo,0.0,,3.0,46,0.0,0.0003885944084025539
Logo,2026-07-30,9.0,Logo,0.0,1.0,3.0,47,0.0,0.0003885944084025539
Logo,2026-07-31,9.0,Logo,0.0,1.0,3.0,48,0.0,0.0003885944084025539
Logo,2026-08-01,9.0,Logo,0.0,1.0,3.0,49,0.0,0.0003885944084025539
Logo,2026-08-02,9.0,Logo,0.0,0.0,4.0,50,0.0,0.0003885944084025539
Logo,2026-08-03,10.0,Logo,1.0,0.5,5.0,51,0.3333333333333333,-1.4251931756567302
Logo,2026-08-04,10.0,Logo,0.0,0.5,5.0,52,0.3333333333333333,-0.8730765821747752
Lolwa,2026-06-30,1.0,Lolwa,0.0,,1.0,0,0.0,0.0003885944084025539
Lolwa,2026-07-01,1.0,Lolwa,0.0,,1.0,1,0.0,0.0003885944084025539
Lolwa,2026-07-02,1.0,Lolwa,0.0,,1.0,2,0.0,0.0003885944084025539
Lolwa,2026-07-03,1.0,Lolwa,0.0,,1.0,3,0.0,0.0003885944084025539
Lolwa,2026-07-04,1.0,Lolwa,0.0,,1.0,4,0.0,0.0003885944084025539
Lolwa,2026-07-05,1.0,Lolwa,0.0,,1.0,5,0.0,0.0003885944084025539
Lolwa,2026-07-06,1.0,Lolwa,0.0,,1.0,6,0.0,0.0003885944084025539
Lolwa,2026-07-07,1.0,Lolwa,0.0,,1.0,7,0.0,0.0003885944084025539
Lolwa,2026-07-08,1.0,Lolwa,0.0,,1.0,8,0.0,0.0003885944084025539
Lolwa,2026-07-09,1.0,Lolwa,0.0,,1.0,9,0.0,0.0003885944084025539
Lolwa,2026-07-10,1.0,Lolwa,0.0,,1.0,10,0.0,0.0003885944084025539
Lolwa,2026-07-11,1.0,Lolwa,0.0,,1.0,11,0.0,0.0003885944084025539
Lolwa,2026-07-13,2.0,Lolwa,1.0,,1.0,12,0.3333333333333333,-1.4251931756567302
Lolwa,2026-07-15,2.0,Lolwa,0.0,,1.0,13,0.3333333333333333,-0.8730765821747752
Lolwa,2026-07-17,2.0,Lolwa,0.0,,1.0,14,0.3333333333333333,-0.8730765821747752
Lolwa,2026-07-18,2.0,Lolwa,0.0,,1.0,15,0.0,0.0003885944084025539
Lolwa,2026-07-19,2.0,Lolwa,0.0,,1.0,16,0.0,0.0003885944084025539
Lolwa,2026-07-20,2.0,Lolwa,0.0,,1.0,17,0.0,0.0003885944084025539
Lolwa,2026-07-22,4.0,Lolwa,2.0,,1.0,18,0.6666666666666666,-1.2757418637367692
Lolwa,2026-07-23,4.0,Lolwa,0.0,2.0,1.0,19,0.6666666666666666,-1.3769433595928646
Lolwa,2026-07-25,4.0,Lolwa,0.0,2.0,1.0,20,0.6666666666666666,-1.3769433595928646
Lolwa,2026-07-26,4.0,Lolwa,0.0,2.0,1.0,21,0.0,0.0003885944084025539
Lolwa,2026-07-27,4.0,Lolwa,0.0,2.0,1.0,22,0.0,0.0003885944084025539
Lolwa,2026-07-30,7.0,Lolwa,3.0,5.0,2.0,23,1.0,-0.00012951072800149177
Lolwa,2026-07-31,7.0,Lolwa,0.0,5.0,2.0,24,1.0,-1.5436957073615716
Lolwa,2026-08-01,7.0,Lolwa,0.0,1.0,2.0,25,1.0,-1.5436957073615716
Lolwa,2026-08-02,7.0,Lolwa,0.0,1.5,2.0,26,0.0,0.0003885944084025539
Lolwa,2026-08-03,7.0,Lolwa,0.0,1.5,2.0,27,0.0,0.0003885944084025539
Lolwa,2026-08-04,7.0,Lolwa,0.0,1.5,2.0,28,0.0,0.0003885944084025539
Mabalako,2026-06-13,1.0,Mabalako,0.0,,0.0,0,0.0,0.0003885944084025539
Mabalako,2026-06-14,1.0,Mabalako,0.0,,0.0,1,0.0,0.0003885944084025539
Mabalako,2026-06-15,1.0,Mabalako,0.0,,0.0,2,0.0,0.0003885944084025539
Mabalako,2026-06-16,1.0,Mabalako,0.0,,,3,0.0,0.0003885944084025539
Mabalako,2026-06-17,1.0,Mabalako,0.0,,0.0,4,0.0,0.0003885944084025539
Mabalako,2026-06-18,1.0,Mabalako,0.0,,0.0,5,0.0,0.0003885944084025539
Mabalako,2026-06-19,1.0,Mabalako,0.0,,0.0,6,0.0,0.0003885944084025539
Mabalako,2026-06-20,1.0,Mabalako,0.0,,0.0,7,0.0,0.0003885944084025539
Mabalako,2026-06-21,1.0,Mabalako,0.0,,0.0,8,0.0,0.0003885944084025539
Mabalako,2026-06-22,1.0,Mabalako,0.0,,0.0,9,0.0,0.0003885944084025539
Mabalako,2026-06-23,1.0,Mabalako,0.0,,0.0,10,0.0,0.0003885944084025539
Mabalako,2026-06-24,1.0,Mabalako,0.0,,0.0,11,0.0,0.0003885944084025539
Mabalako,2026-06-25,1.0,Mabalako,0.0,,0.0,12,0.0,0.0003885944084025539
Mabalako,2026-06-29,1.0,Mabalako,0.0,,0.0,13,0.0,0.0003885944084025539
Mabalako,2026-06-30,1.0,Mabalako,0.0,,0.0,14,0.0,0.0003885944084025539
Mabalako,2026-07-01,1.0,Mabalako,0.0,,0.0,15,0.0,0.0003885944084025539
Mabalako,2026-07-02,1.0,Mabalako,0.0,,0.0,16,0.0,0.0003885944084025539
Mabalako,2026-07-03,1.0,Mabalako,0.0,,0.0,17,0.0,0.0003885944084025539
Mabalako,2026-07-04,1.0,Mabalako,0.0,,0.0,18,0.0,0.0003885944084025539
Mabalako,2026-07-05,1.0,Mabalako,0.0,,0.0,19,0.0,0.0003885944084025539
Mabalako,2026-07-06,1.0,Mabalako,0.0,,0.0,20,0.0,0.0003885944084025539
Mabalako,2026-07-07,1.0,Mabalako,0.0,,0.0,21,0.0,0.0003885944084025539
Mabalako,2026-07-08,1.0,Mabalako,0.0,,0.0,22,0.0,0.0003885944084025539
Mabalako,2026-07-09,1.0,Mabalako,0.0,,0.0,23,0.0,0.0003885944084025539
Mabalako,2026-07-10,1.0,Mabalako,0.0,,0.0,24,0.0,0.0003885944084025539
Mabalako,2026-07-11,1.0,Mabalako,0.0,,0.0,25,0.0,0.0003885944084025539
Mabalako,2026-07-13,1.0,Mabalako,0.0,,0.0,26,0.0,0.0003885944084025539
Mabalako,2026-07-15,1.0,Mabalako,0.0,,0.0,27,0.0,0.0003885944084025539
Mabalako,2026-07-17,1.0,Mabalako,0.0,,0.0,28,0.0,0.0003885944084025539
Mabalako,2026-07-18,1.0,Mabalako,0.0,,0.0,29,0.0,0.0003885944084025539
Mabalako,2026-07-19,1.0,Mabalako,0.0,,0.0,30,0.0,0.0003885944084025539
Mabalako,2026-07-20,1.0,Mabalako,0.0,,0.0,31,0.0,0.0003885944084025539
Mabalako,2026-07-22,1.0,Mabalako,0.0,,0.0,32,0.0,0.0003885944084025539
Mabalako,2026-07-23,1.0,Mabalako,0.0,,0.0,33,0.0,0.0003885944084025539
Mabalako,2026-07-25,1.0,Mabalako,0.0,,0.0,34,0.0,0.0003885944084025539
Mabalako,2026-07-26,1.0,Mabalako,0.0,,0.0,35,0.0,0.0003885944084025539
Mabalako,2026-07-27,1.0,Mabalako,0.0,,0.0,36,0.0,0.0003885944084025539
Mabalako,2026-07-30,1.0,Mabalako,0.0,,0.0,37,0.0,0.0003885944084025539
Mabalako,2026-07-31,1.0,Mabalako,0.0,,0.0,38,0.0,0.0003885944084025539
Mabalako,2026-08-01,1.0,Mabalako,0.0,,0.0,39,0.0,0.0003885944084025539
Mabalako,2026-08-02,1.0,Mabalako,0.0,,0.0,40,0.0,0.0003885944084025539
Mabalako,2026-08-03,1.0,Mabalako,0.0,,0.0,41,0.0,0.0003885944084025539
Mabalako,2026-08-04,1.0,Mabalako,0.0,,0.0,42,0.0,0.0003885944084025539
Mambasa,2026-05-26,0.0,Mambasa,0.0,,,0,0.0,0.0003885944084025539
Mambasa,2026-05-27,0.0,Mambasa,0.0,,,1,0.0,0.0003885944084025539
Mambasa,2026-06-01,2.0,Mambasa,2.0,,1.0,2,0.6666666666666666,-1.2757418637367692
Mambasa,2026-06-02,2.0,Mambasa,0.0,,1.0,3,0.6666666666666666,-1.3769433595928646
Mambasa,2026-06-04,2.0,Mambasa,0.0,,1.0,4,0.6666666666666666,-1.3769433595928646
Mambasa,2026-06-05,2.0,Mambasa,0.0,,1.0,5,0.0,0.0003885944084025539
Mambasa,2026-06-06,2.0,Mambasa,0.0,,1.0,6,0.0,0.0003885944084025539
Mambasa,2026-06-07,2.0,Mambasa,0.0,,1.0,7,0.0,0.0003885944084025539
Mambasa,2026-06-08,2.0,Mambasa,0.0,,1.0,8,0.0,0.0003885944084025539
Mambasa,2026-06-09,2.0,Mambasa,0.0,0.0,1.0,9,0.0,0.0003885944084025539
Mambasa,2026-06-10,2.0,Mambasa,0.0,0.0,1.0,10,0.0,0.0003885944084025539
Mambasa,2026-06-11,2.0,Mambasa,0.0,0.0,1.0,11,0.0,0.0003885944084025539
Mambasa,2026-06-13,2.0,Mambasa,0.0,0.0,1.0,12,0.0,0.0003885944084025539
Mambasa,2026-06-14,2.0,Mambasa,0.0,0.0,1.0,13,0.0,0.0003885944084025539
Mambasa,2026-06-15,2.0,Mambasa,0.0,0.0,1.0,14,0.0,0.0003885944084025539
Mambasa,2026-06-16,2.0,Mambasa,0.0,0.0,,15,0.0,0.0003885944084025539
Mambasa,2026-06-17,2.0,Mambasa,0.0,,1.0,16,0.0,0.0003885944084025539
Mambasa,2026-06-18,2.0,Mambasa,0.0,,1.0,17,0.0,0.0003885944084025539
Mambasa,2026-06-19,2.0,Mambasa,0.0,,1.0,18,0.0,0.0003885944084025539
Mambasa,2026-06-20,2.0,Mambasa,0.0,,1.0,19,0.0,0.0003885944084025539
Mambasa,2026-06-21,2.0,Mambasa,0.0,,1.0,20,0.0,0.0003885944084025539
Mambasa,2026-06-22,2.0,Mambasa,0.0,,1.0,21,0.0,0.0003885944084025539
Mambasa,2026-06-23,2.0,Mambasa,0.0,,1.0,22,0.0,0.0003885944084025539
Mambasa,2026-06-24,2.0,Mambasa,0.0,,1.0,23,0.0,0.0003885944084025539
Mambasa,2026-06-25,2.0,Mambasa,0.0,,1.0,24,0.0,0.0003885944084025539
Mambasa,2026-06-29,2.0,Mambasa,0.0,,1.0,25,0.0,0.0003885944084025539
Mambasa,2026-06-30,2.0,Mambasa,0.0,,1.0,26,0.0,0.0003885944084025539
Mambasa,2026-07-01,2.0,Mambasa,0.0,,1.0,27,0.0,0.0003885944084025539
Mambasa,2026-07-02,2.0,Mambasa,0.0,,1.0,28,0.0,0.0003885944084025539
Mambasa,2026-07-03,2.0,Mambasa,0.0,,1.0,29,0.0,0.0003885944084025539
Mambasa,2026-07-04,2.0,Mambasa,0.0,,1.0,30,0.0,0.0003885944084025539
Mambasa,2026-07-05,2.0,Mambasa,0.0,,1.0,31,0.0,0.0003885944084025539
Mambasa,2026-07-06,4.0,Mambasa,2.0,,3.0,32,0.6666666666666666,-1.2757418637367692
Mambasa,2026-07-07,4.0,Mambasa,0.0,,3.0,33,0.6666666666666666,-1.3769433595928646
Mambasa,2026-07-08,4.0,Mambasa,0.0,,3.0,34,0.6666666666666666,-1.3769433595928646
Mambasa,2026-07-09,5.0,Mambasa,1.0,,4.0,35,0.3333333333333333,-1.4251931756567302
Mambasa,2026-07-10,5.0,Mambasa,0.0,,4.0,36,0.3333333333333333,-0.8730765821747752
Mambasa,2026-07-11,5.0,Mambasa,0.0,,4.0,37,0.3333333333333333,-0.8730765821747752
Mambasa,2026-07-13,5.0,Mambasa,0.0,,4.0,38,0.0,0.0003885944084025539
Mambasa,2026-07-15,5.0,Mambasa,0.0,0.5,4.0,39,0.0,0.0003885944084025539
Mambasa,2026-07-17,8.0,Mambasa,3.0,2.0,5.0,40,1.0,-0.00012951072800149177
Mambasa,2026-07-18,8.0,Mambasa,0.0,2.0,6.0,41,1.0,-1.5436957073615716
Mambasa,2026-07-19,8.0,Mambasa,0.0,1.0,6.0,42,1.0,-1.5436957073615716
Mambasa,2026-07-20,8.0,Mambasa,0.0,1.0,6.0,43,0.0,0.0003885944084025539
Mambasa,2026-07-22,7.0,Mambasa,0.0,1.0,4.0,44,0.0,0.0003885944084025539
Mambasa,2026-07-23,7.0,Mambasa,0.0,1.0,4.0,45,0.0,0.0003885944084025539
Mambasa,2026-07-25,9.0,Mambasa,2.0,5.0,4.0,46,0.6666666666666666,-1.2757418637367692
Mambasa,2026-07-26,9.0,Mambasa,0.0,0.5,4.0,47,0.6666666666666666,-1.3769433595928646
Mambasa,2026-07-27,9.0,Mambasa,0.0,0.5,4.0,48,0.6666666666666666,-1.3769433595928646
Mambasa,2026-07-30,9.0,Mambasa,0.0,0.6666666666666666,6.0,49,0.0,0.0003885944084025539
Mambasa,2026-07-31,9.0,Mambasa,0.0,0.6666666666666666,6.0,50,0.0,0.0003885944084025539
Mambasa,2026-08-01,10.0,Mambasa,1.0,1.0,6.0,51,0.3333333333333333,-1.4251931756567302
Mambasa,2026-08-02,10.0,Mambasa,0.0,1.0,6.0,52,0.3333333333333333,-0.8730765821747752
Mambasa,2026-08-03,10.0,Mambasa,0.0,0.2,6.0,53,0.3333333333333333,-0.8730765821747752
Mambasa,2026-08-04,10.0,Mambasa,0.0,0.5,6.0,54,0.0,0.0003885944084025539
Mandima,2026-06-29,1.0,Mandima,0.0,,0.0,0,0.0,0.0003885944084025539
Mandima,2026-06-30,2.0,Mandima,1.0,,1.0,1,0.5,-1.8055635033876598
Mandima,2026-07-01,2.0,Mandima,0.0,,1.0,2,0.3333333333333333,-0.8730765821747752
Mandima,2026-07-02,4.0,Mandima,2.0,,1.0,3,1.0,-1.780933853258734
Mandima,2026-07-03,4.0,Mandima,0.0,,1.0,4,0.6666666666666666,-1.3769433595928646
Mandima,2026-07-04,4.0,Mandima,0.0,,1.0,5,0.6666666666666666,-1.3769433595928646
Mandima,2026-07-05,4.0,Mandima,0.0,,1.0,6,0.0,0.0003885944084025539
Mandima,2026-07-06,5.0,Mandima,1.0,,2.0,7,0.3333333333333333,-1.4251931756567302
Mandima,2026-07-07,5.0,Mandima,0.0,3.0,2.0,8,0.3333333333333333,-0.8730765821747752
Mandima,2026-07-08,5.0,Mandima,0.0,3.0,2.0,9,0.3333333333333333,-0.8730765821747752
Mandima,2026-07-09,5.0,Mandima,0.0,0.3333333333333333,2.0,10,0.0,0.0003885944084025539
Mandima,2026-07-10,8.0,Mandima,3.0,1.3333333333333333,3.0,11,1.0,-0.00012951072800149177
Mandima,2026-07-11,8.0,Mandima,0.0,1.3333333333333333,3.0,12,1.0,-1.5436957073615716
Mandima,2026-07-13,8.0,Mandima,0.0,1.3333333333333333,3.0,13,1.0,-1.5436957073615716
Mandima,2026-07-15,9.0,Mandima,1.0,1.0,4.0,14,0.3333333333333333,-1.4251931756567302
Mandima,2026-07-17,9.0,Mandima,0.0,1.3333333333333333,4.0,15,0.3333333333333333,-0.8730765821747752
Mandima,2026-07-18,9.0,Mandima,0.0,1.3333333333333333,4.0,16,0.3333333333333333,-0.8730765821747752
Mandima,2026-07-19,9.0,Mandima,0.0,4.0,4.0,17,0.0,0.0003885944084025539
Mandima,2026-07-20,10.0,Mandima,1.0,0.5,5.0,18,0.3333333333333333,-1.4251931756567302
Mandima,2026-07-22,13.0,Mandima,3.0,1.25,9.0,19,1.3333333333333333,-0.41670801806299096
Mandima,2026-07-23,13.0,Mandima,0.0,1.25,9.0,20,1.3333333333333333,-1.4297595964480365
Mandima,2026-07-25,13.0,Mandima,0.0,1.0,9.0,21,1.0,-1.5436957073615716
Mandima,2026-07-26,13.0,Mandima,0.0,1.0,9.0,22,0.0,0.0003885944084025539
Mandima,2026-07-27,16.0,Mandima,3.0,1.75,12.0,23,1.0,-0.00012951072800149177
Mandima,2026-07-30,16.0,Mandima,0.0,1.75,12.0,24,1.0,-1.5436957073615716
Mandima,2026-07-31,16.0,Mandima,0.0,3.0,12.0,25,1.0,-1.5436957073615716
Mandima,2026-08-01,16.0,Mandima,0.0,0.6,12.0,26,0.0,0.0003885944084025539
Mandima,2026-08-02,16.0,Mandima,0.0,0.6,12.0,27,0.0,0.0003885944084025539
Mandima,2026-08-03,16.0,Mandima,0.0,0.75,12.0,28,0.0,0.0003885944084025539
Mandima,2026-08-04,16.0,Mandima,0.0,0.75,12.0,29,0.0,0.0003885944084025539
Mangala,2026-05-28,1.0,Mangala,0.0,,0.0,0,0.0,0.0003885944084025539
Mangala,2026-05-29,1.0,Mangala,0.0,,0.0,1,0.0,0.0003885944084025539
Mangala,2026-05-30,1.0,Mangala,0.0,,0.0,2,0.0,0.0003885944084025539
Mangala,2026-06-01,1.0,Mangala,0.0,,0.0,3,0.0,0.0003885944084025539
Mangala,2026-06-02,1.0,Mangala,0.0,,0.0,4,0.0,0.0003885944084025539
Mangala,2026-06-03,1.0,Mangala,0.0,,0.0,5,0.0,0.0003885944084025539
Mangala,2026-06-04,1.0,Mangala,0.0,,0.0,6,0.0,0.0003885944084025539
Mangala,2026-06-05,1.0,Mangala,0.0,,0.0,7,0.0,0.0003885944084025539
Mangala,2026-06-06,1.0,Mangala,0.0,,0.0,8,0.0,0.0003885944084025539
Mangala,2026-06-07,1.0,Mangala,0.0,,0.0,9,0.0,0.0003885944084025539
Mangala,2026-06-08,1.0,Mangala,0.0,,0.0,10,0.0,0.0003885944084025539
Mangala,2026-06-09,1.0,Mangala,0.0,,0.0,11,0.0,0.0003885944084025539
Mangala,2026-06-10,2.0,Mangala,1.0,,0.0,12,0.3333333333333333,-1.4251931756567302
Mangala,2026-06-11,2.0,Mangala,0.0,,0.0,13,0.3333333333333333,-0.8730765821747752
Mangala,2026-06-13,5.0,Mangala,3.0,,3.0,14,1.3333333333333333,-0.41670801806299096
Mangala,2026-06-14,5.0,Mangala,0.0,,3.0,15,1.0,-1.5436957073615716
Mangala,2026-06-15,5.0,Mangala,0.0,,3.0,16,1.0,-1.5436957073615716
Mangala,2026-06-16,5.0,Mangala,0.0,,,17,0.0,0.0003885944084025539
Mangala,2026-06-17,5.0,Mangala,0.0,,3.0,18,0.0,0.0003885944084025539
Mangala,2026-06-18,7.0,Mangala,2.0,5.0,4.0,19,0.6666666666666666,-1.2757418637367692
Mangala,2026-06-19,7.0,Mangala,0.0,5.0,4.0,20,0.6666666666666666,-1.3769433595928646
Mangala,2026-06-20,7.0,Mangala,0.0,0.5,4.0,21,0.6666666666666666,-1.3769433595928646
Mangala,2026-06-21,11.0,Mangala,4.0,1.5,5.0,22,1.3333333333333333,1.8035082870597936
Mangala,2026-06-22,14.0,Mangala,3.0,2.25,6.0,23,2.3333333333333335,-0.1492611052797841
Mangala,2026-06-23,17.0,Mangala,3.0,3.0,8.0,24,3.3333333333333335,2.0519713725393576
Mangala,2026-06-24,17.0,Mangala,0.0,3.0,8.0,25,2.0,-0.6101078696110918
Mangala,2026-06-25,17.0,Mangala,0.0,2.0,8.0,26,1.0,-1.5436957073615716
Mangala,2026-06-29,24.0,Mangala,7.0,3.4,12.0,27,2.3333333333333335,7.06250356623868
Mangala,2026-06-30,24.0,Mangala,0.0,8.5,12.0,28,2.3333333333333335,-0.00012973376987091
Mangala,2026-07-01,24.0,Mangala,0.0,2.1666666666666665,12.0,29,2.3333333333333335,-0.00012973376987091
Mangala,2026-07-02,24.0,Mangala,0.0,1.1111111111111112,12.0,30,0.0,0.0003885944084025539
Mangala,2026-07-03,26.0,Mangala,2.0,0.75,14.0,31,0.6666666666666666,-1.2757418637367692
Mangala,2026-07-04,26.0,Mangala,0.0,0.75,14.0,32,0.6666666666666666,-1.3769433595928646
Mangala,2026-07-05,33.0,Mangala,7.0,1.6,14.0,33,3.0,6.6712194565547165
Mangala,2026-07-06,39.0,Mangala,6.0,0.8823529411764706,20.0,34,4.333333333333333,7.851756178899651
Mangala,2026-07-07,40.0,Mangala,1.0,0.9411764705882352,20.0,35,4.666666666666667,6.813465128139201
Mangala,2026-07-08,43.0,Mangala,3.0,1.4615384615384617,23.0,36,3.3333333333333335,2.0519713725393576
Mangala,2026-07-09,43.0,Mangala,0.0,1.9,23.0,37,1.3333333333333333,-1.4297595964480365
Mangala,2026-07-10,50.0,Mangala,7.0,2.6666666666666665,29.0,38,3.3333333333333335,6.830010474926819
Mangala,2026-07-11,50.0,Mangala,0.0,2.6666666666666665,29.0,39,2.3333333333333335,-0.00012973376987091
Mangala,2026-07-13,50.0,Mangala,0.0,1.0625,29.0,40,2.3333333333333335,-0.00012973376987091
Mangala,2026-07-15,50.0,Mangala,0.0,0.7333333333333333,29.0,41,0.0,0.0003885944084025539
Mangala,2026-07-17,56.0,Mangala,6.0,1.0,33.0,42,2.0,5.447876137664155
Mangala,2026-07-18,58.0,Mangala,2.0,0.7894736842105263,35.0,43,2.6666666666666665,-0.4485710506626539
Mangala,2026-07-19,61.0,Mangala,3.0,0.9473684210526316,38.0,44,3.6666666666666665,3.1610413631213774
Mangala,2026-07-20,61.0,Mangala,0.0,0.4583333333333333,38.0,45,1.6666666666666667,-1.0995592185456076
Mangala,2026-07-22,86.0,Mangala,25.0,1.5,59.0,46,9.333333333333334,16.917052380477035
Mangala,2026-07-23,92.0,Mangala,6.0,2.4705882352941178,60.0,47,10.333333333333334,17.37639907921842
Mangala,2026-07-25,100.0,Mangala,8.0,4.545454545454546,64.0,48,13.0,17.690512333849266
Mangala,2026-07-26,100.0,Mangala,0.0,2.75,64.0,49,4.666666666666667,7.461868404049982
Mangala,2026-07-27,100.0,Mangala,0.0,2.8,64.0,50,2.6666666666666665,0.7138636902663578
Mangala,2026-07-30,101.0,Mangala,1.0,2.2222222222222223,64.0,51,0.3333333333333333,-1.4251931756567302
Mangala,2026-07-31,102.0,Mangala,1.0,3.727272727272727,64.0,52,0.6666666666666666,-2.094588153870461
Mangala,2026-08-01,105.0,Mangala,3.0,0.5277777777777778,66.0,53,1.6666666666666667,-0.5672165263403741
Mangala,2026-08-02,105.0,Mangala,0.0,0.3095238095238095,66.0,54,1.3333333333333333,-1.4297595964480365
Mangala,2026-08-03,106.0,Mangala,1.0,0.12,67.0,55,1.3333333333333333,-2.4283795635449046
Mangala,2026-08-04,108.0,Mangala,2.0,0.1818181818181818,67.0,56,1.0,-1.780933853258734
Masereka,2026-06-10,1.0,Masereka,0.0,,0.0,0,0.0,0.0003885944084025539
Masereka,2026-06-11,1.0,Masereka,0.0,,1.0,1,0.0,0.0003885944084025539
Masereka,2026-06-13,1.0,Masereka,0.0,,0.0,2,0.0,0.0003885944084025539
Masereka,2026-06-14,1.0,Masereka,0.0,,0.0,3,0.0,0.0003885944084025539
Masereka,2026-06-15,1.0,Masereka,0.0,,0.0,4,0.0,0.0003885944084025539
Masereka,2026-06-16,1.0,Masereka,0.0,,,5,0.0,0.0003885944084025539
Masereka,2026-06-17,1.0,Masereka,0.0,,0.0,6,0.0,0.0003885944084025539
Masereka,2026-06-18,1.0,Masereka,0.0,,0.0,7,0.0,0.0003885944084025539
Masereka,2026-06-19,1.0,Masereka,0.0,,0.0,8,0.0,0.0003885944084025539
Masereka,2026-06-20,1.0,Masereka,0.0,,0.0,9,0.0,0.0003885944084025539
Masereka,2026-06-21,1.0,Masereka,0.0,,0.0,10,0.0,0.0003885944084025539
Masereka,2026-06-22,1.0,Masereka,0.0,,0.0,11,0.0,0.0003885944084025539
Masereka,2026-06-23,1.0,Masereka,0.0,,0.0,12,0.0,0.0003885944084025539
Masereka,2026-06-24,1.0,Masereka,0.0,,0.0,13,0.0,0.0003885944084025539
Masereka,2026-06-25,1.0,Masereka,0.0,,0.0,14,0.0,0.0003885944084025539
Masereka,2026-06-29,1.0,Masereka,0.0,,0.0,15,0.0,0.0003885944084025539
Masereka,2026-06-30,1.0,Masereka,0.0,,0.0,16,0.0,0.0003885944084025539
Masereka,2026-07-01,1.0,Masereka,0.0,,0.0,17,0.0,0.0003885944084025539
Masereka,2026-07-02,1.0,Masereka,0.0,,0.0,18,0.0,0.0003885944084025539
Masereka,2026-07-03,2.0,Masereka,1.0,,0.0,19,0.3333333333333333,-1.4251931756567302
Masereka,2026-07-04,2.0,Masereka,0.0,,0.0,20,0.3333333333333333,-0.8730765821747752
Masereka,2026-07-05,3.0,Masereka,1.0,,0.0,21,0.6666666666666666,-2.094588153870461
Masereka,2026-07-06,3.0,Masereka,0.0,,0.0,22,0.3333333333333333,-0.8730765821747752
Masereka,2026-07-07,3.0,Masereka,0.0,,0.0,23,0.3333333333333333,-0.8730765821747752
Masereka,2026-07-08,3.0,Masereka,0.0,,0.0,24,0.0,0.0003885944084025539
Masereka,2026-07-09,3.0,Masereka,0.0,,0.0,25,0.0,0.0003885944084025539
Masereka,2026-07-10,3.0,Masereka,0.0,1.0,0.0,26,0.0,0.0003885944084025539
Masereka,2026-07-11,3.0,Masereka,0.0,1.0,0.0,27,0.0,0.0003885944084025539
Masereka,2026-07-13,3.0,Masereka,0.0,0.0,0.0,28,0.0,0.0003885944084025539
Masereka,2026-07-15,3.0,Masereka,0.0,0.0,0.0,29,0.0,0.0003885944084025539
Masereka,2026-07-17,3.0,Masereka,0.0,0.0,0.0,30,0.0,0.0003885944084025539
Masereka,2026-07-18,3.0,Masereka,0.0,0.0,0.0,31,0.0,0.0003885944084025539
Masereka,2026-07-19,3.0,Masereka,0.0,0.0,0.0,32,0.0,0.0003885944084025539
Masereka,2026-07-20,3.0,Masereka,0.0,0.0,0.0,33,0.0,0.0003885944084025539
Masereka,2026-07-22,4.0,Masereka,1.0,1.0,0.0,34,0.3333333333333333,-1.4251931756567302
Masereka,2026-07-23,4.0,Masereka,0.0,,0.0,35,0.3333333333333333,-0.8730765821747752
Masereka,2026-07-25,4.0,Masereka,0.0,,0.0,36,0.3333333333333333,-0.8730765821747752
Masereka,2026-07-26,4.0,Masereka,0.0,,0.0,37,0.0,0.0003885944084025539
Masereka,2026-07-27,4.0,Masereka,0.0,,0.0,38,0.0,0.0003885944084025539
Masereka,2026-07-30,4.0,Masereka,0.0,,0.0,39,0.0,0.0003885944084025539
Masereka,2026-07-31,4.0,Masereka,0.0,,0.0,40,0.0,0.0003885944084025539
Masereka,2026-08-01,4.0,Masereka,0.0,0.0,0.0,41,0.0,0.0003885944084025539
Masereka,2026-08-02,5.0,Masereka,1.0,1.0,1.0,42,0.3333333333333333,-1.4251931756567302
Masereka,2026-08-03,5.0,Masereka,0.0,1.0,1.0,43,0.3333333333333333,-0.8730765821747752
Masereka,2026-08-04,5.0,Masereka,0.0,1.0,1.0,44,0.3333333333333333,-0.8730765821747752
Miti Murhesa,2026-05-21,1.0,Miti Murhesa,0.0,,0.0,0,0.0,0.0003885944084025539
Miti Murhesa,2026-05-22,1.0,Miti Murhesa,0.0,,0.0,1,0.0,0.0003885944084025539
Miti Murhesa,2026-05-23,1.0,Miti Murhesa,0.0,,0.0,2,0.0,0.0003885944084025539
Miti Murhesa,2026-05-24,1.0,Miti Murhesa,0.0,,0.0,3,0.0,0.0003885944084025539
Miti Murhesa,2026-05-25,1.0,Miti Murhesa,0.0,,0.0,4,0.0,0.0003885944084025539
Miti Murhesa,2026-05-26,1.0,Miti Murhesa,0.0,,0.0,5,0.0,0.0003885944084025539
Miti Murhesa,2026-05-27,1.0,Miti Murhesa,0.0,,0.0,6,0.0,0.0003885944084025539
Miti Murhesa,2026-05-28,3.0,Miti Murhesa,2.0,,1.0,7,0.6666666666666666,-1.2757418637367692
Miti Murhesa,2026-05-29,3.0,Miti Murhesa,0.0,,1.0,8,0.6666666666666666,-1.3769433595928646
Miti Murhesa,2026-05-30,3.0,Miti Murhesa,0.0,,1.0,9,0.6666666666666666,-1.3769433595928646
Miti Murhesa,2026-06-01,3.0,Miti Murhesa,0.0,,1.0,10,0.0,0.0003885944084025539
Miti Murhesa,2026-06-02,3.0,Miti Murhesa,0.0,,1.0,11,0.0,0.0003885944084025539
Miti Murhesa,2026-06-03,3.0,Miti Murhesa,0.0,,1.0,12,0.0,0.0003885944084025539
Miti Murhesa,2026-06-04,1.0,Miti Murhesa,0.0,,1.0,13,0.0,0.0003885944084025539
Miti Murhesa,2026-06-05,3.0,Miti Murhesa,2.0,1.0,1.0,14,0.6666666666666666,-1.2757418637367692
Miti Murhesa,2026-06-06,3.0,Miti Murhesa,0.0,1.0,1.0,15,0.6666666666666666,-1.3769433595928646
Miti Murhesa,2026-06-07,3.0,Miti Murhesa,0.0,1.0,1.0,16,0.6666666666666666,-1.3769433595928646
Miti Murhesa,2026-06-08,1.0,Miti Murhesa,0.0,1.0,1.0,17,0.0,0.0003885944084025539
Miti Murhesa,2026-06-09,3.0,Miti Murhesa,2.0,2.0,1.0,18,0.6666666666666666,-1.2757418637367692
Miti Murhesa,2026-06-10,3.0,Miti Murhesa,0.0,2.0,1.0,19,0.6666666666666666,-1.3769433595928646
Miti Murhesa,2026-06-11,3.0,Miti Murhesa,0.0,2.0,1.0,20,0.6666666666666666,-1.3769433595928646
Miti Murhesa,2026-06-13,3.0,Miti Murhesa,0.0,1.0,1.0,21,0.0,0.0003885944084025539
Miti Murhesa,2026-06-14,3.0,Miti Murhesa,0.0,1.0,1.0,22,0.0,0.0003885944084025539
Miti Murhesa,2026-06-15,3.0,Miti Murhesa,0.0,1.0,1.0,23,0.0,0.0003885944084025539
Miti Murhesa,2026-06-16,3.0,Miti Murhesa,0.0,1.0,,24,0.0,0.0003885944084025539
Miti Murhesa,2026-06-17,3.0,Miti Murhesa,0.0,0.0,1.0,25,0.0,0.0003885944084025539
Miti Murhesa,2026-06-18,3.0,Miti Murhesa,0.0,0.0,1.0,26,0.0,0.0003885944084025539
Miti Murhesa,2026-06-19,3.0,Miti Murhesa,0.0,0.0,1.0,27,0.0,0.0003885944084025539
Miti Murhesa,2026-06-20,3.0,Miti Murhesa,0.0,0.0,1.0,28,0.0,0.0003885944084025539
Miti Murhesa,2026-06-21,3.0,Miti Murhesa,0.0,0.0,1.0,29,0.0,0.0003885944084025539
Miti Murhesa,2026-06-22,3.0,Miti Murhesa,0.0,0.0,1.0,30,0.0,0.0003885944084025539
Miti Murhesa,2026-06-24,3.0,Miti Murhesa,0.0,0.0,1.0,31,0.0,0.0003885944084025539
Miti Murhesa,2026-06-25,3.0,Miti Murhesa,0.0,,1.0,32,0.0,0.0003885944084025539
Miti Murhesa,2026-06-29,3.0,Miti Murhesa,0.0,,1.0,33,0.0,0.0003885944084025539
Miti Murhesa,2026-06-30,3.0,Miti Murhesa,0.0,,1.0,34,0.0,0.0003885944084025539
Miti Murhesa,2026-07-01,3.0,Miti Murhesa,0.0,,1.0,35,0.0,0.0003885944084025539
Miti Murhesa,2026-07-02,3.0,Miti Murhesa,0.0,,1.0,36,0.0,0.0003885944084025539
Miti Murhesa,2026-07-03,3.0,Miti Murhesa,0.0,,1.0,37,0.0,0.0003885944084025539
Miti Murhesa,2026-07-04,3.0,Miti Murhesa,0.0,,1.0,38,0.0,0.0003885944084025539
Miti Murhesa,2026-07-05,3.0,Miti Murhesa,0.0,,1.0,39,0.0,0.0003885944084025539
Miti Murhesa,2026-07-06,3.0,Miti Murhesa,0.0,,1.0,40,0.0,0.0003885944084025539
Miti Murhesa,2026-07-07,3.0,Miti Murhesa,0.0,,1.0,41,0.0,0.0003885944084025539
Miti Murhesa,2026-07-08,3.0,Miti Murhesa,0.0,,1.0,42,0.0,0.0003885944084025539
Miti Murhesa,2026-07-09,3.0,Miti Murhesa,0.0,,1.0,43,0.0,0.0003885944084025539
Miti Murhesa,2026-07-10,3.0,Miti Murhesa,0.0,,1.0,44,0.0,0.0003885944084025539
Miti-Murhesa,2026-07-11,3.0,Miti Murhesa,0.0,,1.0,45,0.0,0.0003885944084025539
Miti-Murhesa,2026-07-13,3.0,Miti Murhesa,0.0,,1.0,46,0.0,0.0003885944084025539
Miti-Murhesa,2026-07-15,3.0,Miti Murhesa,0.0,,1.0,47,0.0,0.0003885944084025539
Miti-Murhesa,2026-07-17,3.0,Miti Murhesa,0.0,,1.0,48,0.0,0.0003885944084025539
Miti-Murhesa,2026-07-18,3.0,Miti Murhesa,0.0,,1.0,49,0.0,0.0003885944084025539
Miti-Murhesa,2026-07-19,3.0,Miti Murhesa,0.0,,1.0,50,0.0,0.0003885944084025539
Miti-Murhesa,2026-07-20,3.0,Miti Murhesa,0.0,,1.0,51,0.0,0.0003885944084025539
Miti-Murhesa,2026-07-22,3.0,Miti Murhesa,0.0,,1.0,52,0.0,0.0003885944084025539
Miti-Murhesa,2026-07-23,3.0,Miti Murhesa,0.0,,1.0,53,0.0,0.0003885944084025539
Miti-Murhesa,2026-07-25,3.0,Miti Murhesa,0.0,,1.0,54,0.0,0.0003885944084025539
Miti-Murhesa,2026-07-26,3.0,Miti Murhesa,0.0,,1.0,55,0.0,0.0003885944084025539
Miti-Murhesa,2026-07-27,3.0,Miti Murhesa,0.0,,1.0,56,0.0,0.0003885944084025539
Miti-Murhesa,2026-07-30,3.0,Miti Murhesa,0.0,,1.0,57,0.0,0.0003885944084025539
Miti-Murhesa,2026-07-31,3.0,Miti Murhesa,0.0,,1.0,58,0.0,0.0003885944084025539
Miti-Murhesa,2026-08-01,3.0,Miti Murhesa,0.0,,1.0,59,0.0,0.0003885944084025539
Miti-Murhesa,2026-08-02,3.0,Miti Murhesa,0.0,,1.0,60,0.0,0.0003885944084025539
Miti-Murhesa,2026-08-03,3.0,Miti Murhesa,0.0,,1.0,61,0.0,0.0003885944084025539
Miti-Murhesa,2026-08-04,3.0,Miti Murhesa,0.0,,1.0,62,0.0,0.0003885944084025539
Mongbwalu,2026-05-14,0.0,Mongbwalu,0.0,,,0,0.0,0.0003885944084025539
Mongbwalu,2026-05-15,0.0,Mongbwalu,0.0,,,1,0.0,0.0003885944084025539
Mongbwalu,2026-05-18,1.0,Mongbwalu,1.0,,,2,0.3333333333333333,-1.4251931756567302
Mongbwalu,2026-05-19,13.0,Mongbwalu,12.0,,0.0,3,4.333333333333333,13.75163933478186
Mongbwalu,2026-05-20,13.0,Mongbwalu,0.0,,0.0,4,4.333333333333333,6.064018879465532
Mongbwalu,2026-05-21,14.0,Mongbwalu,1.0,,0.0,5,4.333333333333333,5.313937525234401
Mongbwalu,2026-05-22,10.0,Mongbwalu,0.0,,0.0,6,0.3333333333333333,-0.8730765821747752
Mongbwalu,2026-05-23,19.0,Mongbwalu,9.0,,0.0,7,3.3333333333333335,9.827797814788038
Mongbwalu,2026-05-24,19.0,Mongbwalu,0.0,,0.0,8,3.0,1.5342897320051847
Mongbwalu,2026-05-25,19.0,Mongbwalu,0.0,22.0,0.0,9,3.0,1.5342897320051847
Mongbwalu,2026-05-26,20.0,Mongbwalu,1.0,0.8461538461538461,0.0,10,0.3333333333333333,-1.4251931756567302
Mongbwalu,2026-05-27,20.0,Mongbwalu,0.0,0.8461538461538461,0.0,11,0.3333333333333333,-0.8730765821747752
Mongbwalu,2026-05-28,47.0,Mongbwalu,27.0,2.642857142857143,10.0,12,9.333333333333334,16.5984340359513
Mongbwalu,2026-05-29,47.0,Mongbwalu,0.0,2.642857142857143,10.0,13,9.0,15.338487787955028
Mongbwalu,2026-05-30,47.0,Mongbwalu,0.0,1.2173913043478262,10.0,14,9.0,15.338487787955028
Mongbwalu,2026-06-01,47.0,Mongbwalu,0.0,1.2173913043478262,10.0,15,0.0,0.0003885944084025539
Mongbwalu,2026-06-02,47.0,Mongbwalu,0.0,1.2727272727272727,10.0,16,0.0,0.0003885944084025539
Mongbwalu,2026-06-03,47.0,Mongbwalu,0.0,2.4545454545454546,10.0,17,0.0,0.0003885944084025539
Mongbwalu,2026-06-04,64.0,Mongbwalu,17.0,4.0,21.0,18,5.666666666666667,17.397292047147975
Mongbwalu,2026-06-05,74.0,Mongbwalu,10.0,0.7297297297297297,21.0,19,9.0,17.547256502346897
Mongbwalu,2026-06-06,92.0,Mongbwalu,18.0,1.2162162162162162,25.0,20,15.0,17.74241421739611
Mongbwalu,2026-06-07,98.0,Mongbwalu,6.0,1.8214285714285716,29.0,21,11.333333333333334,17.42167987596576
Mongbwalu,2026-06-08,114.0,Mongbwalu,16.0,2.392857142857143,40.0,22,13.333333333333334,17.742395855653548
Mongbwalu,2026-06-09,127.0,Mongbwalu,13.0,2.857142857142857,47.0,23,11.666666666666666,17.7416033521879
Mongbwalu,2026-06-10,132.0,Mongbwalu,5.0,3.1481481481481484,49.0,24,11.333333333333334,17.13448707276474
Mongbwalu,2026-06-11,136.0,Mongbwalu,4.0,1.6363636363636365,52.0,25,7.333333333333333,15.97148523376489
Mongbwalu,2026-06-13,164.0,Mongbwalu,28.0,3.333333333333333,73.0,26,12.333333333333334,17.245467346293886
Mongbwalu,2026-06-14,175.0,Mongbwalu,11.0,1.8444444444444448,80.0,27,14.333333333333334,17.740671156811867
Mongbwalu,2026-06-15,185.0,Mongbwalu,10.0,1.7058823529411764,83.0,28,16.333333333333332,17.73925972904319
Mongbwalu,2026-06-16,189.0,Mongbwalu,4.0,1.1194029850746268,,29,8.333333333333334,16.633997141873643
Mongbwalu,2026-06-17,189.0,Mongbwalu,0.0,0.775,83.0,30,4.666666666666667,7.461868404049982
Mongbwalu,2026-06-18,198.0,Mongbwalu,9.0,0.7764705882352941,87.0,31,4.333333333333333,10.565609806658086
Mongbwalu,2026-06-19,209.0,Mongbwalu,11.0,1.0138888888888888,89.0,32,6.666666666666667,16.009879685816646
Mongbwalu,2026-06-20,220.0,Mongbwalu,11.0,0.6222222222222222,91.0,33,10.333333333333334,17.719940839427878
Mongbwalu,2026-06-21,229.0,Mongbwalu,9.0,0.6506024096385542,96.0,34,10.333333333333334,17.688468715496295
Mongbwalu,2026-06-22,237.0,Mongbwalu,8.0,0.5977011494252874,100.0,35,9.333333333333334,17.537715700098392
Mongbwalu,2026-06-23,241.0,Mongbwalu,4.0,0.6933333333333334,103.0,36,7.0,15.492116766883129
Mongbwalu,2026-06-24,245.0,Mongbwalu,4.0,0.9032258064516128,105.0,37,5.333333333333333,10.612224860979492
Mongbwalu,2026-06-25,250.0,Mongbwalu,5.0,0.7878787878787878,109.0,38,4.333333333333333,7.167511209055611
Mongbwalu,2026-06-29,258.0,Mongbwalu,8.0,0.6712328767123288,123.0,39,5.666666666666667,12.894973761754539
Mongbwalu,2026-06-30,264.0,Mongbwalu,6.0,0.7857142857142857,126.0,40,6.333333333333333,14.265883524729357
Mongbwalu,2026-07-01,270.0,Mongbwalu,6.0,0.7592592592592593,127.0,41,6.666666666666667,15.035694766596192
Mongbwalu,2026-07-02,273.0,Mongbwalu,3.0,0.6923076923076923,136.0,42,5.0,8.763881376510028
Mongbwalu,2026-07-03,276.0,Mongbwalu,3.0,0.6730769230769231,139.0,43,4.0,4.427029037402264
Mongbwalu,2026-07-04,278.0,Mongbwalu,2.0,0.5892857142857143,141.0,44,2.6666666666666665,-0.4485710506626539
Mongbwalu,2026-07-05,288.0,Mongbwalu,10.0,0.7307692307692307,149.0,45,5.0,12.63615218286681
Mongbwalu,2026-07-06,298.0,Mongbwalu,10.0,0.8163265306122449,154.0,46,7.333333333333333,16.55070391185457
Mongbwalu,2026-07-07,310.0,Mongbwalu,12.0,1.0454545454545454,165.0,47,10.666666666666666,17.733773535321916
Mongbwalu,2026-07-08,315.0,Mongbwalu,5.0,1.0975609756097562,167.0,48,9.0,17.032054133865866
Mongbwalu,2026-07-09,327.0,Mongbwalu,12.0,1.5,170.0,49,9.666666666666666,17.698321309586422
Mongbwalu,2026-07-10,329.0,Mongbwalu,2.0,1.5142857142857142,171.0,50,6.333333333333333,13.591742553000927
Mongbwalu,2026-07-11,336.0,Mongbwalu,7.0,1.7575757575757576,177.0,51,7.0,15.708989081561949
Mongbwalu,2026-07-13,336.0,Mongbwalu,0.0,1.263157894736842,182.0,52,3.0,1.5342897320051847
Mongbwalu,2026-07-15,347.0,Mongbwalu,11.0,1.225,192.0,53,6.0,15.038991042117665
Mongbwalu,2026-07-17,355.0,Mongbwalu,8.0,0.9782608695652174,196.0,54,6.333333333333333,14.518905508419458
Mongbwalu,2026-07-18,360.0,Mongbwalu,5.0,1.0,199.0,55,8.0,16.721940965252635
Mongbwalu,2026-07-19,363.0,Mongbwalu,3.0,0.6666666666666666,203.0,56,5.333333333333333,10.209667050673598
Mongbwalu,2026-07-20,364.0,Mongbwalu,1.0,0.660377358490566,204.0,57,3.0,0.4311288255378223
Mongbwalu,2026-07-22,482.0,Mongbwalu,118.0,2.5172413793103448,226.0,58,40.666666666666664,17.742453437134387
Mongbwalu,2026-07-23,484.0,Mongbwalu,2.0,3.083333333333333,228.0,59,40.333333333333336,17.742453437134387
Mongbwalu,2026-07-25,498.0,Mongbwalu,14.0,3.0816326530612246,237.0,60,44.666666666666664,17.742453437134387
Mongbwalu,2026-07-26,506.0,Mongbwalu,8.0,3.355555555555556,244.0,61,8.0,16.95655248491561
Mongbwalu,2026-07-27,528.0,Mongbwalu,22.0,3.733333333333333,252.0,62,14.666666666666666,17.74023763246356
Mongbwalu,2026-07-30,541.0,Mongbwalu,13.0,4.944444444444445,258.0,63,14.333333333333334,17.742346773907787
Mongbwalu,2026-07-31,545.0,Mongbwalu,4.0,5.171428571428572,259.0,64,13.0,16.869625946415688
Mongbwalu,2026-08-01,550.0,Mongbwalu,5.0,0.4657534246575342,261.0,65,7.333333333333333,16.10782135674004
Mongbwalu,2026-08-02,552.0,Mongbwalu,2.0,0.4594594594594595,263.0,66,3.6666666666666665,2.567991661375739
Mongbwalu,2026-08-03,553.0,Mongbwalu,1.0,0.3642384105960264,264.0,67,2.6666666666666665,-0.4365055061024208
Mongbwalu,2026-08-04,558.0,Mongbwalu,5.0,0.3443708609271523,268.0,68,2.6666666666666665,3.271753532964601
Musienene,2026-06-16,1.0,Musienene,0.0,,,0,0.0,0.0003885944084025539
Musienene,2026-06-17,1.0,Musienene,0.0,,1.0,1,0.0,0.0003885944084025539
Musienene,2026-06-18,1.0,Musienene,0.0,,1.0,2,0.0,0.0003885944084025539
Musienene,2026-06-19,1.0,Musienene,0.0,,1.0,3,0.0,0.0003885944084025539
Musienene,2026-06-20,1.0,Musienene,0.0,,1.0,4,0.0,0.0003885944084025539
Musienene,2026-06-21,2.0,Musienene,1.0,,1.0,5,0.3333333333333333,-1.4251931756567302
Musienene,2026-06-22,2.0,Musienene,0.0,,1.0,6,0.3333333333333333,-0.8730765821747752
Musienene,2026-06-23,2.0,Musienene,0.0,,2.0,7,0.3333333333333333,-0.8730765821747752
Musienene,2026-06-24,2.0,Musienene,0.0,,2.0,8,0.0,0.0003885944084025539
Musienene,2026-06-25,2.0,Musienene,0.0,,2.0,9,0.0,0.0003885944084025539
Musienene,2026-06-29,3.0,Musienene,1.0,,2.0,10,0.3333333333333333,-1.4251931756567302
Musienene,2026-06-30,3.0,Musienene,0.0,,2.0,11,0.3333333333333333,-0.8730765821747752
Musienene,2026-07-01,3.0,Musienene,0.0,1.0,2.0,12,0.3333333333333333,-0.8730765821747752
Musienene,2026-07-02,3.0,Musienene,0.0,1.0,2.0,13,0.0,0.0003885944084025539
Musienene,2026-07-03,4.0,Musienene,1.0,2.0,2.0,14,0.3333333333333333,-1.4251931756567302
Musienene,2026-07-04,6.0,Musienene,2.0,4.0,2.0,15,1.0,-1.780933853258734
Musienene,2026-07-05,8.0,Musienene,2.0,6.0,2.0,16,1.6666666666666667,-1.9119242024307646
Musienene,2026-07-06,8.0,Musienene,0.0,2.5,2.0,17,1.3333333333333333,-1.4297595964480365
Musienene,2026-07-07,8.0,Musienene,0.0,2.5,2.0,18,0.6666666666666666,-1.3769433595928646
Musienene,2026-07-08,8.0,Musienene,0.0,5.0,2.0,19,0.0,0.0003885944084025539
Musienene,2026-07-09,9.0,Musienene,1.0,6.0,2.0,20,0.3333333333333333,-1.4251931756567302
Musienene,2026-07-10,9.0,Musienene,0.0,2.5,2.0,21,0.3333333333333333,-0.8730765821747752
Musienene,2026-07-11,10.0,Musienene,1.0,1.0,2.0,22,0.6666666666666666,-2.094588153870461
Musienene,2026-07-13,11.0,Musienene,1.0,0.5,2.0,23,0.6666666666666666,-2.094588153870461
Musienene,2026-07-15,14.0,Musienene,3.0,1.2,4.0,24,1.6666666666666667,-0.5672165263403741
Musienene,2026-07-17,14.0,Musienene,0.0,1.2,3.0,25,1.3333333333333333,-1.4297595964480365
Musienene,2026-07-18,18.0,Musienene,4.0,2.0,5.0,26,2.3333333333333335,1.3731388204265578
Musienene,2026-07-19,19.0,Musienene,1.0,1.6666666666666667,5.0,27,1.6666666666666667,-2.192902003606882
Musienene,2026-07-20,19.0,Musienene,0.0,2.0,5.0,28,1.6666666666666667,-1.0995592185456076
Musienene,2026-07-22,26.0,Musienene,7.0,4.0,13.0,29,2.6666666666666665,6.752441867366112
Musienene,2026-07-23,27.0,Musienene,1.0,5.333333333333333,13.0,30,2.6666666666666665,-0.4365055061024208
Musienene,2026-07-25,29.0,Musienene,2.0,2.5,14.0,31,3.3333333333333335,1.39912364955633
Musienene,2026-07-26,29.0,Musienene,0.0,2.5,19.0,32,1.0,-1.5436957073615716
Musienene,2026-07-27,31.0,Musienene,2.0,1.3,20.0,33,1.3333333333333333,-1.980445902168082
Musienene,2026-07-30,39.0,Musienene,8.0,2.0,22.0,34,3.3333333333333335,8.3101221187223
Musienene,2026-07-31,40.0,Musienene,1.0,2.1,23.0,35,3.6666666666666665,2.5972440544317763
Musienene,2026-08-01,41.0,Musienene,1.0,0.9375,23.0,36,3.3333333333333335,1.4407306020171653
Musienene,2026-08-02,43.0,Musienene,2.0,1.0,25.0,37,1.3333333333333333,-1.980445902168082
Musienene,2026-08-03,44.0,Musienene,1.0,1.0,25.0,38,1.3333333333333333,-2.4283795635449046
Musienene,2026-08-04,45.0,Musienene,1.0,1.0666666666666669,25.0,39,1.3333333333333333,-2.4283795635449046
Nia Nia,2026-06-13,1.0,Nia Nia,0.0,,1.0,0,0.0,0.0003885944084025539
Nia Nia,2026-06-14,1.0,Nia Nia,0.0,,1.0,1,0.0,0.0003885944084025539
Nia Nia,2026-06-15,1.0,Nia Nia,0.0,,1.0,2,0.0,0.0003885944084025539
Nia Nia,2026-06-16,1.0,Nia Nia,0.0,,,3,0.0,0.0003885944084025539
Nia Nia,2026-06-17,1.0,Nia Nia,0.0,,1.0,4,0.0,0.0003885944084025539
Nia Nia,2026-06-18,1.0,Nia Nia,0.0,,1.0,5,0.0,0.0003885944084025539
Nia Nia,2026-06-19,1.0,Nia Nia,0.0,,1.0,6,0.0,0.0003885944084025539
Nia Nia,2026-06-20,1.0,Nia Nia,0.0,,1.0,7,0.0,0.0003885944084025539
Nia Nia,2026-06-21,2.0,Nia Nia,1.0,,2.0,8,0.3333333333333333,-1.4251931756567302
Nia Nia,2026-06-22,2.0,Nia Nia,0.0,,2.0,9,0.3333333333333333,-0.8730765821747752
Nia Nia,2026-06-23,5.0,Nia Nia,3.0,,3.0,10,1.3333333333333333,-0.41670801806299096
Nia Nia,2026-06-24,5.0,Nia Nia,0.0,,3.0,11,1.0,-1.5436957073615716
Nia Nia,2026-06-25,5.0,Nia Nia,0.0,,3.0,12,1.0,-1.5436957073615716
Nia Nia,2026-06-29,11.0,Nia Nia,6.0,,5.0,13,2.0,5.447876137664155
Nia Nia,2026-06-30,12.0,Nia Nia,1.0,,5.0,14,2.3333333333333335,-1.167969904544215
Nia Nia,2026-07-01,12.0,Nia Nia,0.0,10.0,5.0,15,2.3333333333333335,-0.00012973376987091
Nia Nia,2026-07-02,12.0,Nia Nia,0.0,10.0,5.0,16,0.3333333333333333,-0.8730765821747752
Nia Nia,2026-07-03,12.0,Nia Nia,0.0,1.75,5.0,17,0.0,0.0003885944084025539
Nia Nia,2026-07-04,12.0,Nia Nia,0.0,1.75,5.0,18,0.0,0.0003885944084025539
Nia Nia,2026-07-05,20.0,Nia Nia,8.0,3.75,5.0,19,2.6666666666666665,8.565254721719914
Nia Nia,2026-07-06,33.0,Nia Nia,13.0,2.2,12.0,20,7.0,16.934609203722616
Nia Nia,2026-07-07,35.0,Nia Nia,2.0,2.090909090909091,13.0,21,7.666666666666667,15.814376290963148
Nia Nia,2026-07-08,35.0,Nia Nia,0.0,2.3,13.0,22,5.0,8.889147988430993
Nia Nia,2026-07-09,35.0,Nia Nia,0.0,2.3,13.0,23,0.6666666666666666,-1.3769433595928646
Nia Nia,2026-07-10,35.0,Nia Nia,0.0,3.2857142857142856,13.0,24,0.0,0.0003885944084025539
Nia-Nia,2026-07-11,36.0,Nia Nia,1.0,3.4285714285714284,12.0,25,0.3333333333333333,-1.4251931756567302
Nia-Nia,2026-07-13,36.0,Nia Nia,0.0,1.0666666666666669,7.0,26,0.3333333333333333,-0.8730765821747752
Nia-Nia,2026-07-15,42.0,Nia Nia,6.0,0.4090909090909091,9.0,27,2.3333333333333335,5.091177527853446
Nia-Nia,2026-07-17,47.0,Nia Nia,5.0,0.5217391304347826,12.0,28,3.6666666666666665,5.020669015056628
Nia-Nia,2026-07-18,49.0,Nia Nia,2.0,0.6086956521739131,15.0,29,4.333333333333333,5.322399729053762
Nia-Nia,2026-07-19,51.0,Nia Nia,2.0,0.6956521739130435,15.0,30,3.0,0.39211345072134307
Nia-Nia,2026-07-20,54.0,Nia Nia,3.0,0.8260869565217391,16.0,31,2.3333333333333335,-0.1492611052797841
Nia-Nia,2026-07-22,78.0,Nia Nia,24.0,1.75,41.0,32,9.666666666666666,17.14727054506686
Nia-Nia,2026-07-23,78.0,Nia Nia,0.0,2.625,43.0,33,9.0,15.338487787955028
Nia-Nia,2026-07-25,89.0,Nia Nia,11.0,5.222222222222222,46.0,34,11.666666666666666,17.7387936292946
Nia-Nia,2026-07-26,90.0,Nia Nia,1.0,3.583333333333333,47.0,35,4.0,3.8954638495074043
Nia-Nia,2026-07-27,92.0,Nia Nia,2.0,3.071428571428572,48.0,36,4.666666666666667,6.837304160388641
Nia-Nia,2026-07-30,95.0,Nia Nia,3.0,2.75,50.0,37,2.0,-0.47169610694086117
Nia-Nia,2026-07-31,101.0,Nia Nia,6.0,2.473684210526316,53.0,38,3.6666666666666665,6.064778479649721
Nia-Nia,2026-08-01,103.0,Nia Nia,2.0,0.5952380952380952,56.0,39,3.6666666666666665,2.567991661375739
Nia-Nia,2026-08-02,104.0,Nia Nia,1.0,0.6190476190476191,57.0,40,3.0,0.4311288255378223
Nia-Nia,2026-08-03,112.0,Nia Nia,8.0,0.4893617021276595,63.0,41,3.6666666666666665,8.514986197296832
Nia-Nia,2026-08-04,112.0,Nia Nia,0.0,0.5116279069767442,66.0,42,3.0,1.5342897320051847
Nizi,2026-05-21,1.0,Nizi,0.0,,0.0,0,0.0,0.0003885944084025539
Nizi,2026-05-22,2.0,Nizi,1.0,,0.0,1,0.5,-1.8055635033876598
Nizi,2026-05-23,2.0,Nizi,0.0,,0.0,2,0.3333333333333333,-0.8730765821747752
Nizi,2026-05-24,2.0,Nizi,0.0,,0.0,3,0.3333333333333333,-0.8730765821747752
Nizi,2026-05-25,2.0,Nizi,0.0,,,4,0.0,0.0003885944084025539
Nizi,2026-05-26,2.0,Nizi,0.0,,0.0,5,0.0,0.0003885944084025539
Nizi,2026-05-27,2.0,Nizi,0.0,,0.0,6,0.0,0.0003885944084025539
Nizi,2026-05-28,2.0,Nizi,0.0,,0.0,7,0.0,0.0003885944084025539
Nizi,2026-05-29,2.0,Nizi,0.0,0.0,0.0,8,0.0,0.0003885944084025539
Nizi,2026-05-30,2.0,Nizi,0.0,0.0,0.0,9,0.0,0.0003885944084025539
Nizi,2026-06-01,2.0,Nizi,0.0,0.0,0.0,10,0.0,0.0003885944084025539
Nizi,2026-06-02,2.0,Nizi,0.0,0.0,0.0,11,0.0,0.0003885944084025539
Nizi,2026-06-03,2.0,Nizi,0.0,0.0,0.0,12,0.0,0.0003885944084025539
Nizi,2026-06-04,5.0,Nizi,3.0,3.0,0.0,13,1.0,-0.00012951072800149177
Nizi,2026-06-05,5.0,Nizi,0.0,3.0,0.0,14,1.0,-1.5436957073615716
Nizi,2026-06-06,5.0,Nizi,0.0,,0.0,15,1.0,-1.5436957073615716
Nizi,2026-06-07,5.0,Nizi,0.0,,0.0,16,0.0,0.0003885944084025539
Nizi,2026-06-08,5.0,Nizi,0.0,,0.0,17,0.0,0.0003885944084025539
Nizi,2026-06-09,5.0,Nizi,0.0,,0.0,18,0.0,0.0003885944084025539
Nizi,2026-06-10,7.0,Nizi,2.0,,0.0,19,0.6666666666666666,-1.2757418637367692
Nizi,2026-06-11,9.0,Nizi,2.0,1.3333333333333333,1.0,20,1.3333333333333333,-1.980445902168082
Nizi,2026-06-13,11.0,Nizi,2.0,2.0,1.0,21,2.0,-1.6146398312245296
Nizi,2026-06-14,11.0,Nizi,0.0,2.0,1.0,22,1.3333333333333333,-1.4297595964480365
Nizi,2026-06-15,16.0,Nizi,5.0,3.6666666666666665,1.0,23,2.3333333333333335,3.1685646241963177
Nizi,2026-06-16,16.0,Nizi,0.0,3.6666666666666665,,24,1.6666666666666667,-1.0995592185456076
Nizi,2026-06-17,25.0,Nizi,9.0,6.666666666666667,5.0,25,4.666666666666667,11.145203498386376
Nizi,2026-06-18,26.0,Nizi,1.0,3.8,5.0,26,3.3333333333333335,1.4407306020171653
Nizi,2026-06-19,26.0,Nizi,0.0,4.25,5.0,27,3.3333333333333335,2.4737885849719383
Nizi,2026-06-20,26.0,Nizi,0.0,2.5,5.0,28,0.3333333333333333,-0.8730765821747752
Nizi,2026-06-21,26.0,Nizi,0.0,2.5,5.0,29,0.0,0.0003885944084025539
Nizi,2026-06-22,30.0,Nizi,4.0,1.2727272727272727,6.0,30,1.3333333333333333,1.8035082870597936
Nizi,2026-06-23,30.0,Nizi,0.0,1.2727272727272727,6.0,31,1.3333333333333333,-1.4297595964480365
Nizi,2026-06-24,30.0,Nizi,0.0,0.25,6.0,32,1.3333333333333333,-1.4297595964480365
Nizi,2026-06-25,32.0,Nizi,2.0,0.3157894736842105,6.0,33,0.6666666666666666,-1.2757418637367692
Nizi,2026-06-29,41.0,Nizi,9.0,0.8823529411764706,9.0,34,3.6666666666666665,9.881907032215217
Nizi,2026-06-30,61.0,Nizi,20.0,2.333333333333333,19.0,35,10.333333333333334,17.694856590740113
Nizi,2026-07-01,65.0,Nizi,4.0,2.6,19.0,36,11.0,16.671187897116187
Nizi,2026-07-02,65.0,Nizi,0.0,2.5,19.0,37,8.0,15.691036421502353
Nizi,2026-07-03,65.0,Nizi,0.0,2.5,19.0,38,1.3333333333333333,-1.4297595964480365
Nizi,2026-07-04,72.0,Nizi,7.0,8.4,19.0,39,2.3333333333333335,7.06250356623868
Nizi,2026-07-05,78.0,Nizi,6.0,7.666666666666667,19.0,40,4.333333333333333,7.851756178899651
Nizi,2026-07-06,84.0,Nizi,6.0,2.8666666666666667,24.0,41,6.333333333333333,14.265883524729357
Nizi,2026-07-07,94.0,Nizi,10.0,0.9428571428571428,28.0,42,7.333333333333333,16.55070391185457
Nizi,2026-07-08,104.0,Nizi,10.0,1.0,36.0,43,8.666666666666666,17.44837153474872
Nizi,2026-07-09,107.0,Nizi,3.0,1.2,36.0,44,7.666666666666667,16.066621634640963
Nizi,2026-07-10,110.0,Nizi,3.0,1.2857142857142858,36.0,45,5.333333333333333,10.209667050673598
Nizi,2026-07-11,121.0,Nizi,11.0,1.1666666666666667,47.0,46,5.666666666666667,14.503946494675548
Nizi,2026-07-13,131.0,Nizi,10.0,1.1521739130434785,50.0,47,8.0,17.11995197702795
Nizi,2026-07-15,148.0,Nizi,17.0,1.4883720930232558,67.0,48,12.666666666666666,17.74201700439055
Nizi,2026-07-17,168.0,Nizi,20.0,2.242424242424242,79.0,49,15.666666666666666,17.742382071581584
Nizi,2026-07-18,198.0,Nizi,30.0,2.41025641025641,87.0,50,22.333333333333332,17.742448421271305
Nizi,2026-07-19,214.0,Nizi,16.0,2.5476190476190474,93.0,51,22.0,17.742453437085587
Nizi,2026-07-20,223.0,Nizi,9.0,2.511111111111111,99.0,52,18.333333333333332,17.74098541896696
Nizi,2026-07-22,308.0,Nizi,85.0,3.816326530612245,144.0,53,36.666666666666664,17.742453437134387
Nizi,2026-07-23,316.0,Nizi,8.0,3.490566037735849,151.0,54,34.0,17.742453437134387
Nizi,2026-07-25,350.0,Nizi,34.0,3.15625,166.0,55,42.333333333333336,17.742453437134387
Nizi,2026-07-26,357.0,Nizi,7.0,2.554054054054054,171.0,56,16.333333333333332,17.678275276063466
Nizi,2026-07-27,360.0,Nizi,3.0,1.7234042553191489,172.0,57,14.666666666666666,16.492920025760693
Nizi,2026-07-30,377.0,Nizi,17.0,1.5233644859813085,179.0,58,9.0,17.728762950952717
Nizi,2026-07-31,387.0,Nizi,10.0,1.4513274336283186,187.0,59,10.0,17.690334711677817
Nizi,2026-08-01,397.0,Nizi,10.0,0.4759358288770053,192.0,60,12.333333333333334,17.735500344566923
Nizi,2026-08-02,402.0,Nizi,5.0,0.4648648648648649,194.0,61,8.333333333333334,16.88507646529603
Nizi,2026-08-03,410.0,Nizi,8.0,0.297029702970297,201.0,62,7.666666666666667,16.65760500513094
Nizi,2026-08-04,431.0,Nizi,21.0,0.3915343915343915,211.0,63,11.333333333333334,17.680261165453167
Nyankunde,2026-05-18,4.0,Nyankunde,0.0,,,0,0.0,0.0003885944084025539
Nyankunde,2026-05-19,4.0,Nyankunde,0.0,,0.0,1,0.0,0.0003885944084025539
Nyankunde,2026-05-20,5.0,Nyankunde,1.0,,0.0,2,0.3333333333333333,-1.4251931756567302
Nyankunde,2026-05-21,11.0,Nyankunde,6.0,,0.0,3,2.3333333333333335,5.091177527853446
Nyankunde,2026-05-22,9.0,Nyankunde,0.0,,0.0,4,2.3333333333333335,-0.00012973376987091
Nyankunde,2026-05-23,9.0,Nyankunde,0.0,,0.0,5,2.0,-0.6101078696110918
Nyankunde,2026-05-24,9.0,Nyankunde,0.0,,0.0,6,0.0,0.0003885944084025539
Nyankunde,2026-05-25,9.0,Nyankunde,0.0,,0.0,7,0.0,0.0003885944084025539
Nyankunde,2026-05-26,10.0,Nyankunde,1.0,,0.0,8,0.3333333333333333,-1.4251931756567302
Nyankunde,2026-05-27,10.0,Nyankunde,0.0,7.0,0.0,9,0.3333333333333333,-0.8730765821747752
Nyankunde,2026-05-28,19.0,Nyankunde,9.0,1.4285714285714286,1.0,10,3.3333333333333335,9.827797814788038
Nyankunde,2026-05-29,19.0,Nyankunde,0.0,1.4285714285714286,1.0,11,3.0,1.5342897320051847
Nyankunde,2026-05-30,19.0,Nyankunde,0.0,1.4285714285714286,1.0,12,3.0,1.5342897320051847
Nyankunde,2026-06-01,19.0,Nyankunde,0.0,1.4285714285714286,1.0,13,0.0,0.0003885944084025539
Nyankunde,2026-06-02,22.0,Nyankunde,3.0,1.8571428571428568,1.0,14,1.0,-0.00012951072800149177
Nyankunde,2026-06-03,22.0,Nyankunde,0.0,1.5,1.0,15,1.0,-1.5436957073615716
Nyankunde,2026-06-04,22.0,Nyankunde,0.0,1.7142857142857142,1.0,16,1.0,-1.5436957073615716
Nyankunde,2026-06-05,24.0,Nyankunde,2.0,0.5,1.0,17,0.6666666666666666,-1.2757418637367692
Nyankunde,2026-06-06,24.0,Nyankunde,0.0,0.5,1.0,18,0.6666666666666666,-1.3769433595928646
Nyankunde,2026-06-07,26.0,Nyankunde,2.0,0.7,1.0,19,1.3333333333333333,-1.980445902168082
Nyankunde,2026-06-08,32.0,Nyankunde,6.0,1.3,1.0,20,2.6666666666666665,4.967470758711295
Nyankunde,2026-06-09,32.0,Nyankunde,0.0,0.7692307692307693,1.0,21,2.6666666666666665,0.7138636902663578
Nyankunde,2026-06-10,33.0,Nyankunde,1.0,0.9166666666666666,1.0,22,2.3333333333333335,-1.167969904544215
Nyankunde,2026-06-11,33.0,Nyankunde,0.0,0.9166666666666666,1.0,23,0.3333333333333333,-0.8730765821747752
Nyankunde,2026-06-13,38.0,Nyankunde,5.0,2.8,4.0,24,2.0,3.3100072635585924
Nyankunde,2026-06-14,42.0,Nyankunde,4.0,3.6,4.0,25,3.0,2.274102231014151
Nyankunde,2026-06-15,45.0,Nyankunde,3.0,2.7142857142857144,4.0,26,4.0,4.427029037402264
Nyankunde,2026-06-16,45.0,Nyankunde,0.0,1.0,,27,2.3333333333333335,-0.00012973376987091
Nyankunde,2026-06-17,68.0,Nyankunde,23.0,3.6,6.0,28,8.666666666666666,17.376962646857784
Nyankunde,2026-06-18,77.0,Nyankunde,9.0,4.0,7.0,29,10.666666666666666,17.701695095082364
Nyankunde,2026-06-19,79.0,Nyankunde,2.0,4.181818181818182,7.0,30,11.333333333333334,15.661287359738216
Nyankunde,2026-06-20,79.0,Nyankunde,0.0,2.9285714285714284,7.0,31,3.6666666666666665,3.5441747552959892
Nyankunde,2026-06-21,86.0,Nyankunde,7.0,2.4444444444444446,9.0,32,3.0,6.6712194565547165
Nyankunde,2026-06-22,86.0,Nyankunde,0.0,2.1578947368421053,9.0,33,2.3333333333333335,-0.00012973376987091
Nyankunde,2026-06-23,86.0,Nyankunde,0.0,3.1538461538461537,9.0,34,2.3333333333333335,-0.00012973376987091
Nyankunde,2026-06-24,91.0,Nyankunde,5.0,0.6388888888888888,10.0,35,1.6666666666666667,3.686769681237701
Nyankunde,2026-06-25,93.0,Nyankunde,2.0,0.3636363636363636,11.0,36,2.3333333333333335,-1.1203074341526396
Nyankunde,2026-06-29,94.0,Nyankunde,1.0,0.3260869565217391,15.0,37,2.6666666666666665,-0.4365055061024208
Nyankunde,2026-06-30,95.0,Nyankunde,1.0,0.3902439024390244,16.0,38,1.3333333333333333,-2.4283795635449046
Nyankunde,2026-07-01,95.0,Nyankunde,0.0,0.2045454545454545,16.0,39,0.6666666666666666,-1.3769433595928646
Nyankunde,2026-07-02,95.0,Nyankunde,0.0,0.2195121951219512,16.0,40,0.3333333333333333,-0.8730765821747752
Nyankunde,2026-07-03,95.0,Nyankunde,0.0,0.2195121951219512,17.0,41,0.0,0.0003885944084025539
Nyankunde,2026-07-04,95.0,Nyankunde,0.0,0.1739130434782608,17.0,42,0.0,0.0003885944084025539
Nyankunde,2026-07-05,96.0,Nyankunde,1.0,0.1875,19.0,43,0.3333333333333333,-1.4251931756567302
Nyankunde,2026-07-06,96.0,Nyankunde,0.0,0.1333333333333333,20.0,44,0.3333333333333333,-0.8730765821747752
Nyankunde,2026-07-07,97.0,Nyankunde,1.0,0.125,20.0,45,0.6666666666666666,-2.094588153870461
Nyankunde,2026-07-08,97.0,Nyankunde,0.0,0.2222222222222222,22.0,46,0.3333333333333333,-0.8730765821747752
Nyankunde,2026-07-09,97.0,Nyankunde,0.0,0.2222222222222222,22.0,47,0.3333333333333333,-0.8730765821747752
Nyankunde,2026-07-10,97.0,Nyankunde,0.0,0.2222222222222222,23.0,48,0.0,0.0003885944084025539
Nyankunde,2026-07-11,99.0,Nyankunde,2.0,1.0,25.0,49,0.6666666666666666,-1.2757418637367692
Nyankunde,2026-07-13,99.0,Nyankunde,0.0,1.0,26.0,50,0.6666666666666666,-1.3769433595928646
Nyankunde,2026-07-15,99.0,Nyankunde,0.0,1.5,26.0,51,0.6666666666666666,-1.3769433595928646
Nyankunde,2026-07-17,99.0,Nyankunde,0.0,1.0,28.0,52,0.0,0.0003885944084025539
Nyankunde,2026-07-18,99.0,Nyankunde,0.0,1.0,28.0,53,0.0,0.0003885944084025539
Nyankunde,2026-07-19,99.0,Nyankunde,0.0,1.0,28.0,54,0.0,0.0003885944084025539
Nyankunde,2026-07-20,99.0,Nyankunde,0.0,1.0,28.0,55,0.0,0.0003885944084025539
Nyankunde,2026-07-22,114.0,Nyankunde,15.0,3.75,30.0,56,5.0,16.450836166568234
Nyankunde,2026-07-23,114.0,Nyankunde,0.0,5.0,30.0,57,5.0,8.889147988430993
Nyankunde,2026-07-25,114.0,Nyankunde,0.0,5.0,31.0,58,5.0,8.889147988430993
Nyankunde,2026-07-26,114.0,Nyankunde,0.0,7.5,31.0,59,0.0,0.0003885944084025539
Nyankunde,2026-07-27,114.0,Nyankunde,0.0,7.5,31.0,60,0.0,0.0003885944084025539
Nyankunde,2026-07-30,114.0,Nyankunde,0.0,7.5,31.0,61,0.0,0.0003885944084025539
Nyankunde,2026-07-31,115.0,Nyankunde,1.0,8.0,32.0,62,0.3333333333333333,-1.4251931756567302
Nyankunde,2026-08-01,115.0,Nyankunde,0.0,0.0666666666666666,34.0,63,0.3333333333333333,-0.8730765821747752
Nyankunde,2026-08-02,115.0,Nyankunde,0.0,0.0666666666666666,34.0,64,0.3333333333333333,-0.8730765821747752
Nyankunde,2026-08-03,115.0,Nyankunde,0.0,0.0666666666666666,34.0,65,0.0,0.0003885944084025539
Nyankunde,2026-08-04,115.0,Nyankunde,0.0,0.0666666666666666,35.0,66,0.0,0.0003885944084025539
Oicha,2026-05-24,1.0,Oicha,0.0,,,0,0.0,0.0003885944084025539
Oicha,2026-05-25,1.0,Oicha,0.0,,,1,0.0,0.0003885944084025539
Oicha,2026-05-26,1.0,Oicha,0.0,,,2,0.0,0.0003885944084025539
Oicha,2026-05-27,2.0,Oicha,1.0,,,3,0.3333333333333333,-1.4251931756567302
Oicha,2026-05-28,1.0,Oicha,0.0,,0.0,4,0.3333333333333333,-0.8730765821747752
Oicha,2026-05-29,1.0,Oicha,0.0,,0.0,5,0.3333333333333333,-0.8730765821747752
Oicha,2026-05-30,1.0,Oicha,0.0,,0.0,6,0.0,0.0003885944084025539
Oicha,2026-06-01,2.0,Oicha,1.0,,2.0,7,0.3333333333333333,-1.4251931756567302
Oicha,2026-06-02,2.0,Oicha,0.0,,2.0,8,0.3333333333333333,-0.8730765821747752
Oicha,2026-06-03,2.0,Oicha,0.0,,2.0,9,0.3333333333333333,-0.8730765821747752
Oicha,2026-06-04,2.0,Oicha,0.0,1.0,2.0,10,0.0,0.0003885944084025539
Oicha,2026-06-05,2.0,Oicha,0.0,1.0,2.0,11,0.0,0.0003885944084025539
Oicha,2026-06-06,2.0,Oicha,0.0,1.0,2.0,12,0.0,0.0003885944084025539
Oicha,2026-06-07,2.0,Oicha,0.0,1.0,2.0,13,0.0,0.0003885944084025539
Oicha,2026-06-08,2.0,Oicha,0.0,0.0,2.0,14,0.0,0.0003885944084025539
Oicha,2026-06-09,2.0,Oicha,0.0,0.0,2.0,15,0.0,0.0003885944084025539
Oicha,2026-06-10,2.0,Oicha,0.0,0.0,2.0,16,0.0,0.0003885944084025539
Oicha,2026-06-11,2.0,Oicha,0.0,0.0,2.0,17,0.0,0.0003885944084025539
Oicha,2026-06-13,2.0,Oicha,0.0,0.0,2.0,18,0.0,0.0003885944084025539
Oicha,2026-06-14,2.0,Oicha,0.0,0.0,2.0,19,0.0,0.0003885944084025539
Oicha,2026-06-15,2.0,Oicha,0.0,0.0,2.0,20,0.0,0.0003885944084025539
Oicha,2026-06-16,3.0,Oicha,1.0,,,21,0.3333333333333333,-1.4251931756567302
Oicha,2026-06-17,3.0,Oicha,0.0,,2.0,22,0.3333333333333333,-0.8730765821747752
Oicha,2026-06-18,3.0,Oicha,0.0,,2.0,23,0.3333333333333333,-0.8730765821747752
Oicha,2026-06-19,3.0,Oicha,0.0,,2.0,24,0.0,0.0003885944084025539
Oicha,2026-06-20,3.0,Oicha,0.0,,2.0,25,0.0,0.0003885944084025539
Oicha,2026-06-21,3.0,Oicha,0.0,,2.0,26,0.0,0.0003885944084025539
Oicha,2026-06-22,3.0,Oicha,0.0,,2.0,27,0.0,0.0003885944084025539
Oicha,2026-06-23,3.0,Oicha,0.0,0.0,2.0,28,0.0,0.0003885944084025539
Oicha,2026-06-24,3.0,Oicha,0.0,0.0,2.0,29,0.0,0.0003885944084025539
Oicha,2026-06-25,3.0,Oicha,0.0,0.0,2.0,30,0.0,0.0003885944084025539
Oicha,2026-06-29,3.0,Oicha,0.0,0.0,2.0,31,0.0,0.0003885944084025539
Oicha,2026-06-30,3.0,Oicha,0.0,0.0,2.0,32,0.0,0.0003885944084025539
Oicha,2026-07-01,3.0,Oicha,0.0,0.0,2.0,33,0.0,0.0003885944084025539
Oicha,2026-07-02,3.0,Oicha,0.0,0.0,2.0,34,0.0,0.0003885944084025539
Oicha,2026-07-03,3.0,Oicha,0.0,,2.0,35,0.0,0.0003885944084025539
Oicha,2026-07-04,3.0,Oicha,0.0,,2.0,36,0.0,0.0003885944084025539
Oicha,2026-07-05,3.0,Oicha,0.0,,2.0,37,0.0,0.0003885944084025539
Oicha,2026-07-06,3.0,Oicha,0.0,,2.0,38,0.0,0.0003885944084025539
Oicha,2026-07-07,3.0,Oicha,0.0,,2.0,39,0.0,0.0003885944084025539
Oicha,2026-07-08,3.0,Oicha,0.0,,2.0,40,0.0,0.0003885944084025539
Oicha,2026-07-09,3.0,Oicha,0.0,,2.0,41,0.0,0.0003885944084025539
Oicha,2026-07-10,3.0,Oicha,0.0,,2.0,42,0.0,0.0003885944084025539
Oicha,2026-07-11,3.0,Oicha,0.0,,2.0,43,0.0,0.0003885944084025539
Oicha,2026-07-13,3.0,Oicha,0.0,,2.0,44,0.0,0.0003885944084025539
Oicha,2026-07-15,3.0,Oicha,0.0,,3.0,45,0.0,0.0003885944084025539
Oicha,2026-07-17,3.0,Oicha,0.0,,3.0,46,0.0,0.0003885944084025539
Oicha,2026-07-18,3.0,Oicha,0.0,,3.0,47,0.0,0.0003885944084025539
Oicha,2026-07-19,4.0,Oicha,1.0,,3.0,48,0.3333333333333333,-1.4251931756567302
Oicha,2026-07-20,4.0,Oicha,0.0,,4.0,49,0.3333333333333333,-0.8730765821747752
Oicha,2026-07-22,4.0,Oicha,0.0,,3.0,50,0.3333333333333333,-0.8730765821747752
Oicha,2026-07-23,4.0,Oicha,0.0,,3.0,51,0.0,0.0003885944084025539
Oicha,2026-07-25,4.0,Oicha,0.0,,3.0,52,0.0,0.0003885944084025539
Oicha,2026-07-26,4.0,Oicha,0.0,,3.0,53,0.0,0.0003885944084025539
Oicha,2026-07-27,4.0,Oicha,0.0,,3.0,54,0.0,0.0003885944084025539
Oicha,2026-07-30,4.0,Oicha,0.0,0.0,3.0,55,0.0,0.0003885944084025539
Oicha,2026-07-31,4.0,Oicha,0.0,0.0,3.0,56,0.0,0.0003885944084025539
Oicha,2026-08-01,4.0,Oicha,0.0,0.0,3.0,57,0.0,0.0003885944084025539
Oicha,2026-08-02,4.0,Oicha,0.0,0.0,3.0,58,0.0,0.0003885944084025539
Oicha,2026-08-03,4.0,Oicha,0.0,0.0,3.0,59,0.0,0.0003885944084025539
Oicha,2026-08-04,4.0,Oicha,0.0,0.0,3.0,60,0.0,0.0003885944084025539
Rimba,2026-05-26,0.0,Rimba,0.0,,,0,0.0,0.0003885944084025539
Rimba,2026-05-27,0.0,Rimba,0.0,,,1,0.0,0.0003885944084025539
Rimba,2026-06-02,3.0,Rimba,3.0,,0.0,2,1.0,-0.00012951072800149177
Rimba,2026-06-04,3.0,Rimba,0.0,,0.0,3,1.0,-1.5436957073615716
Rimba,2026-06-05,3.0,Rimba,0.0,,0.0,4,1.0,-1.5436957073615716
Rimba,2026-06-06,3.0,Rimba,0.0,,0.0,5,0.0,0.0003885944084025539
Rimba,2026-06-07,3.0,Rimba,0.0,,0.0,6,0.0,0.0003885944084025539
Rimba,2026-06-08,3.0,Rimba,0.0,,0.0,7,0.0,0.0003885944084025539
Rimba,2026-06-09,3.0,Rimba,0.0,,0.0,8,0.0,0.0003885944084025539
Rimba,2026-06-10,3.0,Rimba,0.0,0.0,0.0,9,0.0,0.0003885944084025539
Rimba,2026-06-11,3.0,Rimba,0.0,0.0,0.0,10,0.0,0.0003885944084025539
Rimba,2026-06-13,3.0,Rimba,0.0,0.0,0.0,11,0.0,0.0003885944084025539
Rimba,2026-06-14,3.0,Rimba,0.0,0.0,0.0,12,0.0,0.0003885944084025539
Rimba,2026-06-15,3.0,Rimba,0.0,0.0,0.0,13,0.0,0.0003885944084025539
Rimba,2026-06-16,3.0,Rimba,0.0,0.0,,14,0.0,0.0003885944084025539
Rimba,2026-06-17,3.0,Rimba,0.0,0.0,0.0,15,0.0,0.0003885944084025539
Rimba,2026-06-18,3.0,Rimba,0.0,,0.0,16,0.0,0.0003885944084025539
Rimba,2026-06-19,3.0,Rimba,0.0,,0.0,17,0.0,0.0003885944084025539
Rimba,2026-06-20,3.0,Rimba,0.0,,0.0,18,0.0,0.0003885944084025539
Rimba,2026-06-21,3.0,Rimba,0.0,,0.0,19,0.0,0.0003885944084025539
Rimba,2026-06-22,3.0,Rimba,0.0,,0.0,20,0.0,0.0003885944084025539
Rimba,2026-06-23,3.0,Rimba,0.0,,0.0,21,0.0,0.0003885944084025539
Rimba,2026-06-24,3.0,Rimba,0.0,,0.0,22,0.0,0.0003885944084025539
Rimba,2026-06-25,3.0,Rimba,0.0,,0.0,23,0.0,0.0003885944084025539
Rimba,2026-06-29,3.0,Rimba,0.0,,0.0,24,0.0,0.0003885944084025539
Rimba,2026-06-30,3.0,Rimba,0.0,,0.0,25,0.0,0.0003885944084025539
Rimba,2026-07-01,3.0,Rimba,0.0,,0.0,26,0.0,0.0003885944084025539
Rimba,2026-07-02,3.0,Rimba,0.0,,0.0,27,0.0,0.0003885944084025539
Rimba,2026-07-03,3.0,Rimba,0.0,,0.0,28,0.0,0.0003885944084025539
Rimba,2026-07-04,3.0,Rimba,0.0,,0.0,29,0.0,0.0003885944084025539
Rimba,2026-07-05,4.0,Rimba,1.0,,0.0,30,0.3333333333333333,-1.4251931756567302
Rimba,2026-07-06,4.0,Rimba,0.0,,0.0,31,0.3333333333333333,-0.8730765821747752
Rimba,2026-07-07,4.0,Rimba,0.0,,0.0,32,0.3333333333333333,-0.8730765821747752
Rimba,2026-07-08,4.0,Rimba,0.0,,0.0,33,0.0,0.0003885944084025539
Rimba,2026-07-09,4.0,Rimba,0.0,,0.0,34,0.0,0.0003885944084025539
Rimba,2026-07-10,4.0,Rimba,0.0,,0.0,35,0.0,0.0003885944084025539
Rumba,2026-07-11,4.0,Rimba,0.0,,0.0,36,0.0,0.0003885944084025539
Rimba,2026-07-13,4.0,Rimba,0.0,0.0,0.0,37,0.0,0.0003885944084025539
Rimba,2026-07-15,4.0,Rimba,0.0,0.0,0.0,38,0.0,0.0003885944084025539
Rimba,2026-07-17,5.0,Rimba,1.0,1.0,0.0,39,0.3333333333333333,-1.4251931756567302
Rimba,2026-07-18,5.0,Rimba,0.0,1.0,0.0,40,0.3333333333333333,-0.8730765821747752
Rimba,2026-07-19,5.0,Rimba,0.0,1.0,0.0,41,0.3333333333333333,-0.8730765821747752
Rimba,2026-07-20,5.0,Rimba,0.0,1.0,0.0,42,0.0,0.0003885944084025539
Rimba,2026-07-22,7.0,Rimba,2.0,3.0,4.0,43,0.6666666666666666,-1.2757418637367692
Rimba,2026-07-23,7.0,Rimba,0.0,,4.0,44,0.6666666666666666,-1.3769433595928646
Rimba,2026-07-25,8.0,Rimba,1.0,,4.0,45,1.0,-2.4141408616472937
Rimba,2026-07-26,8.0,Rimba,0.0,3.0,4.0,46,0.3333333333333333,-0.8730765821747752
Rimba,2026-07-27,8.0,Rimba,0.0,3.0,4.0,47,0.3333333333333333,-0.8730765821747752
Rimba,2026-07-30,9.0,Rimba,1.0,4.0,4.0,48,0.3333333333333333,-1.4251931756567302
Rimba,2026-07-31,9.0,Rimba,0.0,4.0,4.0,49,0.3333333333333333,-0.8730765821747752
Rimba,2026-08-01,9.0,Rimba,0.0,0.6666666666666666,4.0,50,0.3333333333333333,-0.8730765821747752
Rimba,2026-08-02,9.0,Rimba,0.0,0.6666666666666666,4.0,51,0.0,0.0003885944084025539
Rimba,2026-08-03,9.0,Rimba,0.0,0.25,4.0,52,0.0,0.0003885944084025539
Rimba,2026-08-04,9.0,Rimba,0.0,0.3333333333333333,4.0,53,0.0,0.0003885944084025539
Rwampara,2026-05-15,13.0,Rwampara,0.0,,,0,0.0,0.0003885944084025539
Rwampara,2026-05-18,19.0,Rwampara,6.0,,,1,3.0,5.090179781983085
Rwampara,2026-05-19,25.0,Rwampara,6.0,,0.0,2,4.0,6.8756116359593396
Rwampara,2026-05-20,24.0,Rwampara,0.0,,0.0,3,4.0,4.746380806986442
Rwampara,2026-05-21,31.0,Rwampara,7.0,,1.0,4,4.333333333333333,8.621369030466505
Rwampara,2026-05-22,32.0,Rwampara,1.0,,2.0,5,2.6666666666666665,-0.4365055061024208
Rwampara,2026-05-23,32.0,Rwampara,0.0,,2.0,6,2.6666666666666665,0.7138636902663578
Rwampara,2026-05-24,32.0,Rwampara,0.0,,2.0,7,0.3333333333333333,-0.8730765821747752
Rwampara,2026-05-25,32.0,Rwampara,0.0,2.333333333333333,2.0,8,0.0,0.0003885944084025539
Rwampara,2026-05-26,33.0,Rwampara,1.0,0.75,2.0,9,0.3333333333333333,-1.4251931756567302
Rwampara,2026-05-27,33.0,Rwampara,0.0,0.75,2.0,10,0.3333333333333333,-0.8730765821747752
Rwampara,2026-05-28,65.0,Rwampara,32.0,1.7894736842105263,13.0,11,11.0,16.598434036240516
Rwampara,2026-05-29,65.0,Rwampara,0.0,1.65,13.0,12,10.666666666666666,14.937396020299696
Rwampara,2026-05-30,65.0,Rwampara,0.0,1.65,13.0,13,10.666666666666666,14.937396020299696
Rwampara,2026-06-01,65.0,Rwampara,0.0,1.65,13.0,14,0.0,0.0003885944084025539
Rwampara,2026-06-02,72.0,Rwampara,7.0,2.857142857142857,15.0,15,2.3333333333333335,7.06250356623868
Rwampara,2026-06-03,76.0,Rwampara,4.0,4.777777777777778,16.0,16,3.6666666666666665,4.04367167007638
Rwampara,2026-06-04,86.0,Rwampara,10.0,5.888888888888889,18.0,17,7.0,16.15587358832235
Rwampara,2026-06-05,93.0,Rwampara,7.0,0.8235294117647058,19.0,18,7.0,15.708989081561949
Rwampara,2026-06-06,98.0,Rwampara,5.0,1.0,19.0,19,7.333333333333333,16.10782135674004
Rwampara,2026-06-07,111.0,Rwampara,13.0,1.393939393939394,20.0,20,8.333333333333334,17.544636193331833
Rwampara,2026-06-08,122.0,Rwampara,11.0,1.7272727272727273,20.0,21,9.666666666666666,17.681279534987002
Rwampara,2026-06-09,133.0,Rwampara,11.0,1.525,25.0,22,11.666666666666666,17.7387936292946
Rwampara,2026-06-10,137.0,Rwampara,4.0,1.4186046511627908,25.0,23,8.666666666666666,16.682340232371295
Rwampara,2026-06-11,142.0,Rwampara,5.0,1.0566037735849056,26.0,24,6.666666666666667,14.974512830475035
Rwampara,2026-06-13,149.0,Rwampara,7.0,2.0,27.0,25,5.333333333333333,11.567488697489235
Rwampara,2026-06-14,152.0,Rwampara,3.0,1.6363636363636365,27.0,26,5.0,8.763881376510028
Rwampara,2026-06-15,192.0,Rwampara,40.0,1.7608695652173914,27.0,27,16.666666666666668,17.441741995670586
Rwampara,2026-06-16,172.0,Rwampara,0.0,1.2280701754385963,,28,14.333333333333334,15.543919689295173
Rwampara,2026-06-17,195.0,Rwampara,23.0,1.3442622950819672,33.0,29,21.0,17.742453436639362
Rwampara,2026-06-18,199.0,Rwampara,4.0,1.3442622950819672,35.0,30,9.0,16.686651968829327
Rwampara,2026-06-19,201.0,Rwampara,2.0,1.4107142857142858,35.0,31,9.666666666666666,15.590051660255323
Rwampara,2026-06-20,211.0,Rwampara,10.0,1.4642857142857142,35.0,32,5.333333333333333,13.25246529379988
Rwampara,2026-06-21,215.0,Rwampara,4.0,1.537037037037037,36.0,33,5.333333333333333,10.612224860979492
Rwampara,2026-06-22,225.0,Rwampara,10.0,0.654320987654321,37.0,34,8.0,17.11995197702795
Rwampara,2026-06-23,225.0,Rwampara,0.0,0.7571428571428571,37.0,35,4.666666666666667,7.461868404049982
Rwampara,2026-06-24,237.0,Rwampara,12.0,0.5121951219512195,40.0,36,7.333333333333333,16.953191333424034
Rwampara,2026-06-25,258.0,Rwampara,21.0,0.7195121951219512,43.0,37,11.0,17.666237835421658
Rwampara,2026-06-29,295.0,Rwampara,37.0,1.1898734177215189,60.0,38,23.333333333333332,17.739362051572915
Rwampara,2026-06-30,301.0,Rwampara,6.0,1.0975609756097562,61.0,39,21.333333333333332,17.742353192313786
Rwampara,2026-07-01,308.0,Rwampara,7.0,1.120481927710843,63.0,40,16.666666666666668,17.691200286482935
Rwampara,2026-07-02,322.0,Rwampara,14.0,1.830188679245283,67.0,41,9.0,17.68760333316839
Rwampara,2026-07-03,333.0,Rwampara,11.0,2.037735849056604,69.0,42,10.666666666666666,17.7288826867494
Rwampara,2026-07-04,344.0,Rwampara,11.0,2.5476190476190474,71.0,43,12.0,17.739710041585507
Rwampara,2026-07-05,349.0,Rwampara,5.0,1.5423728813559323,72.0,44,9.0,17.032054133865866
Rwampara,2026-07-06,357.0,Rwampara,8.0,0.6595744680851063,75.0,45,8.0,16.95655248491561
Rwampara,2026-07-07,364.0,Rwampara,7.0,0.7,76.0,46,6.666666666666667,15.091274850669524
Rwampara,2026-07-08,370.0,Rwampara,6.0,0.6666666666666666,80.0,47,7.0,15.669680597003788
Rwampara,2026-07-09,373.0,Rwampara,3.0,0.5257731958762887,83.0,48,5.333333333333333,10.209667050673598
Rwampara,2026-07-10,384.0,Rwampara,11.0,0.4722222222222222,89.0,49,6.666666666666667,16.009879685816646
Rwampara,2026-07-11,393.0,Rwampara,9.0,0.4579439252336448,90.0,50,7.666666666666667,16.7447686384177
Rwampara,2026-07-13,405.0,Rwampara,12.0,0.6153846153846154,95.0,51,10.666666666666666,17.733773535321916
Rwampara,2026-07-15,418.0,Rwampara,13.0,0.9838709677419356,104.0,52,11.333333333333334,17.740863949301293
Rwampara,2026-07-17,430.0,Rwampara,12.0,1.0476190476190477,116.0,53,12.333333333333334,17.74170835159822
Rwampara,2026-07-18,440.0,Rwampara,10.0,1.1290322580645162,124.0,54,11.666666666666666,17.733334299293297
Rwampara,2026-07-19,450.0,Rwampara,10.0,1.5098039215686274,133.0,55,10.666666666666666,17.720170652084967
Rwampara,2026-07-20,457.0,Rwampara,7.0,1.431372549019608,140.0,56,9.0,17.38803363600889
Rwampara,2026-07-22,481.0,Rwampara,24.0,1.7959183673469388,231.0,57,13.666666666666666,17.71038155246977
Rwampara,2026-07-23,490.0,Rwampara,9.0,1.5178571428571428,236.0,58,13.333333333333334,17.723366524643932
Rwampara,2026-07-25,550.0,Rwampara,60.0,2.1639344262295084,238.0,59,31.0,17.742453437134387
Rwampara,2026-07-26,568.0,Rwampara,18.0,2.090909090909091,241.0,60,29.0,17.742453437134387
Rwampara,2026-07-27,585.0,Rwampara,17.0,2.071428571428572,244.0,61,31.666666666666668,17.742453437134387
Rwampara,2026-07-30,627.0,Rwampara,42.0,2.2987012987012987,257.0,62,25.666666666666668,17.742204028549775
Rwampara,2026-07-31,633.0,Rwampara,6.0,2.410958904109589,258.0,63,21.666666666666668,17.742407372185326
Rwampara,2026-08-01,644.0,Rwampara,11.0,1.8522727272727275,260.0,64,19.666666666666668,17.742434541428118
Rwampara,2026-08-02,655.0,Rwampara,11.0,1.9411764705882355,263.0,65,9.333333333333334,17.644129031207065
Rwampara,2026-08-03,674.0,Rwampara,19.0,0.9393939393939394,273.0,66,13.666666666666666,17.741453099540927
Rwampara,2026-08-04,692.0,Rwampara,18.0,0.8985507246376812,282.0,67,16.0,17.742448436217455
Tchomia,2026-06-09,2.0,Tchomia,0.0,,0.0,0,0.0,0.0003885944084025539
Tchomia,2026-06-10,2.0,Tchomia,0.0,,0.0,1,0.0,0.0003885944084025539
Tchomia,2026-06-11,2.0,Tchomia,0.0,,0.0,2,0.0,0.0003885944084025539
Tchomia,2026-06-13,2.0,Tchomia,0.0,,0.0,3,0.0,0.0003885944084025539
Tchomia,2026-06-14,2.0,Tchomia,0.0,,0.0,4,0.0,0.0003885944084025539
Tchomia,2026-06-15,2.0,Tchomia,0.0,,0.0,5,0.0,0.0003885944084025539
Tchomia,2026-06-16,5.0,Tchomia,3.0,,,6,1.0,-0.00012951072800149177
Tchomia,2026-06-17,5.0,Tchomia,0.0,,0.0,7,1.0,-1.5436957073615716
Tchomia,2026-06-18,5.0,Tchomia,0.0,,0.0,8,1.0,-1.5436957073615716
Tchomia,2026-06-19,5.0,Tchomia,0.0,,0.0,9,0.0,0.0003885944084025539
Tchomia,2026-06-20,5.0,Tchomia,0.0,,0.0,10,0.0,0.0003885944084025539
Tchomia,2026-06-21,7.0,Tchomia,2.0,,0.0,11,0.6666666666666666,-1.2757418637367692
Tchomia,2026-06-22,8.0,Tchomia,1.0,,0.0,12,1.0,-2.4141408616472937
Tchomia,2026-06-23,8.0,Tchomia,0.0,1.0,0.0,13,1.0,-1.5436957073615716
Tchomia,2026-06-24,9.0,Tchomia,1.0,1.3333333333333333,0.0,14,0.6666666666666666,-2.094588153870461
Tchomia,2026-06-25,10.0,Tchomia,1.0,1.6666666666666667,0.0,15,0.6666666666666666,-2.094588153870461
Tchomia,2026-06-29,13.0,Tchomia,3.0,2.6666666666666665,2.0,16,1.6666666666666667,-0.5672165263403741
Tchomia,2026-06-30,14.0,Tchomia,1.0,3.0,2.0,17,1.6666666666666667,-2.192902003606882
Tchomia,2026-07-01,14.0,Tchomia,0.0,1.4,2.0,18,1.3333333333333333,-1.4297595964480365
Tchomia,2026-07-02,15.0,Tchomia,1.0,1.1666666666666667,2.0,19,0.6666666666666666,-2.094588153870461
Tchomia,2026-07-03,15.0,Tchomia,0.0,2.333333333333333,2.0,20,0.3333333333333333,-0.8730765821747752
Tchomia,2026-07-04,15.0,Tchomia,0.0,1.5,2.0,21,0.3333333333333333,-0.8730765821747752
Tchomia,2026-07-05,15.0,Tchomia,0.0,1.0,2.0,22,0.0,0.0003885944084025539
Tchomia,2026-07-06,15.0,Tchomia,0.0,0.25,2.0,23,0.0,0.0003885944084025539
Tchomia,2026-07-07,15.0,Tchomia,0.0,0.1111111111111111,2.0,24,0.0,0.0003885944084025539
Tchomia,2026-07-08,15.0,Tchomia,0.0,0.1428571428571428,2.0,25,0.0,0.0003885944084025539
Tchomia,2026-07-09,17.0,Tchomia,2.0,0.2857142857142857,4.0,26,0.6666666666666666,-1.2757418637367692
Tchomia,2026-07-10,19.0,Tchomia,2.0,0.5714285714285714,4.0,27,1.3333333333333333,-1.980445902168082
Tchomia,2026-07-11,19.0,Tchomia,0.0,0.6666666666666666,4.0,28,1.3333333333333333,-1.4297595964480365
Tchomia,2026-07-13,19.0,Tchomia,0.0,0.8,4.0,29,0.6666666666666666,-1.3769433595928646
Tchomia,2026-07-15,19.0,Tchomia,0.0,2.0,4.0,30,0.0,0.0003885944084025539
Tchomia,2026-07-17,21.0,Tchomia,2.0,6.0,5.0,31,0.6666666666666666,-1.2757418637367692
Tchomia,2026-07-18,22.0,Tchomia,1.0,7.0,5.0,32,1.0,-2.4141408616472937
Tchomia,2026-07-19,23.0,Tchomia,1.0,3.0,6.0,33,1.3333333333333333,-2.4283795635449046
Tchomia,2026-07-20,23.0,Tchomia,0.0,1.0,7.0,34,0.6666666666666666,-1.3769433595928646
Tchomia,2026-07-22,39.0,Tchomia,16.0,5.0,24.0,35,5.666666666666667,17.12952341543784
Tchomia,2026-07-23,40.0,Tchomia,1.0,5.25,24.0,36,5.666666666666667,11.22773554712769
Tchomia,2026-07-25,40.0,Tchomia,0.0,5.25,24.0,37,5.666666666666667,11.593134839430135
Tchomia,2026-07-26,40.0,Tchomia,0.0,3.1666666666666665,24.0,38,0.3333333333333333,-0.8730765821747752
Tchomia,2026-07-27,41.0,Tchomia,1.0,2.7142857142857144,24.0,39,0.3333333333333333,-1.4251931756567302
Tchomia,2026-07-30,41.0,Tchomia,0.0,3.0,24.0,40,0.3333333333333333,-0.8730765821747752
Tchomia,2026-07-31,41.0,Tchomia,0.0,4.5,24.0,41,0.3333333333333333,-0.8730765821747752
Tchomia,2026-08-01,41.0,Tchomia,0.0,0.1,24.0,42,0.0,0.0003885944084025539
Tchomia,2026-08-02,43.0,Tchomia,2.0,0.1428571428571428,24.0,43,0.6666666666666666,-1.2757418637367692
Tchomia,2026-08-03,45.0,Tchomia,2.0,0.238095238095238,24.0,44,1.3333333333333333,-1.980445902168082
Tchomia,2026-08-04,45.0,Tchomia,0.0,0.2631578947368421,24.0,45,1.3333333333333333,-1.4297595964480365
Vuhovi,2026-06-10,1.0,Vuhovi,0.0,,1.0,0,0.0,0.0003885944084025539
Vuhovi,2026-06-11,1.0,Vuhovi,0.0,,1.0,1,0.0,0.0003885944084025539
Vuhovi,2026-06-13,1.0,Vuhovi,0.0,,1.0,2,0.0,0.0003885944084025539
Vuhovi,2026-06-14,1.0,Vuhovi,0.0,,1.0,3,0.0,0.0003885944084025539
Vuhovi,2026-06-15,1.0,Vuhovi,0.0,,1.0,4,0.0,0.0003885944084025539
Vuhovi,2026-06-16,1.0,Vuhovi,0.0,,,5,0.0,0.0003885944084025539
Vuhovi,2026-06-17,1.0,Vuhovi,0.0,,1.0,6,0.0,0.0003885944084025539
Vuhovi,2026-06-18,1.0,Vuhovi,0.0,,1.0,7,0.0,0.0003885944084025539
Vuhovi,2026-06-19,1.0,Vuhovi,0.0,,1.0,8,0.0,0.0003885944084025539
Vuhovi,2026-06-20,1.0,Vuhovi,0.0,,1.0,9,0.0,0.0003885944084025539
Vuhovi,2026-06-21,1.0,Vuhovi,0.0,,1.0,10,0.0,0.0003885944084025539
Vuhovi,2026-06-22,1.0,Vuhovi,0.0,,1.0,11,0.0,0.0003885944084025539
Vuhovi,2026-06-23,1.0,Vuhovi,0.0,,1.0,12,0.0,0.0003885944084025539
Vuhovi,2026-06-24,1.0,Vuhovi,0.0,,1.0,13,0.0,0.0003885944084025539
Vuhovi,2026-06-25,1.0,Vuhovi,0.0,,1.0,14,0.0,0.0003885944084025539
Vuhovi,2026-06-29,1.0,Vuhovi,0.0,,1.0,15,0.0,0.0003885944084025539
Vuhovi,2026-06-30,1.0,Vuhovi,0.0,,1.0,16,0.0,0.0003885944084025539
Vuhovi,2026-07-01,1.0,Vuhovi,0.0,,1.0,17,0.0,0.0003885944084025539
Vuhovi,2026-07-02,1.0,Vuhovi,0.0,,1.0,18,0.0,0.0003885944084025539
Vuhovi,2026-07-03,1.0,Vuhovi,0.0,,1.0,19,0.0,0.0003885944084025539
Vuhovi,2026-07-04,1.0,Vuhovi,0.0,,1.0,20,0.0,0.0003885944084025539
Vuhovi,2026-07-05,1.0,Vuhovi,0.0,,1.0,21,0.0,0.0003885944084025539
Vuhovi,2026-07-06,1.0,Vuhovi,0.0,,1.0,22,0.0,0.0003885944084025539
Vuhovi,2026-07-07,1.0,Vuhovi,0.0,,1.0,23,0.0,0.0003885944084025539
Vuhovi,2026-07-08,1.0,Vuhovi,0.0,,1.0,24,0.0,0.0003885944084025539
Vuhovi,2026-07-09,1.0,Vuhovi,0.0,,1.0,25,0.0,0.0003885944084025539
Vuhovi,2026-07-10,1.0,Vuhovi,0.0,,1.0,26,0.0,0.0003885944084025539
Vuhovi,2026-07-11,1.0,Vuhovi,0.0,,1.0,27,0.0,0.0003885944084025539
Vuhovi,2026-07-13,1.0,Vuhovi,0.0,,1.0,28,0.0,0.0003885944084025539
Vuhovi,2026-07-15,1.0,Vuhovi,0.0,,1.0,29,0.0,0.0003885944084025539
Vuhovi,2026-07-17,1.0,Vuhovi,0.0,,1.0,30,0.0,0.0003885944084025539
Vuhovi,2026-07-18,1.0,Vuhovi,0.0,,1.0,31,0.0,0.0003885944084025539
Vuhovi,2026-07-19,1.0,Vuhovi,0.0,,1.0,32,0.0,0.0003885944084025539
Vuhovi,2026-07-20,1.0,Vuhovi,0.0,,1.0,33,0.0,0.0003885944084025539
Vuhovi,2026-07-22,1.0,Vuhovi,0.0,,1.0,34,0.0,0.0003885944084025539
Vuhovi,2026-07-23,1.0,Vuhovi,0.0,,1.0,35,0.0,0.0003885944084025539
Vuhovi,2026-07-25,1.0,Vuhovi,0.0,,1.0,36,0.0,0.0003885944084025539
Vuhovi,2026-07-26,1.0,Vuhovi,0.0,,1.0,37,0.0,0.0003885944084025539
Vuhovi,2026-07-27,1.0,Vuhovi,0.0,,1.0,38,0.0,0.0003885944084025539
Vuhovi,2026-07-30,1.0,Vuhovi,0.0,,1.0,39,0.0,0.0003885944084025539
Vuhovi,2026-07-31,1.0,Vuhovi,0.0,,1.0,40,0.0,0.0003885944084025539
Vuhovi,2026-08-01,1.0,Vuhovi,0.0,,1.0,41,0.0,0.0003885944084025539
Vuhovi,2026-08-02,2.0,Vuhovi,1.0,,1.0,42,0.3333333333333333,-1.4251931756567302
Vuhovi,2026-08-03,2.0,Vuhovi,0.0,,1.0,43,0.3333333333333333,-0.8730765821747752
Vuhovi,2026-08-04,2.0,Vuhovi,0.0,,1.0,44,0.3333333333333333,-0.8730765821747752
