nom,date,cumulative_confirmed_cases,nom_clean,new_cases,rt_proxy,cumulative_confirmed_deaths,days_since_first_case,rolling_7d_new_cases,days_since_last_case,population_density,population_density_was_missing,label_next_7d_onset,has_full_future_window
Mongbwalu,2026-05-14,0.0,Mongbwalu,0.0,,,0,0.0,0.0,49.26880991961,0,1,True
Rwampara,2026-05-15,13.0,Rwampara,0.0,,,0,0.0,0.0,378.392262151519,0,1,True
Bunia,2026-05-15,0.0,Bunia,0.0,,,0,0.0,0.0,4336.1457340514,0,1,True
Mongbwalu,2026-05-15,0.0,Mongbwalu,0.0,,,1,0.0,1.0,49.26880991961,0,1,True
Rwampara,2026-05-18,19.0,Rwampara,6.0,,,3,6.0,3.0,378.392262151519,0,1,True
Goma,2026-05-18,1.0,Goma,0.0,,,0,0.0,0.0,8413.39578071933,0,0,True
Mongbwalu,2026-05-18,1.0,Mongbwalu,1.0,,,4,1.0,4.0,49.26880991961,0,1,True
Butembo,2026-05-18,1.0,Butembo,0.0,,,0,0.0,0.0,3648.62216219997,0,1,True
Nyankunde,2026-05-18,4.0,Nyankunde,0.0,,,0,0.0,0.0,100.872453475923,0,1,True
Bunia,2026-05-18,6.0,Bunia,6.0,,,3,6.0,3.0,4336.1457340514,0,1,True
Katwa,2026-05-18,1.0,Katwa,0.0,,,0,0.0,0.0,7809.37779884317,0,1,True
Mongbwalu,2026-05-19,13.0,Mongbwalu,12.0,,0.0,5,13.0,1.0,49.26880991961,0,1,True
Butembo,2026-05-19,1.0,Butembo,0.0,,,1,0.0,1.0,3648.62216219997,0,1,True
Nyankunde,2026-05-19,4.0,Nyankunde,0.0,,0.0,1,0.0,1.0,100.872453475923,0,1,True
Rwampara,2026-05-19,25.0,Rwampara,6.0,,0.0,4,12.0,1.0,378.392262151519,0,1,True
Bunia,2026-05-19,6.0,Bunia,0.0,,0.0,4,6.0,1.0,4336.1457340514,0,1,True
Goma,2026-05-19,1.0,Goma,0.0,,,1,0.0,1.0,8413.39578071933,0,0,True
Katwa,2026-05-19,1.0,Katwa,0.0,,,1,0.0,1.0,7809.37779884317,0,1,True
Katwa,2026-05-20,1.0,Katwa,0.0,,,2,0.0,2.0,7809.37779884317,0,1,True
Rwampara,2026-05-20,24.0,Rwampara,0.0,,0.0,5,12.0,1.0,378.392262151519,0,1,True
Bambu,2026-05-20,1.0,Bambu,0.0,,,0,0.0,0.0,293.755113499808,0,1,True
Butembo,2026-05-20,1.0,Butembo,0.0,,,2,0.0,2.0,3648.62216219997,0,1,True
Bunia,2026-05-20,11.0,Bunia,5.0,,0.0,5,11.0,2.0,4336.1457340514,0,1,True
Nyankunde,2026-05-20,5.0,Nyankunde,1.0,,0.0,2,1.0,2.0,100.872453475923,0,1,True
Mongbwalu,2026-05-20,13.0,Mongbwalu,0.0,,0.0,6,13.0,1.0,49.26880991961,0,1,True
Goma,2026-05-20,1.0,Goma,0.0,,,2,0.0,2.0,8413.39578071933,0,0,True
Goma,2026-05-21,1.0,Goma,0.0,,0.0,3,0.0,3.0,8413.39578071933,0,0,True
Butembo,2026-05-21,2.0,Butembo,1.0,,0.0,3,1.0,3.0,3648.62216219997,0,1,True
Bunia,2026-05-21,15.0,Bunia,4.0,,1.0,6,15.0,1.0,4336.1457340514,0,1,True
Katwa,2026-05-21,1.0,Katwa,0.0,,0.0,3,0.0,3.0,7809.37779884317,0,1,True
Bambu,2026-05-21,1.0,Bambu,0.0,,0.0,1,0.0,1.0,293.755113499808,0,1,True
Rwampara,2026-05-21,31.0,Rwampara,7.0,,1.0,6,19.0,2.0,378.392262151519,0,1,True
Kilo,2026-05-21,1.0,Kilo,0.0,,0.0,0,0.0,0.0,107.546199583958,0,1,True
Nizi,2026-05-21,1.0,Nizi,0.0,,0.0,0,0.0,0.0,671.566862038288,0,1,True
Nyankunde,2026-05-21,11.0,Nyankunde,6.0,,0.0,3,7.0,1.0,100.872453475923,0,1,True
Mongbwalu,2026-05-21,14.0,Mongbwalu,1.0,,0.0,7,14.0,2.0,49.26880991961,0,1,True
Miti Murhesa,2026-05-21,1.0,Miti Murhesa,0.0,,0.0,0,0.0,0.0,722.651452069188,0,1,True
Goma,2026-05-22,1.0,Goma,0.0,,0.0,4,0.0,4.0,8413.39578071933,0,0,True
Nizi,2026-05-22,2.0,Nizi,1.0,,0.0,1,1.0,1.0,671.566862038288,0,0,True
Butembo,2026-05-22,2.0,Butembo,0.0,,0.0,4,1.0,1.0,3648.62216219997,0,1,True
Mongbwalu,2026-05-22,10.0,Mongbwalu,0.0,,0.0,8,14.0,1.0,49.26880991961,0,1,True
Nyankunde,2026-05-22,9.0,Nyankunde,0.0,,0.0,4,7.0,1.0,100.872453475923,0,1,True
Rwampara,2026-05-22,32.0,Rwampara,1.0,,2.0,7,20.0,1.0,378.392262151519,0,1,True
Aru,2026-05-22,1.0,Aru,0.0,,,0,0.0,0.0,339.239633491485,0,1,True
Katwa,2026-05-22,0.0,Katwa,0.0,,0.0,4,0.0,4.0,7809.37779884317,0,1,True
Bunia,2026-05-22,23.0,Bunia,8.0,,2.0,7,23.0,1.0,4336.1457340514,0,1,True
Bambu,2026-05-22,1.0,Bambu,0.0,,0.0,2,0.0,2.0,293.755113499808,0,1,True
Kilo,2026-05-22,1.0,Kilo,0.0,,0.0,1,0.0,1.0,107.546199583958,0,1,True
Miti Murhesa,2026-05-22,1.0,Miti Murhesa,0.0,,0.0,1,0.0,1.0,722.651452069188,0,1,True
Bambu,2026-05-23,0.0,Bambu,0.0,,0.0,3,0.0,3.0,293.755113499808,0,1,True
Mongbwalu,2026-05-23,19.0,Mongbwalu,9.0,,0.0,9,23.0,2.0,49.26880991961,0,1,True
Aru,2026-05-23,1.0,Aru,0.0,,,1,0.0,1.0,339.239633491485,0,1,True
Miti Murhesa,2026-05-23,1.0,Miti Murhesa,0.0,,0.0,2,0.0,2.0,722.651452069188,0,1,True
Rwampara,2026-05-23,32.0,Rwampara,0.0,,2.0,8,20.0,1.0,378.392262151519,0,1,True
Nizi,2026-05-23,2.0,Nizi,0.0,,0.0,2,1.0,1.0,671.566862038288,0,0,True
Bunia,2026-05-23,24.0,Bunia,1.0,,2.0,8,24.0,1.0,4336.1457340514,0,1,True
Butembo,2026-05-23,1.0,Butembo,0.0,,0.0,5,1.0,2.0,3648.62216219997,0,1,True
Kilo,2026-05-23,1.0,Kilo,0.0,,0.0,2,0.0,2.0,107.546199583958,0,1,True
Nyankunde,2026-05-23,9.0,Nyankunde,0.0,,0.0,5,7.0,2.0,100.872453475923,0,1,True
Goma,2026-05-23,1.0,Goma,0.0,,0.0,5,0.0,5.0,8413.39578071933,0,0,True
Katwa,2026-05-23,4.0,Katwa,4.0,,0.0,5,4.0,5.0,7809.37779884317,0,0,True
Katwa,2026-05-24,4.0,Katwa,0.0,,0.0,6,4.0,1.0,7809.37779884317,0,0,True
Kilo,2026-05-24,1.0,Kilo,0.0,,0.0,3,0.0,3.0,107.546199583958,0,1,True
Bunia,2026-05-24,24.0,Bunia,0.0,,2.0,9,24.0,1.0,4336.1457340514,0,1,True
Nizi,2026-05-24,2.0,Nizi,0.0,,0.0,3,1.0,2.0,671.566862038288,0,0,True
Butembo,2026-05-24,3.0,Butembo,2.0,,0.0,6,3.0,3.0,3648.62216219997,0,1,True
Oicha,2026-05-24,1.0,Oicha,0.0,,,0,0.0,0.0,217.407676331775,0,1,True
Mongbwalu,2026-05-24,19.0,Mongbwalu,0.0,,0.0,10,23.0,1.0,49.26880991961,0,1,True
Goma,2026-05-24,1.0,Goma,0.0,,0.0,6,0.0,6.0,8413.39578071933,0,0,True
Kalunguta,2026-05-24,1.0,Kalunguta,0.0,,,0,0.0,0.0,217.291453102909,0,1,True
Rwampara,2026-05-24,32.0,Rwampara,0.0,,2.0,9,20.0,2.0,378.392262151519,0,1,True
Miti Murhesa,2026-05-24,1.0,Miti Murhesa,0.0,,0.0,3,0.0,3.0,722.651452069188,0,1,True
Aru,2026-05-24,1.0,Aru,0.0,,,2,0.0,2.0,339.239633491485,0,1,True
Nyankunde,2026-05-24,9.0,Nyankunde,0.0,,0.0,6,7.0,3.0,100.872453475923,0,1,True
Bambu,2026-05-24,2.0,Bambu,2.0,,0.0,4,2.0,4.0,293.755113499808,0,1,True
Nizi,2026-05-25,2.0,Nizi,0.0,,,4,1.0,3.0,671.566862038288,0,0,True
Bambu,2026-05-25,0.0,Bambu,0.0,,,5,2.0,1.0,293.755113499808,0,1,True
Kilo,2026-05-25,1.0,Kilo,0.0,,0.0,4,0.0,4.0,107.546199583958,0,1,True
Mongbwalu,2026-05-25,19.0,Mongbwalu,0.0,22.0,0.0,11,22.0,2.0,49.26880991961,0,1,True
Butembo,2026-05-25,3.0,Butembo,0.0,,,7,3.0,1.0,3648.62216219997,0,1,True
Kyondo,2026-05-25,1.0,Kyondo,0.0,,,0,0.0,0.0,287.209696136707,0,0,True
Goma,2026-05-25,1.0,Goma,0.0,,0.0,7,0.0,7.0,8413.39578071933,0,0,True
Kalunguta,2026-05-25,1.0,Kalunguta,0.0,,,1,0.0,1.0,217.291453102909,0,1,True
Rwampara,2026-05-25,32.0,Rwampara,0.0,2.333333333333333,2.0,10,14.0,3.0,378.392262151519,0,1,True
Miti Murhesa,2026-05-25,1.0,Miti Murhesa,0.0,,0.0,4,0.0,4.0,722.651452069188,0,1,True
Oicha,2026-05-25,1.0,Oicha,0.0,,,1,0.0,1.0,217.407676331775,0,1,True
Bunia,2026-05-25,24.0,Bunia,0.0,3.0,2.0,10,18.0,2.0,4336.1457340514,0,1,True
Katwa,2026-05-25,4.0,Katwa,0.0,,,7,4.0,2.0,7809.37779884317,0,1,True
Nyankunde,2026-05-25,9.0,Nyankunde,0.0,,0.0,7,7.0,4.0,100.872453475923,0,1,True
Aru,2026-05-25,1.0,Aru,0.0,,,3,0.0,3.0,339.239633491485,0,1,True
Fataki,2026-05-26,0.0,Fataki,0.0,,,0,0.0,0.0,374.843916988277,0,0,True
Mongbwalu,2026-05-26,20.0,Mongbwalu,1.0,0.8461538461538461,0.0,12,11.0,3.0,49.26880991961,0,1,True
Aru,2026-05-26,1.0,Aru,0.0,,,4,0.0,4.0,339.239633491485,0,1,True
Miti Murhesa,2026-05-26,1.0,Miti Murhesa,0.0,,0.0,5,0.0,5.0,722.651452069188,0,1,True
Bambu,2026-05-26,0.0,Bambu,0.0,,0.0,6,2.0,2.0,293.755113499808,0,1,True
Oicha,2026-05-26,1.0,Oicha,0.0,,,2,0.0,2.0,217.407676331775,0,1,True
Mambasa,2026-05-26,0.0,Mambasa,0.0,,,0,0.0,0.0,9.38305119840287,0,1,True
Rimba,2026-05-26,0.0,Rimba,0.0,,,0,0.0,0.0,475.541098374732,0,1,True
Bunia,2026-05-26,36.0,Bunia,12.0,5.0,2.0,11,30.0,3.0,4336.1457340514,0,1,True
Butembo,2026-05-26,3.0,Butembo,0.0,,0.0,8,3.0,2.0,3648.62216219997,0,1,True
Nizi,2026-05-26,2.0,Nizi,0.0,,0.0,5,1.0,4.0,671.566862038288,0,0,True
Kilo,2026-05-26,1.0,Kilo,0.0,,0.0,5,0.0,5.0,107.546199583958,0,1,True
Rwampara,2026-05-26,33.0,Rwampara,1.0,0.75,2.0,11,9.0,4.0,378.392262151519,0,1,True
Kyondo,2026-05-26,1.0,Kyondo,0.0,,,1,0.0,1.0,287.209696136707,0,0,True
Nyankunde,2026-05-26,10.0,Nyankunde,1.0,,0.0,8,8.0,5.0,100.872453475923,0,1,True
Damas,2026-05-26,0.0,Damas,0.0,,,0,0.0,0.0,53.1851080273012,0,1,True
Kalunguta,2026-05-26,1.0,Kalunguta,0.0,,,2,0.0,2.0,217.291453102909,0,1,True
Goma,2026-05-26,1.0,Goma,0.0,,0.0,8,0.0,8.0,8413.39578071933,0,0,True
Rimba,2026-05-27,0.0,Rimba,0.0,,,1,0.0,1.0,475.541098374732,0,1,True
Mambasa,2026-05-27,0.0,Mambasa,0.0,,,1,0.0,1.0,9.38305119840287,0,1,True
Kalunguta,2026-05-27,2.0,Kalunguta,1.0,,,3,1.0,3.0,217.291453102909,0,0,True
Rwampara,2026-05-27,33.0,Rwampara,0.0,0.75,2.0,12,9.0,1.0,378.392262151519,0,1,True
Goma,2026-05-27,1.0,Goma,0.0,,0.0,9,0.0,9.0,8413.39578071933,0,0,True
Bambu,2026-05-27,0.0,Bambu,0.0,,0.0,7,2.0,3.0,293.755113499808,0,1,True
Bunia,2026-05-27,37.0,Bunia,1.0,2.363636363636364,2.0,12,26.0,1.0,4336.1457340514,0,1,True
Fataki,2026-05-27,0.0,Fataki,0.0,,,1,0.0,1.0,374.843916988277,0,0,True
Miti Murhesa,2026-05-27,1.0,Miti Murhesa,0.0,,0.0,6,0.0,6.0,722.651452069188,0,1,True
Mongbwalu,2026-05-27,20.0,Mongbwalu,0.0,0.8461538461538461,0.0,13,11.0,1.0,49.26880991961,0,1,True
Aru,2026-05-27,1.0,Aru,0.0,,,5,0.0,5.0,339.239633491485,0,1,True
Butembo,2026-05-27,5.0,Butembo,2.0,,0.0,9,5.0,3.0,3648.62216219997,0,0,True
Damas,2026-05-27,0.0,Damas,0.0,,,1,0.0,1.0,53.1851080273012,0,1,True
Nizi,2026-05-27,2.0,Nizi,0.0,,0.0,6,1.0,5.0,671.566862038288,0,0,True
Nyankunde,2026-05-27,10.0,Nyankunde,0.0,7.0,0.0,9,7.0,1.0,100.872453475923,0,1,True
Kilo,2026-05-27,1.0,Kilo,0.0,,0.0,6,0.0,6.0,107.546199583958,0,1,True
Katwa,2026-05-27,4.0,Katwa,0.0,,0.0,9,4.0,4.0,7809.37779884317,0,1,True
Oicha,2026-05-27,2.0,Oicha,1.0,,,3,1.0,3.0,217.407676331775,0,1,True
Miti Murhesa,2026-05-28,3.0,Miti Murhesa,2.0,,1.0,7,2.0,7.0,722.651452069188,0,0,True
Gety,2026-05-28,1.0,Gety,0.0,,0.0,0,0.0,0.0,86.0299313935469,0,0,True
Aru,2026-05-28,2.0,Aru,1.0,,1.0,6,1.0,6.0,339.239633491485,0,1,True
Beni,2026-05-28,2.0,Beni,0.0,,0.0,0,0.0,0.0,583.694814150159,0,1,True
Rwampara,2026-05-28,65.0,Rwampara,32.0,1.7894736842105263,13.0,13,34.0,2.0,378.392262151519,0,1,True
Oicha,2026-05-28,1.0,Oicha,0.0,,0.0,4,1.0,1.0,217.407676331775,0,1,True
Mangala,2026-05-28,1.0,Mangala,0.0,,0.0,0,0.0,0.0,162.268440527417,0,0,True
Aungba,2026-05-28,1.0,Aungba,0.0,,0.0,0,0.0,0.0,171.063075277196,0,0,True
Kalunguta,2026-05-28,1.0,Kalunguta,0.0,,1.0,4,1.0,1.0,217.291453102909,0,0,True
Lita,2026-05-28,1.0,Lita,0.0,,0.0,0,0.0,0.0,228.628253664484,0,1,True
Kyondo,2026-05-28,1.0,Kyondo,0.0,,0.0,3,0.0,3.0,287.209696136707,0,0,True
Komanda,2026-05-28,1.0,Komanda,0.0,,1.0,0,0.0,0.0,69.5013595444792,0,1,True
Damas,2026-05-28,1.0,Damas,1.0,,0.0,2,1.0,2.0,53.1851080273012,0,1,True
Butembo,2026-05-28,5.0,Butembo,0.0,4.0,2.0,10,4.0,1.0,3648.62216219997,0,1,True
Kilo,2026-05-28,2.0,Kilo,1.0,,0.0,7,1.0,7.0,107.546199583958,0,1,True
Katwa,2026-05-28,4.0,Katwa,0.0,,3.0,10,4.0,5.0,7809.37779884317,0,1,True
Goma,2026-05-28,1.0,Goma,0.0,,0.0,10,0.0,10.0,8413.39578071933,0,0,True
Mongbwalu,2026-05-28,47.0,Mongbwalu,27.0,2.642857142857143,10.0,14,37.0,2.0,49.26880991961,0,1,True
Bunia,2026-05-28,80.0,Bunia,43.0,4.333333333333333,8.0,13,65.0,1.0,4336.1457340514,0,1,True
Nyankunde,2026-05-28,19.0,Nyankunde,9.0,1.4285714285714286,1.0,10,10.0,2.0,100.872453475923,0,1,True
Nizi,2026-05-28,2.0,Nizi,0.0,,0.0,7,1.0,6.0,671.566862038288,0,1,True
Bambu,2026-05-28,2.0,Bambu,2.0,,2.0,8,4.0,4.0,293.755113499808,0,1,True
Lita,2026-05-29,1.0,Lita,0.0,,0.0,1,0.0,1.0,228.628253664484,0,1,True
Goma,2026-05-29,1.0,Goma,0.0,,0.0,11,0.0,11.0,8413.39578071933,0,0,True
Komanda,2026-05-29,1.0,Komanda,0.0,,0.0,1,0.0,1.0,69.5013595444792,0,1,True
Bambu,2026-05-29,2.0,Bambu,0.0,,2.0,9,4.0,1.0,293.755113499808,0,1,True
Aru,2026-05-29,2.0,Aru,0.0,,1.0,7,1.0,1.0,339.239633491485,0,1,True
Katwa,2026-05-29,4.0,Katwa,0.0,,3.0,11,4.0,6.0,7809.37779884317,0,1,True
Bunia,2026-05-29,80.0,Bunia,0.0,2.4782608695652173,8.0,14,57.0,1.0,4336.1457340514,0,1,True
Rwampara,2026-05-29,65.0,Rwampara,0.0,1.65,13.0,14,33.0,1.0,378.392262151519,0,1,True
Beni,2026-05-29,2.0,Beni,0.0,,0.0,1,0.0,1.0,583.694814150159,0,1,True
Damas,2026-05-29,1.0,Damas,0.0,,0.0,3,1.0,1.0,53.1851080273012,0,1,True
Kyondo,2026-05-29,1.0,Kyondo,0.0,,0.0,4,0.0,4.0,287.209696136707,0,0,True
Mangala,2026-05-29,1.0,Mangala,0.0,,0.0,1,0.0,1.0,162.268440527417,0,0,True
Kalunguta,2026-05-29,1.0,Kalunguta,0.0,,1.0,5,1.0,2.0,217.291453102909,0,0,True
Nyankunde,2026-05-29,19.0,Nyankunde,0.0,1.4285714285714286,1.0,11,10.0,1.0,100.872453475923,0,1,True
Nizi,2026-05-29,2.0,Nizi,0.0,0.0,0.0,8,0.0,7.0,671.566862038288,0,1,True
Miti Murhesa,2026-05-29,3.0,Miti Murhesa,0.0,,1.0,8,2.0,1.0,722.651452069188,0,1,True
Oicha,2026-05-29,1.0,Oicha,0.0,,0.0,5,1.0,2.0,217.407676331775,0,1,True
Aungba,2026-05-29,1.0,Aungba,0.0,,0.0,1,0.0,1.0,171.063075277196,0,0,True
Gety,2026-05-29,1.0,Gety,0.0,,0.0,1,0.0,1.0,86.0299313935469,0,0,True
Butembo,2026-05-29,5.0,Butembo,0.0,4.0,2.0,11,4.0,2.0,3648.62216219997,0,1,True
Kilo,2026-05-29,2.0,Kilo,0.0,,0.0,8,1.0,1.0,107.546199583958,0,1,True
Mongbwalu,2026-05-29,47.0,Mongbwalu,0.0,2.642857142857143,10.0,15,37.0,1.0,49.26880991961,0,1,True
Mongbwalu,2026-05-30,47.0,Mongbwalu,0.0,1.2173913043478262,10.0,16,28.0,2.0,49.26880991961,0,1,True
Bunia,2026-05-30,80.0,Bunia,0.0,2.333333333333333,8.0,15,56.0,2.0,4336.1457340514,0,1,True
Rwampara,2026-05-30,65.0,Rwampara,0.0,1.65,13.0,15,33.0,2.0,378.392262151519,0,1,True
Beni,2026-05-30,2.0,Beni,0.0,,0.0,2,0.0,2.0,583.694814150159,0,1,True
Kyondo,2026-05-30,1.0,Kyondo,0.0,,0.0,5,0.0,5.0,287.209696136707,0,0,True
Butembo,2026-05-30,5.0,Butembo,0.0,4.0,2.0,12,4.0,3.0,3648.62216219997,0,1,True
Gety,2026-05-30,1.0,Gety,0.0,,0.0,2,0.0,2.0,86.0299313935469,0,0,True
Kalunguta,2026-05-30,1.0,Kalunguta,0.0,,1.0,6,1.0,3.0,217.291453102909,0,0,True
Mangala,2026-05-30,1.0,Mangala,0.0,,0.0,2,0.0,2.0,162.268440527417,0,0,True
Damas,2026-05-30,1.0,Damas,0.0,,0.0,4,1.0,2.0,53.1851080273012,0,1,True
Katwa,2026-05-30,4.0,Katwa,0.0,,3.0,12,4.0,7.0,7809.37779884317,0,1,True
Kilo,2026-05-30,2.0,Kilo,0.0,,0.0,9,1.0,2.0,107.546199583958,0,1,True
Aungba,2026-05-30,1.0,Aungba,0.0,,0.0,2,0.0,2.0,171.063075277196,0,0,True
Bambu,2026-05-30,2.0,Bambu,0.0,,2.0,10,4.0,2.0,293.755113499808,0,1,True
Oicha,2026-05-30,1.0,Oicha,0.0,,0.0,6,1.0,3.0,217.407676331775,0,1,True
Miti Murhesa,2026-05-30,3.0,Miti Murhesa,0.0,,1.0,9,2.0,2.0,722.651452069188,0,1,True
Komanda,2026-05-30,1.0,Komanda,0.0,,0.0,2,0.0,2.0,69.5013595444792,0,1,True
Nyankunde,2026-05-30,19.0,Nyankunde,0.0,1.4285714285714286,1.0,12,10.0,2.0,100.872453475923,0,1,True
Nizi,2026-05-30,2.0,Nizi,0.0,0.0,0.0,9,0.0,8.0,671.566862038288,0,1,True
Aru,2026-05-30,2.0,Aru,0.0,,1.0,8,1.0,2.0,339.239633491485,0,1,True
Lita,2026-05-30,1.0,Lita,0.0,,0.0,2,0.0,2.0,228.628253664484,0,1,True
Goma,2026-05-30,1.0,Goma,0.0,,0.0,12,0.0,12.0,8413.39578071933,0,0,True
Komanda,2026-06-01,1.0,Komanda,0.0,,0.0,4,0.0,4.0,69.5013595444792,0,1,True
Rwampara,2026-06-01,65.0,Rwampara,0.0,1.65,13.0,17,33.0,4.0,378.392262151519,0,1,True
Mangala,2026-06-01,1.0,Mangala,0.0,,0.0,4,0.0,4.0,162.268440527417,0,0,True
Kilo,2026-06-01,2.0,Kilo,0.0,,0.0,11,1.0,4.0,107.546199583958,0,1,True
Katwa,2026-06-01,7.0,Katwa,3.0,0.75,5.0,14,3.0,9.0,7809.37779884317,0,1,True
Damas,2026-06-01,1.0,Damas,0.0,,0.0,6,1.0,4.0,53.1851080273012,0,1,True
Mambasa,2026-06-01,2.0,Mambasa,2.0,,1.0,6,2.0,6.0,9.38305119840287,0,0,True
Logo,2026-06-01,1.0,Logo,0.0,,0.0,0,0.0,0.0,557.063799173426,0,1,True
Aungba,2026-06-01,1.0,Aungba,0.0,,0.0,4,0.0,4.0,171.063075277196,0,1,True
Butembo,2026-06-01,2.0,Butembo,0.0,0.6666666666666666,2.0,14,2.0,5.0,3648.62216219997,0,1,True
Nizi,2026-06-01,2.0,Nizi,0.0,0.0,0.0,11,0.0,10.0,671.566862038288,0,1,True
Bunia,2026-06-01,80.0,Bunia,0.0,2.333333333333333,8.0,17,56.0,4.0,4336.1457340514,0,1,True
Oicha,2026-06-01,2.0,Oicha,1.0,,2.0,8,2.0,5.0,217.407676331775,0,0,True
Aru,2026-06-01,2.0,Aru,0.0,,1.0,10,1.0,4.0,339.239633491485,0,1,True
Beni,2026-06-01,5.0,Beni,3.0,,3.0,4,3.0,4.0,583.694814150159,0,1,True
Miti Murhesa,2026-06-01,3.0,Miti Murhesa,0.0,,1.0,11,2.0,4.0,722.651452069188,0,1,True
Kyondo,2026-06-01,1.0,Kyondo,0.0,,0.0,7,0.0,7.0,287.209696136707,0,0,True
Nyankunde,2026-06-01,19.0,Nyankunde,0.0,1.4285714285714286,1.0,14,10.0,4.0,100.872453475923,0,1,True
Kalunguta,2026-06-01,1.0,Kalunguta,0.0,,1.0,8,1.0,5.0,217.291453102909,0,0,True
Lita,2026-06-01,1.0,Lita,0.0,,0.0,4,0.0,4.0,228.628253664484,0,1,True
Bambu,2026-06-01,2.0,Bambu,0.0,1.0,2.0,12,2.0,4.0,293.755113499808,0,1,True
Goma,2026-06-01,1.0,Goma,0.0,,0.0,14,0.0,14.0,8413.39578071933,0,0,True
Mongbwalu,2026-06-01,47.0,Mongbwalu,0.0,1.2173913043478262,10.0,18,28.0,4.0,49.26880991961,0,1,True
Gety,2026-06-01,1.0,Gety,0.0,,0.0,4,0.0,4.0,86.0299313935469,0,0,True
Bambu,2026-06-02,2.0,Bambu,0.0,1.0,2.0,13,2.0,5.0,293.755113499808,0,1,True
Gety,2026-06-02,1.0,Gety,0.0,,0.0,5,0.0,5.0,86.0299313935469,0,0,True
Nizi,2026-06-02,2.0,Nizi,0.0,0.0,0.0,12,0.0,11.0,671.566862038288,0,1,True
Butembo,2026-06-02,2.0,Butembo,0.0,0.6666666666666666,2.0,15,2.0,6.0,3648.62216219997,0,1,True
Mongbwalu,2026-06-02,47.0,Mongbwalu,0.0,1.2727272727272727,10.0,19,28.0,5.0,49.26880991961,0,1,True
Logo,2026-06-02,1.0,Logo,0.0,,0.0,1,0.0,1.0,557.063799173426,0,1,True
Rimba,2026-06-02,3.0,Rimba,3.0,,0.0,7,3.0,7.0,475.541098374732,0,0,True
Miti Murhesa,2026-06-02,3.0,Miti Murhesa,0.0,,1.0,12,2.0,5.0,722.651452069188,0,1,True
Mambasa,2026-06-02,2.0,Mambasa,0.0,,1.0,7,2.0,1.0,9.38305119840287,0,0,True
Kyondo,2026-06-02,1.0,Kyondo,0.0,,0.0,8,0.0,8.0,287.209696136707,0,0,True
Katwa,2026-06-02,7.0,Katwa,0.0,0.75,5.0,15,3.0,1.0,7809.37779884317,0,1,True
Aru,2026-06-02,2.0,Aru,0.0,,1.0,11,1.0,5.0,339.239633491485,0,1,True
Kilo,2026-06-02,2.0,Kilo,0.0,,0.0,12,1.0,5.0,107.546199583958,0,1,True
Lita,2026-06-02,1.0,Lita,0.0,,0.0,5,0.0,5.0,228.628253664484,0,1,True
Aungba,2026-06-02,1.0,Aungba,0.0,,0.0,5,0.0,5.0,171.063075277196,0,1,True
Rwampara,2026-06-02,72.0,Rwampara,7.0,2.857142857142857,15.0,18,40.0,5.0,378.392262151519,0,1,True
Nyankunde,2026-06-02,22.0,Nyankunde,3.0,1.8571428571428568,1.0,15,13.0,5.0,100.872453475923,0,1,True
Bunia,2026-06-02,85.0,Bunia,5.0,3.388888888888889,8.0,18,61.0,5.0,4336.1457340514,0,1,True
Kalunguta,2026-06-02,1.0,Kalunguta,0.0,,1.0,9,1.0,6.0,217.291453102909,0,0,True
Goma,2026-06-02,1.0,Goma,0.0,,0.0,15,0.0,15.0,8413.39578071933,0,0,True
Damas,2026-06-02,2.0,Damas,1.0,,0.0,7,2.0,5.0,53.1851080273012,0,1,True
Mangala,2026-06-02,1.0,Mangala,0.0,,0.0,5,0.0,5.0,162.268440527417,0,0,True
Beni,2026-06-02,5.0,Beni,0.0,,3.0,5,3.0,1.0,583.694814150159,0,1,True
Komanda,2026-06-02,1.0,Komanda,0.0,,0.0,5,0.0,5.0,69.5013595444792,0,1,True
Oicha,2026-06-02,2.0,Oicha,0.0,,2.0,9,2.0,1.0,217.407676331775,0,0,True
Mongbwalu,2026-06-03,47.0,Mongbwalu,0.0,2.4545454545454546,10.0,20,27.0,6.0,49.26880991961,0,1,True
Butembo,2026-06-03,2.0,Butembo,0.0,0.6666666666666666,2.0,16,2.0,7.0,3648.62216219997,0,1,True
Kalunguta,2026-06-03,1.0,Kalunguta,0.0,,1.0,10,1.0,7.0,217.291453102909,0,0,True
Gety,2026-06-03,1.0,Gety,0.0,,0.0,6,0.0,6.0,86.0299313935469,0,0,True
Bambu,2026-06-03,2.0,Bambu,0.0,1.0,2.0,14,2.0,6.0,293.755113499808,0,1,True
Kilo,2026-06-03,2.0,Kilo,0.0,,0.0,13,1.0,6.0,107.546199583958,0,1,True
Bunia,2026-06-03,97.0,Bunia,12.0,2.033333333333333,9.0,19,61.0,1.0,4336.1457340514,0,1,True
Rwampara,2026-06-03,76.0,Rwampara,4.0,4.777777777777778,16.0,19,43.0,1.0,378.392262151519,0,1,True
Aru,2026-06-03,2.0,Aru,0.0,,1.0,12,1.0,6.0,339.239633491485,0,1,True
Aungba,2026-06-03,1.0,Aungba,0.0,,0.0,6,0.0,6.0,171.063075277196,0,1,True
Nyankunde,2026-06-03,22.0,Nyankunde,0.0,1.5,1.0,16,12.0,1.0,100.872453475923,0,1,True
Oicha,2026-06-03,2.0,Oicha,0.0,,2.0,10,2.0,2.0,217.407676331775,0,0,True
Lita,2026-06-03,2.0,Lita,1.0,,0.0,6,1.0,6.0,228.628253664484,0,1,True
Miti Murhesa,2026-06-03,3.0,Miti Murhesa,0.0,,1.0,13,2.0,6.0,722.651452069188,0,1,True
Katwa,2026-06-03,7.0,Katwa,0.0,0.75,5.0,16,3.0,2.0,7809.37779884317,0,1,True
Kyondo,2026-06-03,1.0,Kyondo,0.0,,0.0,9,0.0,9.0,287.209696136707,0,1,True
Damas,2026-06-03,3.0,Damas,1.0,,0.0,8,3.0,1.0,53.1851080273012,0,0,True
Beni,2026-06-03,5.0,Beni,0.0,,3.0,6,3.0,2.0,583.694814150159,0,1,True
Komanda,2026-06-03,1.0,Komanda,0.0,,0.0,6,0.0,6.0,69.5013595444792,0,1,True
Goma,2026-06-03,1.0,Goma,0.0,,0.0,16,0.0,16.0,8413.39578071933,0,0,True
Nizi,2026-06-03,2.0,Nizi,0.0,0.0,0.0,13,0.0,12.0,671.566862038288,0,1,True
Mangala,2026-06-03,1.0,Mangala,0.0,,0.0,6,0.0,6.0,162.268440527417,0,1,True
Nyankunde,2026-06-04,22.0,Nyankunde,0.0,1.7142857142857142,1.0,17,12.0,2.0,100.872453475923,0,1,True
Bunia,2026-06-04,123.0,Bunia,26.0,3.3076923076923075,11.0,20,86.0,1.0,4336.1457340514,0,1,True
Lita,2026-06-04,3.0,Lita,1.0,,0.0,7,2.0,1.0,228.628253664484,0,1,True
Komanda,2026-06-04,3.0,Komanda,2.0,,0.0,7,2.0,7.0,69.5013595444792,0,0,True
Oicha,2026-06-04,2.0,Oicha,0.0,1.0,2.0,11,1.0,3.0,217.407676331775,0,0,True
Butembo,2026-06-04,4.0,Butembo,2.0,0.4,2.0,17,2.0,8.0,3648.62216219997,0,1,True
Mongbwalu,2026-06-04,64.0,Mongbwalu,17.0,4.0,21.0,21,44.0,7.0,49.26880991961,0,1,True
Bambu,2026-06-04,5.0,Bambu,3.0,2.5,2.0,15,5.0,7.0,293.755113499808,0,1,True
Gety,2026-06-04,1.0,Gety,0.0,,0.0,7,0.0,7.0,86.0299313935469,0,0,True
Miti Murhesa,2026-06-04,1.0,Miti Murhesa,0.0,,1.0,14,2.0,7.0,722.651452069188,0,1,True
Aungba,2026-06-04,1.0,Aungba,0.0,,0.0,7,0.0,7.0,171.063075277196,0,1,True
Beni,2026-06-04,5.0,Beni,0.0,,3.0,7,3.0,3.0,583.694814150159,0,1,True
Goma,2026-06-04,1.0,Goma,0.0,,0.0,17,0.0,17.0,8413.39578071933,0,0,True
Aru,2026-06-04,3.0,Aru,1.0,,1.0,13,2.0,7.0,339.239633491485,0,0,True
Kalunguta,2026-06-04,1.0,Kalunguta,0.0,0.0,1.0,11,0.0,8.0,217.291453102909,0,0,True
Logo,2026-06-04,2.0,Logo,1.0,,0.0,3,1.0,3.0,557.063799173426,0,0,True
Rwampara,2026-06-04,86.0,Rwampara,10.0,5.888888888888889,18.0,20,53.0,1.0,378.392262151519,0,1,True
Kyondo,2026-06-04,1.0,Kyondo,0.0,,0.0,10,0.0,10.0,287.209696136707,0,1,True
Katwa,2026-06-04,11.0,Katwa,4.0,1.75,7.0,17,7.0,3.0,7809.37779884317,0,1,True
Damas,2026-06-04,3.0,Damas,0.0,,0.0,9,3.0,1.0,53.1851080273012,0,0,True
Nizi,2026-06-04,5.0,Nizi,3.0,3.0,0.0,14,3.0,13.0,671.566862038288,0,1,True
Mambasa,2026-06-04,2.0,Mambasa,0.0,,1.0,9,2.0,3.0,9.38305119840287,0,0,True
Kilo,2026-06-04,3.0,Kilo,1.0,,1.0,14,2.0,7.0,107.546199583958,0,1,True
Rimba,2026-06-04,3.0,Rimba,0.0,,0.0,9,3.0,2.0,475.541098374732,0,0,True
Mangala,2026-06-04,1.0,Mangala,0.0,,0.0,7,0.0,7.0,162.268440527417,0,1,True
Butembo,2026-06-05,4.0,Butembo,0.0,0.5,2.0,18,2.0,1.0,3648.62216219997,0,1,True
Kilo,2026-06-05,4.0,Kilo,1.0,2.0,1.0,15,2.0,1.0,107.546199583958,0,0,True
Gety,2026-06-05,1.0,Gety,0.0,,0.0,8,0.0,8.0,86.0299313935469,0,0,True
Katwa,2026-06-05,11.0,Katwa,0.0,1.75,7.0,18,7.0,1.0,7809.37779884317,0,1,True
Damas,2026-06-05,3.0,Damas,0.0,2.0,0.0,10,2.0,2.0,53.1851080273012,0,0,True
Goma,2026-06-05,1.0,Goma,0.0,,0.0,18,0.0,18.0,8413.39578071933,0,0,True
Aru,2026-06-05,3.0,Aru,0.0,1.0,1.0,14,1.0,1.0,339.239633491485,0,0,True
Komanda,2026-06-05,3.0,Komanda,0.0,,0.0,8,2.0,1.0,69.5013595444792,0,0,True
Kalunguta,2026-06-05,1.0,Kalunguta,0.0,0.0,1.0,12,0.0,9.0,217.291453102909,0,0,True
Nizi,2026-06-05,5.0,Nizi,0.0,3.0,0.0,15,3.0,1.0,671.566862038288,0,1,True
Nyankunde,2026-06-05,24.0,Nyankunde,2.0,0.5,1.0,18,5.0,3.0,100.872453475923,0,1,True
Rwampara,2026-06-05,93.0,Rwampara,7.0,0.8235294117647058,19.0,21,28.0,1.0,378.392262151519,0,1,True
Kyondo,2026-06-05,1.0,Kyondo,0.0,,0.0,11,0.0,11.0,287.209696136707,0,1,True
Mambasa,2026-06-05,2.0,Mambasa,0.0,,1.0,10,2.0,4.0,9.38305119840287,0,0,True
Aungba,2026-06-05,1.0,Aungba,0.0,,0.0,8,0.0,8.0,171.063075277196,0,1,True
Beni,2026-06-05,5.0,Beni,0.0,,3.0,8,3.0,4.0,583.694814150159,0,1,True
Rimba,2026-06-05,3.0,Rimba,0.0,,0.0,10,3.0,3.0,475.541098374732,0,0,True
Bambu,2026-06-05,5.0,Bambu,0.0,0.75,2.0,16,3.0,1.0,293.755113499808,0,1,True
Miti Murhesa,2026-06-05,3.0,Miti Murhesa,2.0,1.0,1.0,15,2.0,8.0,722.651452069188,0,1,True
Mangala,2026-06-05,1.0,Mangala,0.0,,0.0,8,0.0,8.0,162.268440527417,0,1,True
Bunia,2026-06-05,138.0,Bunia,15.0,0.8923076923076924,14.0,21,58.0,1.0,4336.1457340514,0,1,True
Mongbwalu,2026-06-05,74.0,Mongbwalu,10.0,0.7297297297297297,21.0,22,27.0,1.0,49.26880991961,0,1,True
Logo,2026-06-05,2.0,Logo,0.0,,0.0,4,1.0,1.0,557.063799173426,0,0,True
Oicha,2026-06-05,2.0,Oicha,0.0,1.0,2.0,12,1.0,4.0,217.407676331775,0,0,True
Lita,2026-06-05,4.0,Lita,1.0,,0.0,8,3.0,1.0,228.628253664484,0,1,True
Nizi,2026-06-06,5.0,Nizi,0.0,,0.0,16,3.0,2.0,671.566862038288,0,1,True
Rwampara,2026-06-06,98.0,Rwampara,5.0,1.0,19.0,22,33.0,1.0,378.392262151519,0,1,True
Aungba,2026-06-06,1.0,Aungba,0.0,,0.0,9,0.0,9.0,171.063075277196,0,1,True
Oicha,2026-06-06,2.0,Oicha,0.0,1.0,2.0,13,1.0,5.0,217.407676331775,0,0,True
Logo,2026-06-06,2.0,Logo,0.0,,0.0,5,1.0,2.0,557.063799173426,0,0,True
Katwa,2026-06-06,11.0,Katwa,0.0,1.75,8.0,19,7.0,2.0,7809.37779884317,0,1,True
Mangala,2026-06-06,1.0,Mangala,0.0,,0.0,9,0.0,9.0,162.268440527417,0,1,True
Goma,2026-06-06,1.0,Goma,0.0,,0.0,19,0.0,19.0,8413.39578071933,0,0,True
Beni,2026-06-06,5.0,Beni,0.0,,3.0,9,3.0,5.0,583.694814150159,0,1,True
Kalunguta,2026-06-06,1.0,Kalunguta,0.0,0.0,1.0,13,0.0,10.0,217.291453102909,0,0,True
Kilo,2026-06-06,4.0,Kilo,0.0,2.0,1.0,16,2.0,1.0,107.546199583958,0,0,True
Butembo,2026-06-06,4.0,Butembo,0.0,0.5,2.0,19,2.0,2.0,3648.62216219997,0,1,True
Nyankunde,2026-06-06,24.0,Nyankunde,0.0,0.5,1.0,19,5.0,1.0,100.872453475923,0,1,True
Miti Murhesa,2026-06-06,3.0,Miti Murhesa,0.0,1.0,1.0,16,2.0,1.0,722.651452069188,0,1,True
Damas,2026-06-06,3.0,Damas,0.0,2.0,0.0,11,2.0,3.0,53.1851080273012,0,1,True
Komanda,2026-06-06,3.0,Komanda,0.0,,0.0,9,2.0,2.0,69.5013595444792,0,1,True
Kyondo,2026-06-06,1.0,Kyondo,0.0,,0.0,12,0.0,12.0,287.209696136707,0,1,True
Rimba,2026-06-06,3.0,Rimba,0.0,,0.0,11,3.0,4.0,475.541098374732,0,0,True
Mambasa,2026-06-06,2.0,Mambasa,0.0,,1.0,11,2.0,5.0,9.38305119840287,0,0,True
Gety,2026-06-06,1.0,Gety,0.0,,0.0,9,0.0,9.0,86.0299313935469,0,0,True
Bunia,2026-06-06,142.0,Bunia,4.0,1.087719298245614,14.0,22,62.0,1.0,4336.1457340514,0,1,True
Mongbwalu,2026-06-06,92.0,Mongbwalu,18.0,1.2162162162162162,25.0,23,45.0,1.0,49.26880991961,0,1,True
Aru,2026-06-06,3.0,Aru,0.0,1.0,1.0,15,1.0,2.0,339.239633491485,0,0,True
Lita,2026-06-06,4.0,Lita,0.0,,0.0,9,3.0,1.0,228.628253664484,0,1,True
Bambu,2026-06-06,5.0,Bambu,0.0,0.75,2.0,17,3.0,2.0,293.755113499808,0,1,True
Aru,2026-06-07,3.0,Aru,0.0,1.0,1.0,16,1.0,3.0,339.239633491485,0,0,True
Butembo,2026-06-07,4.0,Butembo,0.0,0.5,2.0,20,2.0,3.0,3648.62216219997,0,1,True
Nizi,2026-06-07,5.0,Nizi,0.0,,0.0,17,3.0,3.0,671.566862038288,0,1,True
Mangala,2026-06-07,1.0,Mangala,0.0,,0.0,10,0.0,10.0,162.268440527417,0,1,True
Rimba,2026-06-07,3.0,Rimba,0.0,,0.0,12,3.0,5.0,475.541098374732,0,0,True
Kalunguta,2026-06-07,1.0,Kalunguta,0.0,0.0,1.0,14,0.0,11.0,217.291453102909,0,0,True
Damas,2026-06-07,3.0,Damas,0.0,2.0,0.0,12,2.0,4.0,53.1851080273012,0,1,True
Katwa,2026-06-07,11.0,Katwa,0.0,1.75,8.0,20,7.0,3.0,7809.37779884317,0,1,True
Aungba,2026-06-07,1.0,Aungba,0.0,,0.0,10,0.0,10.0,171.063075277196,0,1,True
Kyondo,2026-06-07,1.0,Kyondo,0.0,,0.0,13,0.0,13.0,287.209696136707,0,1,True
Bambu,2026-06-07,5.0,Bambu,0.0,0.75,2.0,18,3.0,3.0,293.755113499808,0,1,True
Lita,2026-06-07,4.0,Lita,0.0,,0.0,10,3.0,2.0,228.628253664484,0,1,True
Nyankunde,2026-06-07,26.0,Nyankunde,2.0,0.7,1.0,20,7.0,2.0,100.872453475923,0,1,True
Gety,2026-06-07,1.0,Gety,0.0,,0.0,10,0.0,10.0,86.0299313935469,0,0,True
Mambasa,2026-06-07,2.0,Mambasa,0.0,,1.0,12,2.0,6.0,9.38305119840287,0,0,True
Komanda,2026-06-07,3.0,Komanda,0.0,,0.0,10,2.0,3.0,69.5013595444792,0,1,True
Miti Murhesa,2026-06-07,3.0,Miti Murhesa,0.0,1.0,1.0,17,2.0,2.0,722.651452069188,0,1,True
Goma,2026-06-07,1.0,Goma,0.0,,0.0,20,0.0,20.0,8413.39578071933,0,0,True
Kilo,2026-06-07,4.0,Kilo,0.0,2.0,1.0,17,2.0,2.0,107.546199583958,0,0,True
Rwampara,2026-06-07,111.0,Rwampara,13.0,1.393939393939394,20.0,23,46.0,1.0,378.392262151519,0,1,True
Beni,2026-06-07,9.0,Beni,4.0,,7.0,10,7.0,6.0,583.694814150159,0,1,True
Mongbwalu,2026-06-07,98.0,Mongbwalu,6.0,1.8214285714285716,29.0,24,51.0,1.0,49.26880991961,0,1,True
Logo,2026-06-07,2.0,Logo,0.0,,0.0,6,1.0,3.0,557.063799173426,0,0,True
Bunia,2026-06-07,152.0,Bunia,10.0,1.2857142857142858,15.0,23,72.0,1.0,4336.1457340514,0,1,True
Oicha,2026-06-07,2.0,Oicha,0.0,1.0,2.0,14,1.0,6.0,217.407676331775,0,0,True
Mambasa,2026-06-08,2.0,Mambasa,0.0,,1.0,13,2.0,7.0,9.38305119840287,0,0,True
Nizi,2026-06-08,5.0,Nizi,0.0,,0.0,18,3.0,4.0,671.566862038288,0,1,True
Kyondo,2026-06-08,1.0,Kyondo,0.0,,0.0,14,0.0,14.0,287.209696136707,0,1,True
Damas,2026-06-08,3.0,Damas,0.0,2.0,0.0,13,2.0,5.0,53.1851080273012,0,1,True
Mangala,2026-06-08,1.0,Mangala,0.0,,0.0,11,0.0,11.0,162.268440527417,0,1,True
Kalunguta,2026-06-08,1.0,Kalunguta,0.0,0.0,1.0,15,0.0,12.0,217.291453102909,0,0,True
Aungba,2026-06-08,2.0,Aungba,1.0,,1.0,11,1.0,11.0,171.063075277196,0,0,True
Rwampara,2026-06-08,122.0,Rwampara,11.0,1.7272727272727273,20.0,24,57.0,1.0,378.392262151519,0,1,True
Goma,2026-06-08,1.0,Goma,0.0,,0.0,21,0.0,21.0,8413.39578071933,0,0,True
Miti Murhesa,2026-06-08,1.0,Miti Murhesa,0.0,1.0,1.0,18,2.0,3.0,722.651452069188,0,1,True
Gety,2026-06-08,1.0,Gety,0.0,,0.0,11,0.0,11.0,86.0299313935469,0,0,True
Oicha,2026-06-08,2.0,Oicha,0.0,0.0,2.0,15,0.0,7.0,217.407676331775,0,0,True
Beni,2026-06-08,9.0,Beni,0.0,1.3333333333333333,7.0,11,4.0,1.0,583.694814150159,0,1,True
Bambu,2026-06-08,5.0,Bambu,0.0,1.5,2.0,19,3.0,4.0,293.755113499808,0,1,True
Komanda,2026-06-08,3.0,Komanda,0.0,,0.0,11,2.0,4.0,69.5013595444792,0,1,True
Mongbwalu,2026-06-08,114.0,Mongbwalu,16.0,2.392857142857143,40.0,25,67.0,1.0,49.26880991961,0,1,True
Katwa,2026-06-08,12.0,Katwa,1.0,1.6666666666666667,8.0,21,5.0,4.0,7809.37779884317,0,1,True
Bunia,2026-06-08,163.0,Bunia,11.0,1.4821428571428572,15.0,24,83.0,1.0,4336.1457340514,0,1,True
Lita,2026-06-08,4.0,Lita,0.0,,0.0,11,3.0,3.0,228.628253664484,0,1,True
Kilo,2026-06-08,4.0,Kilo,0.0,2.0,1.0,18,2.0,3.0,107.546199583958,0,0,True
Logo,2026-06-08,2.0,Logo,0.0,,0.0,7,1.0,4.0,557.063799173426,0,0,True
Nyankunde,2026-06-08,32.0,Nyankunde,6.0,1.3,1.0,21,13.0,1.0,100.872453475923,0,1,True
Aru,2026-06-08,3.0,Aru,0.0,1.0,1.0,17,1.0,4.0,339.239633491485,0,0,True
Butembo,2026-06-08,6.0,Butembo,2.0,2.0,4.0,21,4.0,4.0,3648.62216219997,0,1,True
Rimba,2026-06-08,3.0,Rimba,0.0,,0.0,13,3.0,6.0,475.541098374732,0,0,True
Kilo,2026-06-09,4.0,Kilo,0.0,2.0,1.0,19,2.0,4.0,107.546199583958,0,0,True
Goma,2026-06-09,1.0,Goma,0.0,,0.0,22,0.0,22.0,8413.39578071933,0,0,True
Mangala,2026-06-09,1.0,Mangala,0.0,,0.0,12,0.0,12.0,162.268440527417,0,1,True
Gety,2026-06-09,1.0,Gety,0.0,,0.0,12,0.0,12.0,86.0299313935469,0,0,True
Butembo,2026-06-09,6.0,Butembo,0.0,2.0,4.0,22,4.0,1.0,3648.62216219997,0,1,True
Kalunguta,2026-06-09,1.0,Kalunguta,0.0,0.0,1.0,16,0.0,13.0,217.291453102909,0,1,True
Bunia,2026-06-09,173.0,Bunia,10.0,1.4426229508196722,15.0,25,88.0,1.0,4336.1457340514,0,1,True
Rwampara,2026-06-09,133.0,Rwampara,11.0,1.525,25.0,25,61.0,1.0,378.392262151519,0,1,True
Logo,2026-06-09,2.0,Logo,0.0,,0.0,8,1.0,5.0,557.063799173426,0,0,True
Beni,2026-06-09,9.0,Beni,0.0,1.3333333333333333,7.0,12,4.0,2.0,583.694814150159,0,1,True
Komanda,2026-06-09,3.0,Komanda,0.0,,0.0,12,2.0,5.0,69.5013595444792,0,1,True
Damas,2026-06-09,3.0,Damas,0.0,0.5,0.0,14,1.0,6.0,53.1851080273012,0,1,True
Rimba,2026-06-09,3.0,Rimba,0.0,,0.0,14,3.0,7.0,475.541098374732,0,0,True
Lita,2026-06-09,5.0,Lita,1.0,,0.0,12,4.0,4.0,228.628253664484,0,1,True
Mongbwalu,2026-06-09,127.0,Mongbwalu,13.0,2.857142857142857,47.0,26,80.0,1.0,49.26880991961,0,1,True
Mambasa,2026-06-09,2.0,Mambasa,0.0,0.0,1.0,14,0.0,8.0,9.38305119840287,0,0,True
Kyondo,2026-06-09,1.0,Kyondo,0.0,,0.0,15,0.0,15.0,287.209696136707,0,1,True
Katwa,2026-06-09,12.0,Katwa,0.0,1.6666666666666667,8.0,22,5.0,1.0,7809.37779884317,0,1,True
Bambu,2026-06-09,5.0,Bambu,0.0,1.5,2.0,20,3.0,5.0,293.755113499808,0,1,True
Nyankunde,2026-06-09,32.0,Nyankunde,0.0,0.7692307692307693,1.0,22,10.0,1.0,100.872453475923,0,1,True
Miti Murhesa,2026-06-09,3.0,Miti Murhesa,2.0,2.0,1.0,19,4.0,4.0,722.651452069188,0,0,True
Nizi,2026-06-09,5.0,Nizi,0.0,,0.0,19,3.0,5.0,671.566862038288,0,1,True
Tchomia,2026-06-09,2.0,Tchomia,0.0,,0.0,0,0.0,0.0,228.779480612625,0,1,True
Oicha,2026-06-09,2.0,Oicha,0.0,0.0,2.0,16,0.0,8.0,217.407676331775,0,1,True
Aru,2026-06-09,3.0,Aru,0.0,1.0,1.0,18,1.0,5.0,339.239633491485,0,0,True
Aungba,2026-06-09,2.0,Aungba,0.0,,1.0,12,1.0,1.0,171.063075277196,0,0,True
Kilo,2026-06-10,4.0,Kilo,0.0,2.0,1.0,20,2.0,5.0,107.546199583958,0,1,True
Nyankunde,2026-06-10,33.0,Nyankunde,1.0,0.9166666666666666,1.0,23,11.0,2.0,100.872453475923,0,1,True
Masereka,2026-06-10,1.0,Masereka,0.0,,0.0,0,0.0,0.0,859.910963009083,0,0,True
Tchomia,2026-06-10,2.0,Tchomia,0.0,,0.0,1,0.0,1.0,228.779480612625,0,1,True
Aungba,2026-06-10,2.0,Aungba,0.0,,1.0,13,1.0,2.0,171.063075277196,0,1,True
Goma,2026-06-10,1.0,Goma,0.0,,0.0,23,0.0,23.0,8413.39578071933,0,0,True
Gety,2026-06-10,1.0,Gety,0.0,,0.0,13,0.0,13.0,86.0299313935469,0,0,True
Rwampara,2026-06-10,137.0,Rwampara,4.0,1.4186046511627908,25.0,26,61.0,1.0,378.392262151519,0,1,True
Lita,2026-06-10,6.0,Lita,1.0,4.0,0.0,13,4.0,1.0,228.628253664484,0,1,True
Vuhovi,2026-06-10,1.0,Vuhovi,0.0,,1.0,0,0.0,0.0,380.412706373374,0,0,True
Nizi,2026-06-10,7.0,Nizi,2.0,,0.0,20,5.0,6.0,671.566862038288,0,1,True
Mambasa,2026-06-10,2.0,Mambasa,0.0,0.0,1.0,15,0.0,9.0,9.38305119840287,0,0,True
Kambala,2026-06-10,1.0,Kambala,0.0,,1.0,0,0.0,0.0,113.635589703185,0,0,True
Bambu,2026-06-10,7.0,Bambu,2.0,2.5,2.0,21,5.0,6.0,293.755113499808,0,1,True
Oicha,2026-06-10,2.0,Oicha,0.0,0.0,2.0,17,0.0,9.0,217.407676331775,0,1,True
Katwa,2026-06-10,18.0,Katwa,6.0,3.6666666666666665,10.0,23,11.0,2.0,7809.37779884317,0,1,True
Kyondo,2026-06-10,2.0,Kyondo,1.0,,0.0,16,1.0,16.0,287.209696136707,0,0,True
Aru,2026-06-10,3.0,Aru,0.0,1.0,1.0,19,1.0,6.0,339.239633491485,0,0,True
Komanda,2026-06-10,3.0,Komanda,0.0,,0.0,13,2.0,6.0,69.5013595444792,0,1,True
Rimba,2026-06-10,3.0,Rimba,0.0,0.0,0.0,15,0.0,8.0,475.541098374732,0,0,True
Mongbwalu,2026-06-10,132.0,Mongbwalu,5.0,3.1481481481481484,49.0,27,85.0,1.0,49.26880991961,0,1,True
Bunia,2026-06-10,185.0,Bunia,12.0,1.4426229508196722,17.0,26,88.0,1.0,4336.1457340514,0,1,True
Logo,2026-06-10,2.0,Logo,0.0,,0.0,9,1.0,6.0,557.063799173426,0,0,True
Mangala,2026-06-10,2.0,Mangala,1.0,,0.0,13,1.0,13.0,162.268440527417,0,1,True
Kalunguta,2026-06-10,1.0,Kalunguta,0.0,0.0,1.0,17,0.0,14.0,217.291453102909,0,1,True
Miti Murhesa,2026-06-10,3.0,Miti Murhesa,0.0,2.0,1.0,20,4.0,1.0,722.651452069188,0,0,True
Beni,2026-06-10,9.0,Beni,0.0,1.3333333333333333,7.0,13,4.0,3.0,583.694814150159,0,1,True
Damas,2026-06-10,3.0,Damas,0.0,0.0,0.0,15,0.0,7.0,53.1851080273012,0,1,True
Butembo,2026-06-10,9.0,Butembo,3.0,3.5,5.0,23,7.0,2.0,3648.62216219997,0,1,True
Kyondo,2026-06-11,2.0,Kyondo,0.0,,2.0,17,1.0,1.0,287.209696136707,0,0,True
Gety,2026-06-11,1.0,Gety,0.0,,0.0,14,0.0,14.0,86.0299313935469,0,0,True
Miti Murhesa,2026-06-11,3.0,Miti Murhesa,0.0,2.0,1.0,21,4.0,2.0,722.651452069188,0,0,True
Komanda,2026-06-11,3.0,Komanda,0.0,0.0,0.0,14,0.0,7.0,69.5013595444792,0,1,True
Mongbwalu,2026-06-11,136.0,Mongbwalu,4.0,1.6363636363636365,52.0,28,72.0,1.0,49.26880991961,0,1,True
Nyankunde,2026-06-11,33.0,Nyankunde,0.0,0.9166666666666666,1.0,24,11.0,1.0,100.872453475923,0,1,True
Kilo,2026-06-11,4.0,Kilo,0.0,0.5,1.0,21,1.0,6.0,107.546199583958,0,1,True
Goma,2026-06-11,1.0,Goma,0.0,,1.0,24,0.0,24.0,8413.39578071933,0,0,True
Rwampara,2026-06-11,142.0,Rwampara,5.0,1.0566037735849056,26.0,27,56.0,1.0,378.392262151519,0,1,True
Nizi,2026-06-11,9.0,Nizi,2.0,1.3333333333333333,1.0,21,4.0,1.0,671.566862038288,0,1,True
Lita,2026-06-11,6.0,Lita,0.0,1.5,0.0,14,3.0,1.0,228.628253664484,0,1,True
Mangala,2026-06-11,2.0,Mangala,0.0,,0.0,14,1.0,1.0,162.268440527417,0,1,True
Kalunguta,2026-06-11,1.0,Kalunguta,0.0,,1.0,18,0.0,15.0,217.291453102909,0,1,True
Logo,2026-06-11,2.0,Logo,0.0,0.0,0.0,10,0.0,7.0,557.063799173426,0,0,True
Rimba,2026-06-11,3.0,Rimba,0.0,0.0,0.0,16,0.0,9.0,475.541098374732,0,0,True
Aru,2026-06-11,3.0,Aru,0.0,0.0,1.0,20,0.0,7.0,339.239633491485,0,0,True
Katwa,2026-06-11,16.0,Katwa,0.0,1.0,9.0,24,7.0,1.0,7809.37779884317,0,1,True
Oicha,2026-06-11,2.0,Oicha,0.0,0.0,2.0,18,0.0,10.0,217.407676331775,0,1,True
Kambala,2026-06-11,1.0,Kambala,0.0,,1.0,1,0.0,1.0,113.635589703185,0,0,True
Masereka,2026-06-11,1.0,Masereka,0.0,,1.0,1,0.0,1.0,859.910963009083,0,0,True
Mambasa,2026-06-11,2.0,Mambasa,0.0,0.0,1.0,16,0.0,10.0,9.38305119840287,0,0,True
Aungba,2026-06-11,2.0,Aungba,0.0,,1.0,14,1.0,3.0,171.063075277196,0,1,True
Bambu,2026-06-11,7.0,Bambu,0.0,0.4,2.0,22,2.0,1.0,293.755113499808,0,1,True
Damas,2026-06-11,3.0,Damas,0.0,0.0,0.0,16,0.0,8.0,53.1851080273012,0,1,True
Beni,2026-06-11,9.0,Beni,0.0,1.3333333333333333,5.0,14,4.0,4.0,583.694814150159,0,1,True
Vuhovi,2026-06-11,1.0,Vuhovi,0.0,,1.0,1,0.0,1.0,380.412706373374,0,0,True
Bunia,2026-06-11,191.0,Bunia,6.0,0.7906976744186046,17.0,27,68.0,1.0,4336.1457340514,0,1,True
Butembo,2026-06-11,7.0,Butembo,0.0,2.5,5.0,24,5.0,1.0,3648.62216219997,0,1,True
Tchomia,2026-06-11,2.0,Tchomia,0.0,,0.0,2,0.0,2.0,228.779480612625,0,1,True
Aru,2026-06-13,3.0,Aru,0.0,0.0,1.0,22,0.0,9.0,339.239633491485,0,0,True
Komanda,2026-06-13,6.0,Komanda,3.0,1.5,0.0,16,3.0,9.0,69.5013595444792,0,1,True
Gety,2026-06-13,1.0,Gety,0.0,,0.0,16,0.0,16.0,86.0299313935469,0,0,True
Mambasa,2026-06-13,2.0,Mambasa,0.0,0.0,1.0,18,0.0,12.0,9.38305119840287,0,0,True
Oicha,2026-06-13,2.0,Oicha,0.0,0.0,2.0,20,0.0,12.0,217.407676331775,0,1,True
Rwampara,2026-06-13,149.0,Rwampara,7.0,2.0,27.0,29,56.0,2.0,378.392262151519,0,1,True
Lita,2026-06-13,6.0,Lita,0.0,0.6666666666666666,0.0,16,2.0,3.0,228.628253664484,0,1,True
Nia Nia,2026-06-13,1.0,Nia Nia,0.0,,1.0,0,0.0,0.0,12.2620174888054,0,0,True
Bambu,2026-06-13,7.0,Bambu,0.0,0.6666666666666666,2.0,24,2.0,3.0,293.755113499808,0,1,True
Bunia,2026-06-13,212.0,Bunia,21.0,1.2758620689655171,20.0,29,74.0,2.0,4336.1457340514,0,1,True
Beni,2026-06-13,14.0,Beni,5.0,3.0,10.0,16,9.0,6.0,583.694814150159,0,1,True
Kyondo,2026-06-13,2.0,Kyondo,0.0,,1.0,19,1.0,3.0,287.209696136707,0,0,True
Nyankunde,2026-06-13,38.0,Nyankunde,5.0,2.8,4.0,26,14.0,3.0,100.872453475923,0,1,True
Masereka,2026-06-13,1.0,Masereka,0.0,,0.0,3,0.0,3.0,859.910963009083,0,0,True
Miti Murhesa,2026-06-13,3.0,Miti Murhesa,0.0,1.0,1.0,23,2.0,4.0,722.651452069188,0,0,True
Mongbwalu,2026-06-13,164.0,Mongbwalu,28.0,3.333333333333333,73.0,30,90.0,2.0,49.26880991961,0,1,True
Rimba,2026-06-13,3.0,Rimba,0.0,0.0,0.0,18,0.0,11.0,475.541098374732,0,0,True
Aungba,2026-06-13,2.0,Aungba,0.0,,1.0,16,1.0,5.0,171.063075277196,0,1,True
Tchomia,2026-06-13,2.0,Tchomia,0.0,,0.0,4,0.0,4.0,228.779480612625,0,1,True
Kalunguta,2026-06-13,1.0,Kalunguta,0.0,,1.0,20,0.0,17.0,217.291453102909,0,1,True
Mabalako,2026-06-13,1.0,Mabalako,0.0,,0.0,0,0.0,0.0,224.427753196912,0,0,True
Katwa,2026-06-13,21.0,Katwa,5.0,1.7142857142857142,12.0,26,12.0,3.0,7809.37779884317,0,1,True
Kilo,2026-06-13,4.0,Kilo,0.0,0.0,1.0,23,0.0,8.0,107.546199583958,0,1,True
Vuhovi,2026-06-13,1.0,Vuhovi,0.0,,1.0,3,0.0,3.0,380.412706373374,0,0,True
Kambala,2026-06-13,1.0,Kambala,0.0,,1.0,3,0.0,3.0,113.635589703185,0,0,True
Logo,2026-06-13,2.0,Logo,0.0,0.0,0.0,12,0.0,9.0,557.063799173426,0,0,True
Butembo,2026-06-13,18.0,Butembo,11.0,8.0,7.0,26,16.0,3.0,3648.62216219997,0,1,True
Mangala,2026-06-13,5.0,Mangala,3.0,,3.0,16,4.0,3.0,162.268440527417,0,1,True
Goma,2026-06-13,1.0,Goma,0.0,,0.0,26,0.0,26.0,8413.39578071933,0,0,True
Nizi,2026-06-13,11.0,Nizi,2.0,2.0,1.0,23,6.0,2.0,671.566862038288,0,1,True
Damas,2026-06-13,4.0,Damas,1.0,0.5,0.0,18,1.0,10.0,53.1851080273012,0,0,True
Vuhovi,2026-06-14,1.0,Vuhovi,0.0,,1.0,4,0.0,4.0,380.412706373374,0,0,True
Lita,2026-06-14,6.0,Lita,0.0,0.6666666666666666,0.0,17,2.0,4.0,228.628253664484,0,1,True
Nia Nia,2026-06-14,1.0,Nia Nia,0.0,,1.0,1,0.0,1.0,12.2620174888054,0,1,True
Mangala,2026-06-14,5.0,Mangala,0.0,,3.0,17,4.0,1.0,162.268440527417,0,1,True
Katwa,2026-06-14,25.0,Katwa,4.0,2.2857142857142856,16.0,27,16.0,1.0,7809.37779884317,0,1,True
Nizi,2026-06-14,11.0,Nizi,0.0,2.0,1.0,24,6.0,1.0,671.566862038288,0,1,True
Gety,2026-06-14,1.0,Gety,0.0,,0.0,17,0.0,17.0,86.0299313935469,0,0,True
Bunia,2026-06-14,215.0,Bunia,3.0,1.1774193548387095,20.0,30,73.0,1.0,4336.1457340514,0,1,True
Mabalako,2026-06-14,1.0,Mabalako,0.0,,0.0,1,0.0,1.0,224.427753196912,0,0,True
Damas,2026-06-14,4.0,Damas,0.0,0.5,0.0,19,1.0,1.0,53.1851080273012,0,0,True
Mambasa,2026-06-14,2.0,Mambasa,0.0,0.0,1.0,19,0.0,13.0,9.38305119840287,0,0,True
Kyondo,2026-06-14,2.0,Kyondo,0.0,,1.0,20,1.0,4.0,287.209696136707,0,1,True
Miti Murhesa,2026-06-14,3.0,Miti Murhesa,0.0,1.0,1.0,24,2.0,5.0,722.651452069188,0,0,True
Butembo,2026-06-14,19.0,Butembo,1.0,8.5,7.0,27,17.0,1.0,3648.62216219997,0,1,True
Kambala,2026-06-14,1.0,Kambala,0.0,,1.0,4,0.0,4.0,113.635589703185,0,0,True
Mongbwalu,2026-06-14,175.0,Mongbwalu,11.0,1.8444444444444448,80.0,31,83.0,1.0,49.26880991961,0,1,True
Kilo,2026-06-14,4.0,Kilo,0.0,0.0,1.0,24,0.0,9.0,107.546199583958,0,1,True
Bambu,2026-06-14,7.0,Bambu,0.0,0.6666666666666666,2.0,25,2.0,4.0,293.755113499808,0,1,True
Rimba,2026-06-14,3.0,Rimba,0.0,0.0,0.0,19,0.0,12.0,475.541098374732,0,0,True
Komanda,2026-06-14,6.0,Komanda,0.0,1.5,0.0,17,3.0,1.0,69.5013595444792,0,1,True
Aru,2026-06-14,3.0,Aru,0.0,0.0,1.0,23,0.0,10.0,339.239633491485,0,0,True
Goma,2026-06-14,1.0,Goma,0.0,,0.0,27,0.0,27.0,8413.39578071933,0,0,True
Oicha,2026-06-14,2.0,Oicha,0.0,0.0,2.0,21,0.0,13.0,217.407676331775,0,1,True
Tchomia,2026-06-14,2.0,Tchomia,0.0,,0.0,5,0.0,5.0,228.779480612625,0,1,True
Masereka,2026-06-14,1.0,Masereka,0.0,,0.0,4,0.0,4.0,859.910963009083,0,0,True
Aungba,2026-06-14,2.0,Aungba,0.0,,1.0,17,1.0,6.0,171.063075277196,0,1,True
Rwampara,2026-06-14,152.0,Rwampara,3.0,1.6363636363636365,27.0,30,54.0,1.0,378.392262151519,0,1,True
Nyankunde,2026-06-14,42.0,Nyankunde,4.0,3.6,4.0,27,18.0,1.0,100.872453475923,0,1,True
Beni,2026-06-14,14.0,Beni,0.0,3.0,10.0,17,9.0,1.0,583.694814150159,0,1,True
Kalunguta,2026-06-14,1.0,Kalunguta,0.0,,1.0,21,0.0,18.0,217.291453102909,0,1,True
Logo,2026-06-14,2.0,Logo,0.0,0.0,0.0,13,0.0,10.0,557.063799173426,0,0,True
Mangala,2026-06-15,5.0,Mangala,0.0,,3.0,18,4.0,2.0,162.268440527417,0,1,True
Kyondo,2026-06-15,2.0,Kyondo,0.0,,1.0,21,1.0,5.0,287.209696136707,0,1,True
Nia Nia,2026-06-15,1.0,Nia Nia,0.0,,1.0,2,0.0,2.0,12.2620174888054,0,1,True
Komanda,2026-06-15,7.0,Komanda,1.0,2.0,1.0,18,4.0,2.0,69.5013595444792,0,1,True
Goma,2026-06-15,1.0,Goma,0.0,,0.0,28,0.0,28.0,8413.39578071933,0,0,True
Nyankunde,2026-06-15,45.0,Nyankunde,3.0,2.7142857142857144,4.0,28,19.0,1.0,100.872453475923,0,1,True
Tchomia,2026-06-15,2.0,Tchomia,0.0,,0.0,6,0.0,6.0,228.779480612625,0,1,True
Damas,2026-06-15,4.0,Damas,0.0,0.5,0.0,20,1.0,2.0,53.1851080273012,0,0,True
Miti Murhesa,2026-06-15,3.0,Miti Murhesa,0.0,1.0,1.0,25,2.0,6.0,722.651452069188,0,0,True
Lita,2026-06-15,9.0,Lita,3.0,1.6666666666666667,0.0,18,5.0,5.0,228.628253664484,0,1,True
Kambala,2026-06-15,1.0,Kambala,0.0,,1.0,5,0.0,5.0,113.635589703185,0,0,True
Aru,2026-06-15,3.0,Aru,0.0,0.0,1.0,24,0.0,11.0,339.239633491485,0,0,True
Oicha,2026-06-15,2.0,Oicha,0.0,0.0,2.0,22,0.0,14.0,217.407676331775,0,1,True
Masereka,2026-06-15,1.0,Masereka,0.0,,0.0,5,0.0,5.0,859.910963009083,0,0,True
Kilo,2026-06-15,4.0,Kilo,0.0,0.0,1.0,25,0.0,10.0,107.546199583958,0,1,True
Mongbwalu,2026-06-15,185.0,Mongbwalu,10.0,1.7058823529411764,83.0,32,87.0,1.0,49.26880991961,0,1,True
Butembo,2026-06-15,19.0,Butembo,0.0,8.5,7.0,28,17.0,1.0,3648.62216219997,0,1,True
Rwampara,2026-06-15,192.0,Rwampara,40.0,1.7608695652173914,27.0,31,81.0,1.0,378.392262151519,0,1,True
Beni,2026-06-15,14.0,Beni,0.0,0.7142857142857143,10.0,18,5.0,2.0,583.694814150159,0,1,True
Kalunguta,2026-06-15,1.0,Kalunguta,0.0,,1.0,22,0.0,19.0,217.291453102909,0,1,True
Logo,2026-06-15,2.0,Logo,0.0,0.0,0.0,14,0.0,11.0,557.063799173426,0,1,True
Mambasa,2026-06-15,2.0,Mambasa,0.0,0.0,1.0,20,0.0,14.0,9.38305119840287,0,0,True
Bunia,2026-06-15,215.0,Bunia,0.0,0.875,20.0,31,63.0,1.0,4336.1457340514,0,1,True
Gety,2026-06-15,1.0,Gety,0.0,,0.0,18,0.0,18.0,86.0299313935469,0,0,True
Nizi,2026-06-15,16.0,Nizi,5.0,3.6666666666666665,1.0,25,11.0,2.0,671.566862038288,0,1,True
Aungba,2026-06-15,2.0,Aungba,0.0,,1.0,18,1.0,7.0,171.063075277196,0,1,True
Vuhovi,2026-06-15,1.0,Vuhovi,0.0,,1.0,5,0.0,5.0,380.412706373374,0,0,True
Katwa,2026-06-15,25.0,Katwa,0.0,2.2857142857142856,16.0,28,16.0,1.0,7809.37779884317,0,1,True
Mabalako,2026-06-15,1.0,Mabalako,0.0,,0.0,2,0.0,2.0,224.427753196912,0,0,True
Bambu,2026-06-15,7.0,Bambu,0.0,0.6666666666666666,2.0,26,2.0,5.0,293.755113499808,0,1,True
Rimba,2026-06-15,3.0,Rimba,0.0,0.0,0.0,20,0.0,13.0,475.541098374732,0,0,True
Kalunguta,2026-06-16,2.0,Kalunguta,1.0,,,23,1.0,20.0,217.291453102909,0,0,True
Nizi,2026-06-16,16.0,Nizi,0.0,3.6666666666666665,,26,11.0,1.0,671.566862038288,0,1,True
Logo,2026-06-16,2.0,Logo,0.0,0.0,,15,0.0,12.0,557.063799173426,0,1,True
Damas,2026-06-16,4.0,Damas,0.0,0.5,,21,1.0,3.0,53.1851080273012,0,0,True
Goma,2026-06-16,1.0,Goma,0.0,,,29,0.0,29.0,8413.39578071933,0,0,True
Miti Murhesa,2026-06-16,3.0,Miti Murhesa,0.0,1.0,,26,2.0,7.0,722.651452069188,0,0,True
Rimba,2026-06-16,3.0,Rimba,0.0,0.0,,21,0.0,14.0,475.541098374732,0,0,True
Rwampara,2026-06-16,172.0,Rwampara,0.0,1.2280701754385963,,32,70.0,1.0,378.392262151519,0,1,True
Mambasa,2026-06-16,2.0,Mambasa,0.0,0.0,,21,0.0,15.0,9.38305119840287,0,0,True
Vuhovi,2026-06-16,1.0,Vuhovi,0.0,,,6,0.0,6.0,380.412706373374,0,0,True
Musienene,2026-06-16,1.0,Musienene,0.0,,,0,0.0,0.0,272.413057812586,0,1,True
Oicha,2026-06-16,3.0,Oicha,1.0,,,23,1.0,15.0,217.407676331775,0,0,True
Tchomia,2026-06-16,5.0,Tchomia,3.0,,,7,3.0,7.0,228.779480612625,0,1,True
Kilo,2026-06-16,4.0,Kilo,0.0,0.0,,26,0.0,11.0,107.546199583958,0,1,True
Masereka,2026-06-16,1.0,Masereka,0.0,,,6,0.0,6.0,859.910963009083,0,0,True
Gety,2026-06-16,1.0,Gety,0.0,,,19,0.0,19.0,86.0299313935469,0,0,True
Bunia,2026-06-16,226.0,Bunia,11.0,0.7590361445783133,,32,63.0,2.0,4336.1457340514,0,1,True
Bambu,2026-06-16,7.0,Bambu,0.0,0.6666666666666666,,27,2.0,6.0,293.755113499808,0,1,True
Beni,2026-06-16,14.0,Beni,0.0,1.25,,19,5.0,3.0,583.694814150159,0,1,True
Katwa,2026-06-16,23.0,Katwa,0.0,3.0,,29,15.0,2.0,7809.37779884317,0,1,True
Mabalako,2026-06-16,1.0,Mabalako,0.0,,,3,0.0,3.0,224.427753196912,0,0,True
Mangala,2026-06-16,5.0,Mangala,0.0,,,19,4.0,3.0,162.268440527417,0,1,True
Mongbwalu,2026-06-16,189.0,Mongbwalu,4.0,1.1194029850746268,,33,75.0,1.0,49.26880991961,0,1,True
Kambala,2026-06-16,1.0,Kambala,0.0,,,6,0.0,6.0,113.635589703185,0,0,True
Kyondo,2026-06-16,2.0,Kyondo,0.0,,,22,1.0,6.0,287.209696136707,0,1,True
Aru,2026-06-16,3.0,Aru,0.0,0.0,,25,0.0,12.0,339.239633491485,0,0,True
Lita,2026-06-16,9.0,Lita,0.0,1.6666666666666667,,19,5.0,1.0,228.628253664484,0,1,True
Komanda,2026-06-16,7.0,Komanda,0.0,2.0,,19,4.0,1.0,69.5013595444792,0,1,True
Aungba,2026-06-16,2.0,Aungba,0.0,0.0,,19,0.0,8.0,171.063075277196,0,1,True
Nia Nia,2026-06-16,1.0,Nia Nia,0.0,,,3,0.0,3.0,12.2620174888054,0,1,True
Nyankunde,2026-06-16,45.0,Nyankunde,0.0,1.0,,29,13.0,1.0,100.872453475923,0,1,True
Butembo,2026-06-16,24.0,Butembo,5.0,5.0,,29,20.0,2.0,3648.62216219997,0,1,True
Fataki,2026-06-16,1.0,Fataki,1.0,,,21,1.0,21.0,374.843916988277,0,0,True
Aungba,2026-06-17,4.0,Aungba,2.0,2.0,1.0,20,2.0,9.0,171.063075277196,0,1,True
Beni,2026-06-17,15.0,Beni,1.0,1.5,12.0,20,6.0,4.0,583.694814150159,0,1,True
Mambasa,2026-06-17,2.0,Mambasa,0.0,,1.0,22,0.0,16.0,9.38305119840287,0,0,True
Rwampara,2026-06-17,195.0,Rwampara,23.0,1.3442622950819672,33.0,33,82.0,2.0,378.392262151519,0,1,True
Nia Nia,2026-06-17,1.0,Nia Nia,0.0,,1.0,4,0.0,4.0,12.2620174888054,0,1,True
Vuhovi,2026-06-17,1.0,Vuhovi,0.0,,1.0,7,0.0,7.0,380.412706373374,0,0,True
Oicha,2026-06-17,3.0,Oicha,0.0,,2.0,24,1.0,1.0,217.407676331775,0,0,True
Logo,2026-06-17,2.0,Logo,0.0,0.0,0.0,16,0.0,13.0,557.063799173426,0,1,True
Kalunguta,2026-06-17,2.0,Kalunguta,0.0,,1.0,24,1.0,1.0,217.291453102909,0,0,True
Mongbwalu,2026-06-17,189.0,Mongbwalu,0.0,0.775,83.0,34,62.0,1.0,49.26880991961,0,1,True
Rimba,2026-06-17,3.0,Rimba,0.0,0.0,0.0,22,0.0,15.0,475.541098374732,0,0,True
Fataki,2026-06-17,1.0,Fataki,0.0,,0.0,22,1.0,1.0,374.843916988277,0,0,True
Butembo,2026-06-17,25.0,Butembo,1.0,5.25,11.0,30,21.0,1.0,3648.62216219997,0,1,True
Masereka,2026-06-17,1.0,Masereka,0.0,,0.0,7,0.0,7.0,859.910963009083,0,0,True
Bunia,2026-06-17,247.0,Bunia,21.0,0.8409090909090909,41.0,33,74.0,1.0,4336.1457340514,0,1,True
Kilo,2026-06-17,7.0,Kilo,3.0,1.5,1.0,27,3.0,12.0,107.546199583958,0,1,True
Drodro,2026-06-17,1.0,Drodro,0.0,,1.0,0,0.0,0.0,349.734033181171,0,0,True
Lita,2026-06-17,18.0,Lita,9.0,3.25,4.0,20,13.0,2.0,228.628253664484,0,1,True
Bambu,2026-06-17,9.0,Bambu,2.0,1.3333333333333333,2.0,28,4.0,7.0,293.755113499808,0,1,True
Kambala,2026-06-17,1.0,Kambala,0.0,,1.0,7,0.0,7.0,113.635589703185,0,0,True
Nizi,2026-06-17,25.0,Nizi,9.0,6.666666666666667,5.0,27,20.0,2.0,671.566862038288,0,1,True
Komanda,2026-06-17,10.0,Komanda,3.0,3.5,3.0,20,7.0,2.0,69.5013595444792,0,1,True
Nyankunde,2026-06-17,68.0,Nyankunde,23.0,3.6,6.0,30,36.0,2.0,100.872453475923,0,1,True
Goma,2026-06-17,1.0,Goma,0.0,,0.0,30,0.0,30.0,8413.39578071933,0,0,True
Tchomia,2026-06-17,5.0,Tchomia,0.0,,0.0,8,3.0,1.0,228.779480612625,0,1,True
Gety,2026-06-17,1.0,Gety,0.0,,0.0,20,0.0,20.0,86.0299313935469,0,0,True
Damas,2026-06-17,4.0,Damas,0.0,1.0,0.0,22,1.0,4.0,53.1851080273012,0,0,True
Kyondo,2026-06-17,2.0,Kyondo,0.0,,1.0,23,1.0,7.0,287.209696136707,0,1,True
Mangala,2026-06-17,5.0,Mangala,0.0,,3.0,20,4.0,4.0,162.268440527417,0,1,True
Aru,2026-06-17,3.0,Aru,0.0,0.0,1.0,26,0.0,13.0,339.239633491485,0,0,True
Miti Murhesa,2026-06-17,3.0,Miti Murhesa,0.0,0.0,1.0,27,0.0,8.0,722.651452069188,0,0,True
Musienene,2026-06-17,1.0,Musienene,0.0,,1.0,1,0.0,1.0,272.413057812586,0,1,True
Mabalako,2026-06-17,1.0,Mabalako,0.0,,0.0,4,0.0,4.0,224.427753196912,0,0,True
Katwa,2026-06-17,24.0,Katwa,1.0,3.2,16.0,30,16.0,3.0,7809.37779884317,0,1,True
Mabalako,2026-06-18,1.0,Mabalako,0.0,,0.0,5,0.0,5.0,224.427753196912,0,0,True
Bambu,2026-06-18,9.0,Bambu,0.0,0.4,2.0,29,2.0,1.0,293.755113499808,0,1,True
Kambala,2026-06-18,1.0,Kambala,0.0,,1.0,8,0.0,8.0,113.635589703185,0,0,True
Komanda,2026-06-18,10.0,Komanda,0.0,3.5,3.0,21,7.0,1.0,69.5013595444792,0,1,True
Katwa,2026-06-18,24.0,Katwa,0.0,0.9090909090909092,16.0,31,10.0,1.0,7809.37779884317,0,1,True
Logo,2026-06-18,2.0,Logo,0.0,0.0,0.0,17,0.0,14.0,557.063799173426,0,1,True
Nia Nia,2026-06-18,1.0,Nia Nia,0.0,,1.0,5,0.0,5.0,12.2620174888054,0,1,True
Mongbwalu,2026-06-18,198.0,Mongbwalu,9.0,0.7764705882352941,87.0,35,66.0,2.0,49.26880991961,0,1,True
Butembo,2026-06-18,25.0,Butembo,0.0,2.571428571428572,11.0,31,18.0,1.0,3648.62216219997,0,1,True
Mambasa,2026-06-18,2.0,Mambasa,0.0,,1.0,23,0.0,17.0,9.38305119840287,0,0,True
Aru,2026-06-18,3.0,Aru,0.0,0.0,1.0,27,0.0,14.0,339.239633491485,0,0,True
Kilo,2026-06-18,7.0,Kilo,0.0,1.5,1.0,28,3.0,1.0,107.546199583958,0,1,True
Oicha,2026-06-18,3.0,Oicha,0.0,,2.0,25,1.0,2.0,217.407676331775,0,0,True
Kalunguta,2026-06-18,2.0,Kalunguta,0.0,,1.0,25,1.0,2.0,217.291453102909,0,0,True
Tchomia,2026-06-18,5.0,Tchomia,0.0,,0.0,9,3.0,2.0,228.779480612625,0,1,True
Damas,2026-06-18,4.0,Damas,0.0,,0.0,23,1.0,5.0,53.1851080273012,0,0,True
Bunia,2026-06-18,253.0,Bunia,6.0,0.7727272727272727,42.0,34,68.0,1.0,4336.1457340514,0,1,True
Kyondo,2026-06-18,2.0,Kyondo,0.0,0.0,1.0,24,0.0,8.0,287.209696136707,0,1,True
Vuhovi,2026-06-18,1.0,Vuhovi,0.0,,1.0,8,0.0,8.0,380.412706373374,0,0,True
Gety,2026-06-18,1.0,Gety,0.0,,0.0,21,0.0,21.0,86.0299313935469,0,0,True
Goma,2026-06-18,1.0,Goma,0.0,,0.0,31,0.0,31.0,8413.39578071933,0,0,True
Nizi,2026-06-18,26.0,Nizi,1.0,3.8,5.0,28,19.0,1.0,671.566862038288,0,1,True
Rwampara,2026-06-18,199.0,Rwampara,4.0,1.3442622950819672,35.0,34,82.0,1.0,378.392262151519,0,1,True
Nyankunde,2026-06-18,77.0,Nyankunde,9.0,4.0,7.0,31,44.0,1.0,100.872453475923,0,1,True
Drodro,2026-06-18,1.0,Drodro,0.0,,1.0,1,0.0,1.0,349.734033181171,0,0,True
Miti Murhesa,2026-06-18,3.0,Miti Murhesa,0.0,0.0,1.0,28,0.0,9.0,722.651452069188,0,0,True
Mangala,2026-06-18,7.0,Mangala,2.0,5.0,4.0,21,5.0,5.0,162.268440527417,0,1,True
Beni,2026-06-18,16.0,Beni,1.0,1.75,12.0,21,7.0,1.0,583.694814150159,0,1,True
Musienene,2026-06-18,1.0,Musienene,0.0,,1.0,2,0.0,2.0,272.413057812586,0,1,True
Aungba,2026-06-18,6.0,Aungba,2.0,4.0,2.0,21,4.0,1.0,171.063075277196,0,0,True
Masereka,2026-06-18,1.0,Masereka,0.0,,0.0,8,0.0,8.0,859.910963009083,0,0,True
Rimba,2026-06-18,3.0,Rimba,0.0,,0.0,23,0.0,16.0,475.541098374732,0,0,True
Lita,2026-06-18,20.0,Lita,2.0,3.5,6.0,21,14.0,1.0,228.628253664484,0,1,True
Fataki,2026-06-18,1.0,Fataki,0.0,,0.0,23,1.0,2.0,374.843916988277,0,0,True
Masereka,2026-06-19,1.0,Masereka,0.0,,0.0,9,0.0,9.0,859.910963009083,0,0,True
Kilo,2026-06-19,7.0,Kilo,0.0,3.0,1.0,29,3.0,2.0,107.546199583958,0,1,True
Gety,2026-06-19,1.0,Gety,0.0,,0.0,22,0.0,22.0,86.0299313935469,0,0,True
Bunia,2026-06-19,259.0,Bunia,6.0,1.0,42.0,35,68.0,1.0,4336.1457340514,0,1,True
Goma,2026-06-19,1.0,Goma,0.0,,0.0,32,0.0,32.0,8413.39578071933,0,0,True
Vuhovi,2026-06-19,1.0,Vuhovi,0.0,,1.0,9,0.0,9.0,380.412706373374,0,0,True
Tchomia,2026-06-19,5.0,Tchomia,0.0,,0.0,10,3.0,3.0,228.779480612625,0,1,True
Logo,2026-06-19,2.0,Logo,0.0,,0.0,18,0.0,15.0,557.063799173426,0,1,True
Beni,2026-06-19,16.0,Beni,0.0,1.75,12.0,22,7.0,1.0,583.694814150159,0,1,True
Oicha,2026-06-19,3.0,Oicha,0.0,,2.0,26,1.0,3.0,217.407676331775,0,0,True
Drodro,2026-06-19,1.0,Drodro,0.0,,1.0,2,0.0,2.0,349.734033181171,0,0,True
Kambala,2026-06-19,1.0,Kambala,0.0,,1.0,9,0.0,9.0,113.635589703185,0,0,True
Komanda,2026-06-19,10.0,Komanda,0.0,,3.0,22,7.0,2.0,69.5013595444792,0,1,True
Mongbwalu,2026-06-19,209.0,Mongbwalu,11.0,1.0138888888888888,89.0,36,73.0,1.0,49.26880991961,0,1,True
Nizi,2026-06-19,26.0,Nizi,0.0,4.25,5.0,29,17.0,1.0,671.566862038288,0,1,True
Mangala,2026-06-19,7.0,Mangala,0.0,5.0,4.0,22,5.0,1.0,162.268440527417,0,1,True
Miti Murhesa,2026-06-19,3.0,Miti Murhesa,0.0,0.0,1.0,29,0.0,10.0,722.651452069188,0,0,True
Fataki,2026-06-19,1.0,Fataki,0.0,,0.0,24,1.0,3.0,374.843916988277,0,0,True
Mabalako,2026-06-19,1.0,Mabalako,0.0,,0.0,6,0.0,6.0,224.427753196912,0,0,True
Aungba,2026-06-19,6.0,Aungba,0.0,4.0,2.0,22,4.0,1.0,171.063075277196,0,0,True
Rimba,2026-06-19,3.0,Rimba,0.0,,0.0,24,0.0,17.0,475.541098374732,0,0,True
Kalunguta,2026-06-19,2.0,Kalunguta,0.0,,1.0,26,1.0,3.0,217.291453102909,0,0,True
Nyankunde,2026-06-19,79.0,Nyankunde,2.0,4.181818181818182,7.0,32,46.0,1.0,100.872453475923,0,1,True
Nia Nia,2026-06-19,1.0,Nia Nia,0.0,,1.0,6,0.0,6.0,12.2620174888054,0,1,True
Kyondo,2026-06-19,2.0,Kyondo,0.0,0.0,1.0,25,0.0,9.0,287.209696136707,0,1,True
Musienene,2026-06-19,1.0,Musienene,0.0,,1.0,3,0.0,3.0,272.413057812586,0,1,True
Katwa,2026-06-19,26.0,Katwa,2.0,1.7142857142857142,16.0,32,12.0,2.0,7809.37779884317,0,1,True
Lita,2026-06-19,20.0,Lita,0.0,4.666666666666667,6.0,22,14.0,1.0,228.628253664484,0,1,True
Rwampara,2026-06-19,201.0,Rwampara,2.0,1.4107142857142858,35.0,35,79.0,1.0,378.392262151519,0,1,True
Aru,2026-06-19,3.0,Aru,0.0,,1.0,28,0.0,15.0,339.239633491485,0,0,True
Butembo,2026-06-19,25.0,Butembo,0.0,3.6,11.0,32,18.0,2.0,3648.62216219997,0,1,True
Damas,2026-06-19,4.0,Damas,0.0,,0.0,24,1.0,6.0,53.1851080273012,0,0,True
Bambu,2026-06-19,9.0,Bambu,0.0,1.0,2.0,30,2.0,2.0,293.755113499808,0,1,True
Mambasa,2026-06-19,2.0,Mambasa,0.0,,1.0,24,0.0,18.0,9.38305119840287,0,0,True
Katwa,2026-06-20,28.0,Katwa,2.0,0.75,17.0,33,9.0,1.0,7809.37779884317,0,1,True
Beni,2026-06-20,17.0,Beni,1.0,0.3333333333333333,12.0,23,3.0,2.0,583.694814150159,0,1,True
Gety,2026-06-20,1.0,Gety,0.0,,0.0,23,0.0,23.0,86.0299313935469,0,0,True
Mabalako,2026-06-20,1.0,Mabalako,0.0,,0.0,7,0.0,7.0,224.427753196912,0,0,True
Logo,2026-06-20,2.0,Logo,0.0,,0.0,19,0.0,16.0,557.063799173426,0,1,True
Tchomia,2026-06-20,5.0,Tchomia,0.0,,0.0,11,3.0,4.0,228.779480612625,0,1,True
Mangala,2026-06-20,7.0,Mangala,0.0,0.5,4.0,23,2.0,2.0,162.268440527417,0,1,True
Kyondo,2026-06-20,2.0,Kyondo,0.0,0.0,1.0,26,0.0,10.0,287.209696136707,0,1,True
Aru,2026-06-20,3.0,Aru,0.0,,1.0,29,0.0,16.0,339.239633491485,0,0,True
Mongbwalu,2026-06-20,220.0,Mongbwalu,11.0,0.6222222222222222,91.0,37,56.0,1.0,49.26880991961,0,1,True
Bambu,2026-06-20,14.0,Bambu,5.0,3.5,2.0,31,7.0,3.0,293.755113499808,0,0,True
Damas,2026-06-20,4.0,Damas,0.0,0.0,0.0,25,0.0,7.0,53.1851080273012,0,0,True
Vuhovi,2026-06-20,1.0,Vuhovi,0.0,,1.0,10,0.0,10.0,380.412706373374,0,0,True
Rimba,2026-06-20,3.0,Rimba,0.0,,0.0,25,0.0,18.0,475.541098374732,0,0,True
Bunia,2026-06-20,275.0,Bunia,16.0,0.8513513513513513,44.0,36,63.0,1.0,4336.1457340514,0,1,True
Nyankunde,2026-06-20,79.0,Nyankunde,0.0,2.9285714285714284,7.0,33,41.0,1.0,100.872453475923,0,1,True
Kalunguta,2026-06-20,2.0,Kalunguta,0.0,,1.0,27,1.0,4.0,217.291453102909,0,0,True
Nia Nia,2026-06-20,1.0,Nia Nia,0.0,,1.0,7,0.0,7.0,12.2620174888054,0,1,True
Fataki,2026-06-20,1.0,Fataki,0.0,,0.0,25,1.0,4.0,374.843916988277,0,0,True
Mambasa,2026-06-20,2.0,Mambasa,0.0,,1.0,25,0.0,19.0,9.38305119840287,0,0,True
Rwampara,2026-06-20,211.0,Rwampara,10.0,1.4642857142857142,35.0,36,82.0,1.0,378.392262151519,0,1,True
Musienene,2026-06-20,1.0,Musienene,0.0,,1.0,4,0.0,4.0,272.413057812586,0,1,True
Aungba,2026-06-20,6.0,Aungba,0.0,4.0,2.0,23,4.0,2.0,171.063075277196,0,0,True
Lita,2026-06-20,20.0,Lita,0.0,7.0,6.0,23,14.0,2.0,228.628253664484,0,1,True
Butembo,2026-06-20,27.0,Butembo,2.0,0.5625,13.0,33,9.0,3.0,3648.62216219997,0,1,True
Kambala,2026-06-20,1.0,Kambala,0.0,,1.0,10,0.0,10.0,113.635589703185,0,0,True
Masereka,2026-06-20,1.0,Masereka,0.0,,0.0,10,0.0,10.0,859.910963009083,0,0,True
Oicha,2026-06-20,3.0,Oicha,0.0,,2.0,27,1.0,4.0,217.407676331775,0,0,True
Kilo,2026-06-20,7.0,Kilo,0.0,,1.0,30,3.0,3.0,107.546199583958,0,1,True
Drodro,2026-06-20,1.0,Drodro,0.0,,1.0,3,0.0,3.0,349.734033181171,0,0,True
Goma,2026-06-20,1.0,Goma,0.0,,0.0,33,0.0,33.0,8413.39578071933,0,0,True
Nizi,2026-06-20,26.0,Nizi,0.0,2.5,5.0,30,15.0,2.0,671.566862038288,0,1,True
Miti Murhesa,2026-06-20,3.0,Miti Murhesa,0.0,0.0,1.0,30,0.0,11.0,722.651452069188,0,0,True
Komanda,2026-06-20,10.0,Komanda,0.0,1.3333333333333333,3.0,23,4.0,3.0,69.5013595444792,0,1,True
Kilo,2026-06-21,7.0,Kilo,0.0,,1.0,31,3.0,4.0,107.546199583958,0,1,True
Vuhovi,2026-06-21,1.0,Vuhovi,0.0,,1.0,11,0.0,11.0,380.412706373374,0,0,True
Mangala,2026-06-21,11.0,Mangala,4.0,1.5,5.0,24,6.0,3.0,162.268440527417,0,1,True
Rimba,2026-06-21,3.0,Rimba,0.0,,0.0,26,0.0,19.0,475.541098374732,0,0,True
Butembo,2026-06-21,28.0,Butembo,1.0,0.5294117647058824,13.0,34,9.0,1.0,3648.62216219997,0,1,True
Gety,2026-06-21,1.0,Gety,0.0,,0.0,24,0.0,24.0,86.0299313935469,0,0,True
Fataki,2026-06-21,1.0,Fataki,0.0,,0.0,26,1.0,5.0,374.843916988277,0,0,True
Masereka,2026-06-21,1.0,Masereka,0.0,,0.0,11,0.0,11.0,859.910963009083,0,0,True
Nia Nia,2026-06-21,2.0,Nia Nia,1.0,,2.0,8,1.0,8.0,12.2620174888054,0,1,True
Mongbwalu,2026-06-21,229.0,Mongbwalu,9.0,0.6506024096385542,96.0,38,54.0,1.0,49.26880991961,0,1,True
Musienene,2026-06-21,2.0,Musienene,1.0,,1.0,5,1.0,5.0,272.413057812586,0,0,True
Kyondo,2026-06-21,3.0,Kyondo,1.0,1.0,1.0,27,1.0,11.0,287.209696136707,0,0,True
Katwa,2026-06-21,31.0,Katwa,3.0,0.5,19.0,34,8.0,1.0,7809.37779884317,0,1,True
Aru,2026-06-21,3.0,Aru,0.0,,1.0,30,0.0,17.0,339.239633491485,0,0,True
Oicha,2026-06-21,3.0,Oicha,0.0,,2.0,28,1.0,5.0,217.407676331775,0,0,True
Damas,2026-06-21,4.0,Damas,0.0,0.0,0.0,26,0.0,8.0,53.1851080273012,0,0,True
Kalunguta,2026-06-21,2.0,Kalunguta,0.0,,1.0,28,1.0,5.0,217.291453102909,0,0,True
Komanda,2026-06-21,10.0,Komanda,0.0,1.3333333333333333,3.0,24,4.0,4.0,69.5013595444792,0,1,True
Mambasa,2026-06-21,2.0,Mambasa,0.0,,1.0,26,0.0,20.0,9.38305119840287,0,0,True
Aungba,2026-06-21,6.0,Aungba,0.0,4.0,2.0,24,4.0,3.0,171.063075277196,0,0,True
Miti Murhesa,2026-06-21,3.0,Miti Murhesa,0.0,0.0,1.0,31,0.0,12.0,722.651452069188,0,0,True
Goma,2026-06-21,1.0,Goma,0.0,,0.0,34,0.0,34.0,8413.39578071933,0,0,True
Nizi,2026-06-21,26.0,Nizi,0.0,2.5,5.0,31,15.0,3.0,671.566862038288,0,1,True
Kambala,2026-06-21,1.0,Kambala,0.0,,1.0,11,0.0,11.0,113.635589703185,0,0,True
Drodro,2026-06-21,1.0,Drodro,0.0,,1.0,4,0.0,4.0,349.734033181171,0,0,True
Mabalako,2026-06-21,1.0,Mabalako,0.0,,0.0,8,0.0,8.0,224.427753196912,0,0,True
Lita,2026-06-21,21.0,Lita,1.0,7.5,6.0,24,15.0,3.0,228.628253664484,0,1,True
Logo,2026-06-21,2.0,Logo,0.0,,0.0,20,0.0,17.0,557.063799173426,0,1,True
Tchomia,2026-06-21,7.0,Tchomia,2.0,,0.0,12,5.0,5.0,228.779480612625,0,1,True
Bambu,2026-06-21,14.0,Bambu,0.0,3.5,2.0,32,7.0,1.0,293.755113499808,0,0,True
Nyankunde,2026-06-21,86.0,Nyankunde,7.0,2.4444444444444446,9.0,34,44.0,2.0,100.872453475923,0,1,True
Bunia,2026-06-21,285.0,Bunia,10.0,0.958904109589041,45.0,37,70.0,1.0,4336.1457340514,0,1,True
Rwampara,2026-06-21,215.0,Rwampara,4.0,1.537037037037037,36.0,37,83.0,1.0,378.392262151519,0,1,True
Beni,2026-06-21,18.0,Beni,1.0,0.4444444444444444,12.0,24,4.0,1.0,583.694814150159,0,1,True
Musienene,2026-06-22,2.0,Musienene,0.0,,1.0,6,1.0,1.0,272.413057812586,0,1,True
Butembo,2026-06-22,28.0,Butembo,0.0,0.5294117647058824,13.0,35,9.0,1.0,3648.62216219997,0,1,True
Gety,2026-06-22,1.0,Gety,0.0,,0.0,25,0.0,25.0,86.0299313935469,0,0,True
Miti Murhesa,2026-06-22,3.0,Miti Murhesa,0.0,0.0,1.0,32,0.0,13.0,722.651452069188,0,0,True
Aungba,2026-06-22,6.0,Aungba,0.0,4.0,2.0,25,4.0,4.0,171.063075277196,0,0,True
Rimba,2026-06-22,3.0,Rimba,0.0,,0.0,27,0.0,20.0,475.541098374732,0,0,True
Fataki,2026-06-22,1.0,Fataki,0.0,,0.0,27,1.0,6.0,374.843916988277,0,0,True
Tchomia,2026-06-22,8.0,Tchomia,1.0,,0.0,13,6.0,1.0,228.779480612625,0,1,True
Mambasa,2026-06-22,2.0,Mambasa,0.0,,1.0,27,0.0,21.0,9.38305119840287,0,0,True
Beni,2026-06-22,20.0,Beni,2.0,1.2,12.0,25,6.0,1.0,583.694814150159,0,1,True
Komanda,2026-06-22,10.0,Komanda,0.0,0.75,3.0,25,3.0,5.0,69.5013595444792,0,1,True
Kalunguta,2026-06-22,2.0,Kalunguta,0.0,,1.0,29,1.0,6.0,217.291453102909,0,0,True
Nyankunde,2026-06-22,86.0,Nyankunde,0.0,2.1578947368421053,9.0,35,41.0,1.0,100.872453475923,0,1,True
Damas,2026-06-22,4.0,Damas,0.0,0.0,0.0,27,0.0,9.0,53.1851080273012,0,1,True
Mangala,2026-06-22,14.0,Mangala,3.0,2.25,6.0,25,9.0,1.0,162.268440527417,0,1,True
Goma,2026-06-22,1.0,Goma,0.0,,0.0,35,0.0,35.0,8413.39578071933,0,0,True
Kyondo,2026-06-22,3.0,Kyondo,0.0,1.0,1.0,28,1.0,1.0,287.209696136707,0,0,True
Lita,2026-06-22,24.0,Lita,3.0,3.0,6.0,25,15.0,1.0,228.628253664484,0,1,True
Masereka,2026-06-22,1.0,Masereka,0.0,,0.0,12,0.0,12.0,859.910963009083,0,0,True
Nizi,2026-06-22,30.0,Nizi,4.0,1.2727272727272727,6.0,32,14.0,4.0,671.566862038288,0,1,True
Bunia,2026-06-22,296.0,Bunia,11.0,1.2857142857142858,48.0,38,81.0,1.0,4336.1457340514,0,1,True
Bambu,2026-06-22,14.0,Bambu,0.0,3.5,2.0,33,7.0,2.0,293.755113499808,0,1,True
Vuhovi,2026-06-22,1.0,Vuhovi,0.0,,1.0,12,0.0,12.0,380.412706373374,0,0,True
Logo,2026-06-22,5.0,Logo,3.0,,0.0,21,3.0,18.0,557.063799173426,0,1,True
Mongbwalu,2026-06-22,237.0,Mongbwalu,8.0,0.5977011494252874,100.0,39,52.0,1.0,49.26880991961,0,1,True
Nia Nia,2026-06-22,2.0,Nia Nia,0.0,,2.0,9,1.0,1.0,12.2620174888054,0,1,True
Oicha,2026-06-22,3.0,Oicha,0.0,,2.0,29,1.0,6.0,217.407676331775,0,0,True
Drodro,2026-06-22,1.0,Drodro,0.0,,1.0,5,0.0,5.0,349.734033181171,0,1,True
Kilo,2026-06-22,7.0,Kilo,0.0,,1.0,32,3.0,5.0,107.546199583958,0,1,True
Katwa,2026-06-22,32.0,Katwa,1.0,0.5625,19.0,35,9.0,1.0,7809.37779884317,0,1,True
Aru,2026-06-22,3.0,Aru,0.0,,1.0,31,0.0,18.0,339.239633491485,0,0,True
Kambala,2026-06-22,1.0,Kambala,0.0,,1.0,12,0.0,12.0,113.635589703185,0,0,True
Rwampara,2026-06-22,225.0,Rwampara,10.0,0.654320987654321,37.0,38,53.0,1.0,378.392262151519,0,1,True
Mabalako,2026-06-22,1.0,Mabalako,0.0,,0.0,9,0.0,9.0,224.427753196912,0,0,True
Rimba,2026-06-23,3.0,Rimba,0.0,,0.0,28,0.0,21.0,475.541098374732,0,0,True
Kyondo,2026-06-23,3.0,Kyondo,0.0,1.0,2.0,29,1.0,2.0,287.209696136707,0,0,True
Mongbwalu,2026-06-23,241.0,Mongbwalu,4.0,0.6933333333333334,103.0,40,52.0,1.0,49.26880991961,0,1,True
Lita,2026-06-23,26.0,Lita,2.0,3.4,6.0,26,17.0,1.0,228.628253664484,0,1,True
Komanda,2026-06-23,13.0,Komanda,3.0,1.5,3.0,26,6.0,6.0,69.5013595444792,0,1,True
Musienene,2026-06-23,2.0,Musienene,0.0,,2.0,7,1.0,2.0,272.413057812586,0,1,True
Tchomia,2026-06-23,8.0,Tchomia,0.0,1.0,0.0,14,3.0,1.0,228.779480612625,0,1,True
Nyankunde,2026-06-23,86.0,Nyankunde,0.0,3.1538461538461537,9.0,36,41.0,2.0,100.872453475923,0,1,True
Bunia,2026-06-23,304.0,Bunia,8.0,1.238095238095238,54.0,39,78.0,1.0,4336.1457340514,0,1,True
Kilo,2026-06-23,7.0,Kilo,0.0,,1.0,33,3.0,6.0,107.546199583958,0,1,True
Logo,2026-06-23,5.0,Logo,0.0,,0.0,22,3.0,1.0,557.063799173426,0,1,True
Oicha,2026-06-23,3.0,Oicha,0.0,0.0,2.0,30,0.0,7.0,217.407676331775,0,0,True
Kambala,2026-06-23,1.0,Kambala,0.0,,1.0,13,0.0,13.0,113.635589703185,0,1,True
Kalunguta,2026-06-23,2.0,Kalunguta,0.0,0.0,1.0,30,0.0,7.0,217.291453102909,0,0,True
Damas,2026-06-23,4.0,Damas,0.0,0.0,0.0,28,0.0,10.0,53.1851080273012,0,1,True
Mambasa,2026-06-23,2.0,Mambasa,0.0,,1.0,28,0.0,22.0,9.38305119840287,0,0,True
Bambu,2026-06-23,14.0,Bambu,0.0,3.5,2.0,34,7.0,3.0,293.755113499808,0,1,True
Butembo,2026-06-23,29.0,Butembo,1.0,0.25,13.0,36,5.0,2.0,3648.62216219997,0,1,True
Aungba,2026-06-23,6.0,Aungba,0.0,,2.0,26,4.0,5.0,171.063075277196,0,0,True
Aru,2026-06-23,3.0,Aru,0.0,,1.0,32,0.0,19.0,339.239633491485,0,0,True
Goma,2026-06-23,1.0,Goma,0.0,,0.0,36,0.0,36.0,8413.39578071933,0,0,True
Drodro,2026-06-23,1.0,Drodro,0.0,,1.0,6,0.0,6.0,349.734033181171,0,1,True
Mabalako,2026-06-23,1.0,Mabalako,0.0,,0.0,10,0.0,10.0,224.427753196912,0,0,True
Rwampara,2026-06-23,225.0,Rwampara,0.0,0.7571428571428571,37.0,39,53.0,1.0,378.392262151519,0,1,True
Katwa,2026-06-23,32.0,Katwa,0.0,0.6,19.0,36,9.0,1.0,7809.37779884317,0,1,True
Beni,2026-06-23,20.0,Beni,0.0,1.2,12.0,26,6.0,1.0,583.694814150159,0,1,True
Nizi,2026-06-23,30.0,Nizi,0.0,1.2727272727272727,6.0,33,14.0,1.0,671.566862038288,0,1,True
Vuhovi,2026-06-23,1.0,Vuhovi,0.0,,1.0,13,0.0,13.0,380.412706373374,0,0,True
Gety,2026-06-23,1.0,Gety,0.0,,0.0,26,0.0,26.0,86.0299313935469,0,0,True
Fataki,2026-06-23,1.0,Fataki,0.0,0.0,0.0,28,0.0,7.0,374.843916988277,0,0,True
Nia Nia,2026-06-23,5.0,Nia Nia,3.0,,3.0,10,4.0,2.0,12.2620174888054,0,1,True
Mangala,2026-06-23,17.0,Mangala,3.0,3.0,8.0,26,12.0,1.0,162.268440527417,0,1,True
Masereka,2026-06-23,1.0,Masereka,0.0,,0.0,13,0.0,13.0,859.910963009083,0,0,True
Kalunguta,2026-06-24,2.0,Kalunguta,0.0,0.0,1.0,31,0.0,8.0,217.291453102909,0,0,True
Komanda,2026-06-24,13.0,Komanda,0.0,0.4285714285714285,3.0,27,3.0,1.0,69.5013595444792,0,1,True
Fataki,2026-06-24,1.0,Fataki,0.0,0.0,0.0,29,0.0,8.0,374.843916988277,0,0,True
Damas,2026-06-24,4.0,Damas,0.0,0.0,0.0,29,0.0,11.0,53.1851080273012,0,1,True
Rimba,2026-06-24,3.0,Rimba,0.0,,0.0,29,0.0,22.0,475.541098374732,0,0,True
Masereka,2026-06-24,1.0,Masereka,0.0,,0.0,14,0.0,14.0,859.910963009083,0,0,True
Mambasa,2026-06-24,2.0,Mambasa,0.0,,1.0,29,0.0,23.0,9.38305119840287,0,0,True
Miti Murhesa,2026-06-24,3.0,Miti Murhesa,0.0,0.0,1.0,34,0.0,15.0,722.651452069188,0,0,True
Gety,2026-06-24,1.0,Gety,0.0,,0.0,27,0.0,27.0,86.0299313935469,0,0,True
Nizi,2026-06-24,30.0,Nizi,0.0,0.25,6.0,34,5.0,2.0,671.566862038288,0,1,True
Lita,2026-06-24,26.0,Lita,0.0,0.6153846153846154,6.0,27,8.0,1.0,228.628253664484,0,1,True
Musienene,2026-06-24,2.0,Musienene,0.0,,2.0,8,1.0,3.0,272.413057812586,0,1,True
Goma,2026-06-24,1.0,Goma,0.0,,0.0,37,0.0,37.0,8413.39578071933,0,0,True
Mangala,2026-06-24,17.0,Mangala,0.0,3.0,8.0,27,12.0,1.0,162.268440527417,0,1,True
Bunia,2026-06-24,314.0,Bunia,10.0,0.9054054054054054,60.0,40,67.0,1.0,4336.1457340514,0,1,True
Beni,2026-06-24,20.0,Beni,0.0,0.8333333333333334,12.0,27,5.0,2.0,583.694814150159,0,1,True
Kambala,2026-06-24,1.0,Kambala,0.0,,1.0,14,0.0,14.0,113.635589703185,0,1,True
Drodro,2026-06-24,1.0,Drodro,0.0,,,7,0.0,7.0,349.734033181171,0,1,True
Kyondo,2026-06-24,3.0,Kyondo,0.0,1.0,2.0,30,1.0,3.0,287.209696136707,0,0,True
Rwampara,2026-06-24,237.0,Rwampara,12.0,0.5121951219512195,40.0,40,42.0,2.0,378.392262151519,0,1,True
Aungba,2026-06-24,6.0,Aungba,0.0,1.0,2.0,27,2.0,6.0,171.063075277196,0,0,True
Oicha,2026-06-24,3.0,Oicha,0.0,0.0,2.0,31,0.0,8.0,217.407676331775,0,0,True
Butembo,2026-06-24,31.0,Butembo,2.0,0.2857142857142857,13.0,37,6.0,1.0,3648.62216219997,0,1,True
Katwa,2026-06-24,33.0,Katwa,1.0,0.5625,20.0,37,9.0,2.0,7809.37779884317,0,1,True
Mabalako,2026-06-24,1.0,Mabalako,0.0,,0.0,11,0.0,11.0,224.427753196912,0,0,True
Tchomia,2026-06-24,9.0,Tchomia,1.0,1.3333333333333333,0.0,15,4.0,2.0,228.779480612625,0,1,True
Logo,2026-06-24,5.0,Logo,0.0,,0.0,23,3.0,2.0,557.063799173426,0,1,True
Nyankunde,2026-06-24,91.0,Nyankunde,5.0,0.6388888888888888,10.0,37,23.0,3.0,100.872453475923,0,1,True
Vuhovi,2026-06-24,1.0,Vuhovi,0.0,,1.0,14,0.0,14.0,380.412706373374,0,0,True
Bambu,2026-06-24,14.0,Bambu,0.0,1.25,2.0,35,5.0,4.0,293.755113499808,0,1,True
Aru,2026-06-24,3.0,Aru,0.0,,1.0,33,0.0,20.0,339.239633491485,0,0,True
Nia Nia,2026-06-24,5.0,Nia Nia,0.0,,3.0,11,4.0,1.0,12.2620174888054,0,1,True
Kilo,2026-06-24,9.0,Kilo,2.0,0.6666666666666666,1.0,34,2.0,7.0,107.546199583958,0,0,True
Mongbwalu,2026-06-24,245.0,Mongbwalu,4.0,0.9032258064516128,105.0,41,56.0,1.0,49.26880991961,0,1,True
Bunia,2026-06-25,323.0,Bunia,9.0,1.0294117647058822,64.0,41,70.0,1.0,4336.1457340514,0,1,True
Mongbwalu,2026-06-25,250.0,Mongbwalu,5.0,0.7878787878787878,109.0,42,52.0,1.0,49.26880991961,0,1,True
Fataki,2026-06-25,1.0,Fataki,0.0,0.0,0.0,30,0.0,9.0,374.843916988277,0,0,True
Goma,2026-06-25,1.0,Goma,0.0,,0.0,38,0.0,38.0,8413.39578071933,0,1,True
Mabalako,2026-06-25,1.0,Mabalako,0.0,,0.0,12,0.0,12.0,224.427753196912,0,0,True
Aru,2026-06-25,3.0,Aru,0.0,,1.0,34,0.0,21.0,339.239633491485,0,0,True
Rimba,2026-06-25,3.0,Rimba,0.0,,0.0,30,0.0,23.0,475.541098374732,0,0,True
Beni,2026-06-25,22.0,Beni,2.0,0.8571428571428571,13.0,28,6.0,3.0,583.694814150159,0,1,True
Butembo,2026-06-25,33.0,Butembo,2.0,0.4444444444444444,14.0,38,8.0,1.0,3648.62216219997,0,1,True
Katwa,2026-06-25,35.0,Katwa,2.0,1.1,22.0,38,11.0,1.0,7809.37779884317,0,1,True
Nizi,2026-06-25,32.0,Nizi,2.0,0.3157894736842105,6.0,35,6.0,3.0,671.566862038288,0,1,True
Gety,2026-06-25,1.0,Gety,0.0,,0.0,28,0.0,28.0,86.0299313935469,0,0,True
Vuhovi,2026-06-25,1.0,Vuhovi,0.0,,1.0,15,0.0,15.0,380.412706373374,0,0,True
Kyondo,2026-06-25,3.0,Kyondo,0.0,,2.0,31,1.0,4.0,287.209696136707,0,0,True
Drodro,2026-06-25,1.0,Drodro,0.0,,1.0,8,0.0,8.0,349.734033181171,0,1,True
Mangala,2026-06-25,17.0,Mangala,0.0,2.0,8.0,28,10.0,2.0,162.268440527417,0,1,True
Nia Nia,2026-06-25,5.0,Nia Nia,0.0,,3.0,12,4.0,2.0,12.2620174888054,0,1,True
Musienene,2026-06-25,2.0,Musienene,0.0,,2.0,9,1.0,4.0,272.413057812586,0,1,True
Rwampara,2026-06-25,258.0,Rwampara,21.0,0.7195121951219512,43.0,41,59.0,1.0,378.392262151519,0,1,True
Aungba,2026-06-25,6.0,Aungba,0.0,0.0,2.0,28,0.0,7.0,171.063075277196,0,0,True
Lita,2026-06-25,26.0,Lita,0.0,0.4285714285714285,6.0,28,6.0,2.0,228.628253664484,0,1,True
Kilo,2026-06-25,9.0,Kilo,0.0,0.6666666666666666,1.0,35,2.0,1.0,107.546199583958,0,0,True
Tchomia,2026-06-25,10.0,Tchomia,1.0,1.6666666666666667,0.0,16,5.0,1.0,228.779480612625,0,1,True
Damas,2026-06-25,4.0,Damas,0.0,0.0,0.0,30,0.0,12.0,53.1851080273012,0,1,True
Kalunguta,2026-06-25,2.0,Kalunguta,0.0,0.0,1.0,32,0.0,9.0,217.291453102909,0,0,True
Mambasa,2026-06-25,2.0,Mambasa,0.0,,1.0,30,0.0,24.0,9.38305119840287,0,0,True
Bambu,2026-06-25,14.0,Bambu,0.0,2.5,3.0,36,5.0,5.0,293.755113499808,0,1,True
Kambala,2026-06-25,1.0,Kambala,0.0,,1.0,15,0.0,15.0,113.635589703185,0,1,True
Komanda,2026-06-25,13.0,Komanda,0.0,0.4285714285714285,3.0,28,3.0,2.0,69.5013595444792,0,1,True
Logo,2026-06-25,7.0,Logo,2.0,,0.0,24,5.0,3.0,557.063799173426,0,0,True
Masereka,2026-06-25,1.0,Masereka,0.0,,0.0,15,0.0,15.0,859.910963009083,0,0,True
Nyankunde,2026-06-25,93.0,Nyankunde,2.0,0.3636363636363636,11.0,38,16.0,1.0,100.872453475923,0,1,True
Miti Murhesa,2026-06-25,3.0,Miti Murhesa,0.0,,1.0,35,0.0,16.0,722.651452069188,0,0,True
Oicha,2026-06-25,3.0,Oicha,0.0,0.0,2.0,32,0.0,9.0,217.407676331775,0,0,True
Fataki,2026-06-29,1.0,Fataki,0.0,0.0,0.0,34,0.0,13.0,374.843916988277,0,1,True
Nizi,2026-06-29,41.0,Nizi,9.0,0.8823529411764706,9.0,39,15.0,4.0,671.566862038288,0,1,True
Oicha,2026-06-29,3.0,Oicha,0.0,0.0,2.0,36,0.0,13.0,217.407676331775,0,0,True
Gety,2026-06-29,1.0,Gety,0.0,,0.0,32,0.0,32.0,86.0299313935469,0,0,True
Bambu,2026-06-29,16.0,Bambu,2.0,3.5,4.0,40,7.0,9.0,293.755113499808,0,1,True
Katwa,2026-06-29,45.0,Katwa,10.0,1.5833333333333333,27.0,42,19.0,4.0,7809.37779884317,0,1,True
Kalunguta,2026-06-29,2.0,Kalunguta,0.0,0.0,1.0,36,0.0,13.0,217.291453102909,0,0,True
Mangala,2026-06-29,24.0,Mangala,7.0,3.4,12.0,32,17.0,6.0,162.268440527417,0,1,True
Kyondo,2026-06-29,3.0,Kyondo,0.0,,2.0,35,1.0,8.0,287.209696136707,0,1,True
Kambala,2026-06-29,1.0,Kambala,0.0,,1.0,19,0.0,19.0,113.635589703185,0,1,True
Drodro,2026-06-29,3.0,Drodro,2.0,,3.0,12,2.0,12.0,349.734033181171,0,0,True
Nia Nia,2026-06-29,11.0,Nia Nia,6.0,,5.0,16,10.0,6.0,12.2620174888054,0,1,True
Vuhovi,2026-06-29,1.0,Vuhovi,0.0,,1.0,19,0.0,19.0,380.412706373374,0,0,True
Aungba,2026-06-29,6.0,Aungba,0.0,0.0,2.0,32,0.0,11.0,171.063075277196,0,0,True
Musienene,2026-06-29,3.0,Musienene,1.0,,2.0,13,2.0,8.0,272.413057812586,0,1,True
Mandima,2026-06-29,1.0,Mandima,0.0,,0.0,0,0.0,0.0,45.9588924986637,0,1,True
Butembo,2026-06-29,34.0,Butembo,1.0,0.5,14.0,42,9.0,4.0,3648.62216219997,0,1,True
Goma,2026-06-29,1.0,Goma,0.0,,0.0,42,0.0,42.0,8413.39578071933,0,1,True
Miti Murhesa,2026-06-29,3.0,Miti Murhesa,0.0,,1.0,39,0.0,20.0,722.651452069188,0,0,True
Lita,2026-06-29,29.0,Lita,3.0,0.6428571428571429,9.0,32,9.0,6.0,228.628253664484,0,1,True
Kilo,2026-06-29,9.0,Kilo,0.0,0.6666666666666666,1.0,39,2.0,5.0,107.546199583958,0,0,True
Masereka,2026-06-29,1.0,Masereka,0.0,,0.0,19,0.0,19.0,859.910963009083,0,1,True
Logo,2026-06-29,7.0,Logo,0.0,,0.0,28,5.0,4.0,557.063799173426,0,0,True
Komanda,2026-06-29,16.0,Komanda,3.0,0.8571428571428571,5.0,32,6.0,6.0,69.5013595444792,0,1,True
Mabalako,2026-06-29,1.0,Mabalako,0.0,,0.0,16,0.0,16.0,224.427753196912,0,0,True
Rimba,2026-06-29,3.0,Rimba,0.0,,0.0,34,0.0,27.0,475.541098374732,0,1,True
Beni,2026-06-29,22.0,Beni,0.0,0.8571428571428571,14.0,32,6.0,4.0,583.694814150159,0,1,True
Nyankunde,2026-06-29,94.0,Nyankunde,1.0,0.3260869565217391,15.0,42,15.0,4.0,100.872453475923,0,1,True
Bunia,2026-06-29,358.0,Bunia,35.0,1.4558823529411764,82.0,45,99.0,4.0,4336.1457340514,0,1,True
Mambasa,2026-06-29,2.0,Mambasa,0.0,,1.0,34,0.0,28.0,9.38305119840287,0,1,True
Aru,2026-06-29,3.0,Aru,0.0,,1.0,38,0.0,25.0,339.239633491485,0,0,True
Damas,2026-06-29,5.0,Damas,1.0,1.0,0.0,34,1.0,16.0,53.1851080273012,0,0,True
Tchomia,2026-06-29,13.0,Tchomia,3.0,2.6666666666666665,2.0,20,8.0,4.0,228.779480612625,0,1,True
Mongbwalu,2026-06-29,258.0,Mongbwalu,8.0,0.6712328767123288,123.0,46,49.0,4.0,49.26880991961,0,1,True
Rwampara,2026-06-29,295.0,Rwampara,37.0,1.1898734177215189,60.0,45,94.0,4.0,378.392262151519,0,1,True
Masereka,2026-06-30,1.0,Masereka,0.0,,0.0,20,0.0,20.0,859.910963009083,0,1,True
Nyankunde,2026-06-30,95.0,Nyankunde,1.0,0.3902439024390244,16.0,43,16.0,1.0,100.872453475923,0,1,True
Mangala,2026-06-30,24.0,Mangala,0.0,8.5,12.0,33,17.0,1.0,162.268440527417,0,1,True
Vuhovi,2026-06-30,1.0,Vuhovi,0.0,,1.0,20,0.0,20.0,380.412706373374,0,0,True
Lolwa,2026-06-30,1.0,Lolwa,0.0,,1.0,0,0.0,0.0,8.68092115622124,0,0,True
Beni,2026-06-30,24.0,Beni,2.0,2.333333333333333,15.0,33,7.0,5.0,583.694814150159,0,1,True
Mabalako,2026-06-30,1.0,Mabalako,0.0,,0.0,17,0.0,17.0,224.427753196912,0,0,True
Lita,2026-06-30,29.0,Lita,0.0,0.6428571428571429,9.0,33,9.0,1.0,228.628253664484,0,1,True
Mandima,2026-06-30,2.0,Mandima,1.0,,1.0,1,1.0,1.0,45.9588924986637,0,1,True
Mongbwalu,2026-06-30,264.0,Mongbwalu,6.0,0.7857142857142857,126.0,47,44.0,1.0,49.26880991961,0,1,True
Logo,2026-06-30,7.0,Logo,0.0,,0.0,29,5.0,5.0,557.063799173426,0,0,True
Miti Murhesa,2026-06-30,3.0,Miti Murhesa,0.0,,1.0,40,0.0,21.0,722.651452069188,0,0,True
Oicha,2026-06-30,3.0,Oicha,0.0,0.0,2.0,37,0.0,14.0,217.407676331775,0,0,True
Bambu,2026-06-30,16.0,Bambu,0.0,0.2857142857142857,5.0,41,2.0,1.0,293.755113499808,0,1,True
Mambasa,2026-06-30,2.0,Mambasa,0.0,,1.0,35,0.0,29.0,9.38305119840287,0,1,True
Musienene,2026-06-30,3.0,Musienene,0.0,,2.0,14,2.0,1.0,272.413057812586,0,1,True
Tchomia,2026-06-30,14.0,Tchomia,1.0,3.0,2.0,21,9.0,1.0,228.779480612625,0,1,True
Komanda,2026-06-30,18.0,Komanda,2.0,2.0,5.0,33,8.0,1.0,69.5013595444792,0,1,True
Aungba,2026-06-30,6.0,Aungba,0.0,0.0,2.0,33,0.0,12.0,171.063075277196,0,0,True
Katwa,2026-06-30,47.0,Katwa,2.0,2.111111111111111,33.0,43,19.0,1.0,7809.37779884317,0,1,True
Fataki,2026-06-30,1.0,Fataki,0.0,0.0,0.0,35,0.0,14.0,374.843916988277,0,1,True
Butembo,2026-06-30,34.0,Butembo,0.0,0.7777777777777778,15.0,43,7.0,1.0,3648.62216219997,0,1,True
Drodro,2026-06-30,3.0,Drodro,0.0,,3.0,13,2.0,1.0,349.734033181171,0,0,True
Gety,2026-06-30,1.0,Gety,0.0,,0.0,33,0.0,33.0,86.0299313935469,0,0,True
Bunia,2026-06-30,387.0,Bunia,29.0,1.7777777777777777,94.0,46,112.0,1.0,4336.1457340514,0,1,True
Kyondo,2026-06-30,3.0,Kyondo,0.0,,2.0,36,1.0,9.0,287.209696136707,0,1,True
Rimba,2026-06-30,3.0,Rimba,0.0,,0.0,35,0.0,28.0,475.541098374732,0,1,True
Kilo,2026-06-30,9.0,Kilo,0.0,0.6666666666666666,1.0,40,2.0,6.0,107.546199583958,0,0,True
Goma,2026-06-30,1.0,Goma,0.0,,0.0,43,0.0,43.0,8413.39578071933,0,1,True
Kambala,2026-06-30,2.0,Kambala,1.0,,2.0,20,1.0,20.0,113.635589703185,0,0,True
Rwampara,2026-06-30,301.0,Rwampara,6.0,1.0975609756097562,61.0,46,90.0,1.0,378.392262151519,0,1,True
Aru,2026-06-30,3.0,Aru,0.0,,1.0,39,0.0,26.0,339.239633491485,0,0,True
Nizi,2026-06-30,61.0,Nizi,20.0,2.333333333333333,19.0,40,35.0,1.0,671.566862038288,0,1,True
Damas,2026-06-30,5.0,Damas,0.0,,0.0,35,1.0,1.0,53.1851080273012,0,0,True
Kalunguta,2026-06-30,2.0,Kalunguta,0.0,0.0,1.0,37,0.0,14.0,217.291453102909,0,0,True
Nia Nia,2026-06-30,12.0,Nia Nia,1.0,,5.0,17,11.0,1.0,12.2620174888054,0,1,True
Nia Nia,2026-07-01,12.0,Nia Nia,0.0,10.0,5.0,18,10.0,1.0,12.2620174888054,0,1,True
Beni,2026-07-01,26.0,Beni,2.0,2.0,15.0,34,8.0,1.0,583.694814150159,0,1,True
Komanda,2026-07-01,19.0,Komanda,1.0,2.25,5.0,34,9.0,1.0,69.5013595444792,0,1,True
Katwa,2026-07-01,49.0,Katwa,2.0,2.25,33.0,44,18.0,1.0,7809.37779884317,0,1,True
Goma,2026-07-01,1.0,Goma,0.0,,0.0,44,0.0,44.0,8413.39578071933,0,1,True
Oicha,2026-07-01,3.0,Oicha,0.0,0.0,2.0,38,0.0,15.0,217.407676331775,0,0,True
Vuhovi,2026-07-01,1.0,Vuhovi,0.0,,1.0,21,0.0,21.0,380.412706373374,0,0,True
Tchomia,2026-07-01,14.0,Tchomia,0.0,1.4,2.0,22,7.0,1.0,228.779480612625,0,1,True
Aungba,2026-07-01,6.0,Aungba,0.0,0.0,2.0,34,0.0,13.0,171.063075277196,0,0,True
Logo,2026-07-01,7.0,Logo,0.0,,0.0,30,5.0,6.0,557.063799173426,0,0,True
Miti Murhesa,2026-07-01,3.0,Miti Murhesa,0.0,,1.0,41,0.0,22.0,722.651452069188,0,0,True
Kilo,2026-07-01,9.0,Kilo,0.0,0.6666666666666666,1.0,41,2.0,7.0,107.546199583958,0,0,True
Mambasa,2026-07-01,2.0,Mambasa,0.0,,1.0,36,0.0,30.0,9.38305119840287,0,1,True
Kambala,2026-07-01,2.0,Kambala,0.0,,2.0,21,1.0,1.0,113.635589703185,0,0,True
Damas,2026-07-01,5.0,Damas,0.0,,0.0,36,1.0,2.0,53.1851080273012,0,0,True
Mongbwalu,2026-07-01,270.0,Mongbwalu,6.0,0.7592592592592593,127.0,48,41.0,1.0,49.26880991961,0,1,True
Lolwa,2026-07-01,1.0,Lolwa,0.0,,1.0,1,0.0,1.0,8.68092115622124,0,0,True
Kalunguta,2026-07-01,2.0,Kalunguta,0.0,0.0,1.0,38,0.0,15.0,217.291453102909,0,0,True
Mandima,2026-07-01,2.0,Mandima,0.0,,1.0,2,1.0,1.0,45.9588924986637,0,1,True
Musienene,2026-07-01,3.0,Musienene,0.0,1.0,2.0,15,1.0,2.0,272.413057812586,0,1,True
Masereka,2026-07-01,1.0,Masereka,0.0,,0.0,21,0.0,21.0,859.910963009083,0,1,True
Gety,2026-07-01,1.0,Gety,0.0,,0.0,34,0.0,34.0,86.0299313935469,0,0,True
Drodro,2026-07-01,3.0,Drodro,0.0,,3.0,14,2.0,2.0,349.734033181171,0,0,True
Nizi,2026-07-01,65.0,Nizi,4.0,2.6,19.0,41,39.0,1.0,671.566862038288,0,1,True
Lita,2026-07-01,32.0,Lita,3.0,0.7333333333333333,11.0,34,11.0,2.0,228.628253664484,0,1,True
Rimba,2026-07-01,3.0,Rimba,0.0,,0.0,36,0.0,29.0,475.541098374732,0,1,True
Aru,2026-07-01,3.0,Aru,0.0,,1.0,40,0.0,27.0,339.239633491485,0,0,True
Bambu,2026-07-01,16.0,Bambu,0.0,0.2857142857142857,5.0,42,2.0,2.0,293.755113499808,0,1,True
Mangala,2026-07-01,24.0,Mangala,0.0,2.1666666666666665,12.0,34,13.0,2.0,162.268440527417,0,1,True
Nyankunde,2026-07-01,95.0,Nyankunde,0.0,0.2045454545454545,16.0,44,9.0,1.0,100.872453475923,0,1,True
Fataki,2026-07-01,1.0,Fataki,0.0,0.0,0.0,36,0.0,15.0,374.843916988277,0,1,True
Rwampara,2026-07-01,308.0,Rwampara,7.0,1.120481927710843,63.0,47,93.0,1.0,378.392262151519,0,1,True
Bunia,2026-07-01,416.0,Bunia,29.0,1.8714285714285717,103.0,47,131.0,1.0,4336.1457340514,0,1,True
Butembo,2026-07-01,34.0,Butembo,0.0,0.6666666666666666,15.0,44,6.0,2.0,3648.62216219997,0,1,True
Mabalako,2026-07-01,1.0,Mabalako,0.0,,0.0,18,0.0,18.0,224.427753196912,0,0,True
Kyondo,2026-07-01,3.0,Kyondo,0.0,0.0,2.0,37,0.0,10.0,287.209696136707,0,1,True
Miti Murhesa,2026-07-02,3.0,Miti Murhesa,0.0,,1.0,42,0.0,23.0,722.651452069188,0,0,True
Kyondo,2026-07-02,3.0,Kyondo,0.0,0.0,2.0,38,0.0,11.0,287.209696136707,0,1,True
Kilo,2026-07-02,9.0,Kilo,0.0,0.6666666666666666,1.0,42,2.0,8.0,107.546199583958,0,0,True
Mambasa,2026-07-02,2.0,Mambasa,0.0,,1.0,37,0.0,31.0,9.38305119840287,0,1,True
Nizi,2026-07-02,65.0,Nizi,0.0,2.5,19.0,42,35.0,1.0,671.566862038288,0,1,True
Damas,2026-07-02,5.0,Damas,0.0,,0.0,37,1.0,3.0,53.1851080273012,0,0,True
Tchomia,2026-07-02,15.0,Tchomia,1.0,1.1666666666666667,2.0,23,7.0,2.0,228.779480612625,0,1,True
Bambu,2026-07-02,18.0,Bambu,2.0,0.5714285714285714,5.0,43,4.0,3.0,293.755113499808,0,1,True
Mongbwalu,2026-07-02,273.0,Mongbwalu,3.0,0.6923076923076923,136.0,49,36.0,1.0,49.26880991961,0,1,True
Masereka,2026-07-02,1.0,Masereka,0.0,,0.0,22,0.0,22.0,859.910963009083,0,1,True
Vuhovi,2026-07-02,1.0,Vuhovi,0.0,,1.0,22,0.0,22.0,380.412706373374,0,0,True
Fataki,2026-07-02,1.0,Fataki,0.0,0.0,0.0,37,0.0,16.0,374.843916988277,0,1,True
Lolwa,2026-07-02,1.0,Lolwa,0.0,,1.0,2,0.0,2.0,8.68092115622124,0,0,True
Aungba,2026-07-02,6.0,Aungba,0.0,0.0,2.0,35,0.0,14.0,171.063075277196,0,0,True
Rwampara,2026-07-02,322.0,Rwampara,14.0,1.830188679245283,67.0,48,97.0,1.0,378.392262151519,0,1,True
Kambala,2026-07-02,2.0,Kambala,0.0,,2.0,22,1.0,2.0,113.635589703185,0,0,True
Aru,2026-07-02,3.0,Aru,0.0,,1.0,41,0.0,28.0,339.239633491485,0,0,True
Bunia,2026-07-02,426.0,Bunia,10.0,1.6049382716049383,106.0,48,130.0,1.0,4336.1457340514,0,1,True
Logo,2026-07-02,7.0,Logo,0.0,0.6666666666666666,0.0,31,2.0,7.0,557.063799173426,0,0,True
Nyankunde,2026-07-02,95.0,Nyankunde,0.0,0.2195121951219512,16.0,45,9.0,2.0,100.872453475923,0,1,True
Gety,2026-07-02,1.0,Gety,0.0,,0.0,35,0.0,35.0,86.0299313935469,0,0,True
Goma,2026-07-02,2.0,Goma,1.0,,0.0,45,1.0,45.0,8413.39578071933,0,0,True
Mabalako,2026-07-02,1.0,Mabalako,0.0,,0.0,19,0.0,19.0,224.427753196912,0,0,True
Komanda,2026-07-02,19.0,Komanda,0.0,3.0,5.0,35,9.0,1.0,69.5013595444792,0,1,True
Drodro,2026-07-02,3.0,Drodro,0.0,,3.0,15,2.0,3.0,349.734033181171,0,0,True
Oicha,2026-07-02,3.0,Oicha,0.0,0.0,2.0,39,0.0,16.0,217.407676331775,0,0,True
Kalunguta,2026-07-02,2.0,Kalunguta,0.0,0.0,1.0,39,0.0,16.0,217.291453102909,0,0,True
Rimba,2026-07-02,3.0,Rimba,0.0,,0.0,37,0.0,30.0,475.541098374732,0,1,True
Lita,2026-07-02,33.0,Lita,1.0,0.6,12.0,35,9.0,1.0,228.628253664484,0,1,True
Mandima,2026-07-02,4.0,Mandima,2.0,,1.0,3,3.0,2.0,45.9588924986637,0,1,True
Mangala,2026-07-02,24.0,Mangala,0.0,1.1111111111111112,12.0,35,10.0,3.0,162.268440527417,0,1,True
Butembo,2026-07-02,38.0,Butembo,4.0,1.1111111111111112,16.0,45,10.0,3.0,3648.62216219997,0,1,True
Musienene,2026-07-02,3.0,Musienene,0.0,1.0,2.0,16,1.0,3.0,272.413057812586,0,1,True
Nia Nia,2026-07-02,12.0,Nia Nia,0.0,10.0,5.0,19,10.0,2.0,12.2620174888054,0,1,True
Katwa,2026-07-02,51.0,Katwa,2.0,2.111111111111111,35.0,45,19.0,1.0,7809.37779884317,0,1,True
Beni,2026-07-02,28.0,Beni,2.0,1.3333333333333333,16.0,35,8.0,1.0,583.694814150159,0,1,True
Butembo,2026-07-03,40.0,Butembo,2.0,2.2,18.0,46,11.0,1.0,3648.62216219997,0,1,True
Nyankunde,2026-07-03,95.0,Nyankunde,0.0,0.2195121951219512,17.0,46,9.0,3.0,100.872453475923,0,1,True
Katwa,2026-07-03,51.0,Katwa,0.0,2.111111111111111,37.0,46,19.0,1.0,7809.37779884317,0,1,True
Kilo,2026-07-03,9.0,Kilo,0.0,0.6666666666666666,1.0,43,2.0,9.0,107.546199583958,0,0,True
Nia Nia,2026-07-03,12.0,Nia Nia,0.0,1.75,5.0,20,7.0,3.0,12.2620174888054,0,1,True
Oicha,2026-07-03,3.0,Oicha,0.0,,2.0,40,0.0,17.0,217.407676331775,0,0,True
Kambala,2026-07-03,2.0,Kambala,0.0,,2.0,23,1.0,3.0,113.635589703185,0,0,True
Fataki,2026-07-03,1.0,Fataki,0.0,,0.0,38,0.0,17.0,374.843916988277,0,1,True
Aungba,2026-07-03,6.0,Aungba,0.0,0.0,2.0,36,0.0,15.0,171.063075277196,0,0,True
Logo,2026-07-03,7.0,Logo,0.0,0.6666666666666666,0.0,32,2.0,8.0,557.063799173426,0,0,True
Mabalako,2026-07-03,1.0,Mabalako,0.0,,0.0,20,0.0,20.0,224.427753196912,0,0,True
Kyondo,2026-07-03,4.0,Kyondo,1.0,1.0,2.0,39,1.0,12.0,287.209696136707,0,1,True
Rimba,2026-07-03,3.0,Rimba,0.0,,0.0,38,0.0,31.0,475.541098374732,0,1,True
Gety,2026-07-03,1.0,Gety,0.0,,0.0,36,0.0,36.0,86.0299313935469,0,0,True
Musienene,2026-07-03,4.0,Musienene,1.0,2.0,2.0,17,2.0,4.0,272.413057812586,0,1,True
Tchomia,2026-07-03,15.0,Tchomia,0.0,2.333333333333333,2.0,24,7.0,1.0,228.779480612625,0,1,True
Beni,2026-07-03,29.0,Beni,1.0,1.5,17.0,36,9.0,1.0,583.694814150159,0,1,True
Kalunguta,2026-07-03,2.0,Kalunguta,0.0,,1.0,40,0.0,17.0,217.291453102909,0,0,True
Mangala,2026-07-03,26.0,Mangala,2.0,0.75,14.0,36,9.0,4.0,162.268440527417,0,1,True
Goma,2026-07-03,1.0,Goma,0.0,,0.0,46,1.0,1.0,8413.39578071933,0,0,True
Bunia,2026-07-03,431.0,Bunia,5.0,1.6282051282051282,112.0,49,127.0,1.0,4336.1457340514,0,1,True
Komanda,2026-07-03,19.0,Komanda,0.0,1.0,5.0,36,6.0,2.0,69.5013595444792,0,1,True
Lita,2026-07-03,33.0,Lita,0.0,0.4117647058823529,12.0,36,7.0,1.0,228.628253664484,0,1,True
Mandima,2026-07-03,4.0,Mandima,0.0,,1.0,4,3.0,1.0,45.9588924986637,0,1,True
Drodro,2026-07-03,3.0,Drodro,0.0,,3.0,16,2.0,4.0,349.734033181171,0,1,True
Aru,2026-07-03,3.0,Aru,0.0,,1.0,42,0.0,29.0,339.239633491485,0,0,True
Lolwa,2026-07-03,1.0,Lolwa,0.0,,1.0,3,0.0,3.0,8.68092115622124,0,0,True
Vuhovi,2026-07-03,1.0,Vuhovi,0.0,,1.0,23,0.0,23.0,380.412706373374,0,0,True
Rwampara,2026-07-03,333.0,Rwampara,11.0,2.037735849056604,69.0,49,108.0,1.0,378.392262151519,0,1,True
Mongbwalu,2026-07-03,276.0,Mongbwalu,3.0,0.6730769230769231,139.0,50,35.0,1.0,49.26880991961,0,1,True
Bambu,2026-07-03,18.0,Bambu,0.0,0.5714285714285714,5.0,44,4.0,1.0,293.755113499808,0,1,True
Damas,2026-07-03,5.0,Damas,0.0,,0.0,38,1.0,4.0,53.1851080273012,0,0,True
Masereka,2026-07-03,2.0,Masereka,1.0,,0.0,23,1.0,23.0,859.910963009083,0,1,True
Mambasa,2026-07-03,2.0,Mambasa,0.0,,1.0,38,0.0,32.0,9.38305119840287,0,1,True
Nizi,2026-07-03,65.0,Nizi,0.0,2.5,19.0,43,35.0,2.0,671.566862038288,0,1,True
Miti Murhesa,2026-07-03,3.0,Miti Murhesa,0.0,,1.0,43,0.0,24.0,722.651452069188,0,0,True
Mangala,2026-07-04,26.0,Mangala,0.0,0.75,14.0,37,9.0,1.0,162.268440527417,0,1,True
Drodro,2026-07-04,3.0,Drodro,0.0,,3.0,17,2.0,5.0,349.734033181171,0,1,True
Oicha,2026-07-04,3.0,Oicha,0.0,,2.0,41,0.0,18.0,217.407676331775,0,0,True
Bambu,2026-07-04,18.0,Bambu,0.0,0.8,5.0,45,4.0,2.0,293.755113499808,0,1,True
Mabalako,2026-07-04,1.0,Mabalako,0.0,,0.0,21,0.0,21.0,224.427753196912,0,0,True
Kalunguta,2026-07-04,2.0,Kalunguta,0.0,,1.0,41,0.0,18.0,217.291453102909,0,0,True
Beni,2026-07-04,29.0,Beni,0.0,1.8,17.0,37,9.0,1.0,583.694814150159,0,1,True
Rwampara,2026-07-04,344.0,Rwampara,11.0,2.5476190476190474,71.0,50,107.0,1.0,378.392262151519,0,1,True
Aru,2026-07-04,3.0,Aru,0.0,,1.0,43,0.0,30.0,339.239633491485,0,0,True
Goma,2026-07-04,1.0,Goma,0.0,,0.0,47,1.0,2.0,8413.39578071933,0,0,True
Kambala,2026-07-04,2.0,Kambala,0.0,,2.0,24,1.0,4.0,113.635589703185,0,0,True
Mandima,2026-07-04,4.0,Mandima,0.0,,1.0,5,3.0,2.0,45.9588924986637,0,1,True
Nizi,2026-07-04,72.0,Nizi,7.0,8.4,19.0,44,42.0,3.0,671.566862038288,0,1,True
Miti Murhesa,2026-07-04,3.0,Miti Murhesa,0.0,,1.0,44,0.0,25.0,722.651452069188,0,0,True
Mambasa,2026-07-04,2.0,Mambasa,0.0,,1.0,39,0.0,33.0,9.38305119840287,0,1,True
Damas,2026-07-04,5.0,Damas,0.0,,0.0,39,1.0,5.0,53.1851080273012,0,0,True
Aungba,2026-07-04,6.0,Aungba,0.0,0.0,2.0,37,0.0,16.0,171.063075277196,0,0,True
Gety,2026-07-04,1.0,Gety,0.0,,0.0,37,0.0,37.0,86.0299313935469,0,0,True
Nyankunde,2026-07-04,95.0,Nyankunde,0.0,0.1739130434782608,17.0,47,4.0,4.0,100.872453475923,0,1,True
Fataki,2026-07-04,1.0,Fataki,0.0,,0.0,39,0.0,18.0,374.843916988277,0,1,True
Kyondo,2026-07-04,4.0,Kyondo,0.0,1.0,2.0,40,1.0,1.0,287.209696136707,0,1,True
Rimba,2026-07-04,3.0,Rimba,0.0,,0.0,39,0.0,32.0,475.541098374732,0,1,True
Bunia,2026-07-04,438.0,Bunia,7.0,1.8507462686567164,118.0,50,124.0,1.0,4336.1457340514,0,1,True
Musienene,2026-07-04,6.0,Musienene,2.0,4.0,2.0,18,4.0,1.0,272.413057812586,0,1,True
Lolwa,2026-07-04,1.0,Lolwa,0.0,,1.0,4,0.0,4.0,8.68092115622124,0,0,True
Katwa,2026-07-04,52.0,Katwa,1.0,2.111111111111111,38.0,47,19.0,2.0,7809.37779884317,0,1,True
Butembo,2026-07-04,40.0,Butembo,0.0,1.5,18.0,47,9.0,1.0,3648.62216219997,0,1,True
Mongbwalu,2026-07-04,278.0,Mongbwalu,2.0,0.5892857142857143,141.0,51,33.0,1.0,49.26880991961,0,1,True
Masereka,2026-07-04,2.0,Masereka,0.0,,0.0,24,1.0,1.0,859.910963009083,0,1,True
Lita,2026-07-04,33.0,Lita,0.0,0.875,12.0,37,7.0,2.0,228.628253664484,0,1,True
Vuhovi,2026-07-04,1.0,Vuhovi,0.0,,1.0,24,0.0,24.0,380.412706373374,0,0,True
Tchomia,2026-07-04,15.0,Tchomia,0.0,1.5,2.0,25,6.0,2.0,228.779480612625,0,1,True
Kilo,2026-07-04,9.0,Kilo,0.0,0.0,1.0,44,0.0,10.0,107.546199583958,0,0,True
Komanda,2026-07-04,22.0,Komanda,3.0,3.0,8.0,37,9.0,3.0,69.5013595444792,0,1,True
Logo,2026-07-04,7.0,Logo,0.0,0.6666666666666666,0.0,33,2.0,9.0,557.063799173426,0,0,True
Nia Nia,2026-07-04,12.0,Nia Nia,0.0,1.75,5.0,21,7.0,4.0,12.2620174888054,0,1,True
Nyankunde,2026-07-05,96.0,Nyankunde,1.0,0.1875,19.0,48,3.0,5.0,100.872453475923,0,1,True
Lita,2026-07-05,33.0,Lita,0.0,1.1666666666666667,12.0,38,7.0,3.0,228.628253664484,0,1,True
Miti Murhesa,2026-07-05,3.0,Miti Murhesa,0.0,,1.0,45,0.0,26.0,722.651452069188,0,0,True
Aungba,2026-07-05,6.0,Aungba,0.0,,2.0,38,0.0,17.0,171.063075277196,0,0,True
Mandima,2026-07-05,4.0,Mandima,0.0,,1.0,6,3.0,3.0,45.9588924986637,0,1,True
Goma,2026-07-05,1.0,Goma,0.0,,0.0,48,1.0,3.0,8413.39578071933,0,0,True
Gety,2026-07-05,1.0,Gety,0.0,,0.0,38,0.0,38.0,86.0299313935469,0,0,True
Kalunguta,2026-07-05,2.0,Kalunguta,0.0,,1.0,42,0.0,19.0,217.291453102909,0,0,True
Musienene,2026-07-05,8.0,Musienene,2.0,6.0,2.0,19,6.0,1.0,272.413057812586,0,1,True
Lolwa,2026-07-05,1.0,Lolwa,0.0,,1.0,5,0.0,5.0,8.68092115622124,0,0,True
Komanda,2026-07-05,22.0,Komanda,0.0,3.0,8.0,38,9.0,1.0,69.5013595444792,0,1,True
Aru,2026-07-05,3.0,Aru,0.0,,1.0,44,0.0,31.0,339.239633491485,0,0,True
Nizi,2026-07-05,78.0,Nizi,6.0,7.666666666666667,19.0,45,46.0,1.0,671.566862038288,0,1,True
Mongbwalu,2026-07-05,288.0,Mongbwalu,10.0,0.7307692307692307,149.0,52,38.0,1.0,49.26880991961,0,1,True
Rwampara,2026-07-05,349.0,Rwampara,5.0,1.5423728813559323,72.0,51,91.0,1.0,378.392262151519,0,1,True
Beni,2026-07-05,29.0,Beni,0.0,1.1666666666666667,17.0,38,7.0,2.0,583.694814150159,0,1,True
Masereka,2026-07-05,3.0,Masereka,1.0,,0.0,25,2.0,2.0,859.910963009083,0,0,True
Mambasa,2026-07-05,2.0,Mambasa,0.0,,1.0,40,0.0,34.0,9.38305119840287,0,1,True
Damas,2026-07-05,5.0,Damas,0.0,,0.0,40,1.0,6.0,53.1851080273012,0,0,True
Logo,2026-07-05,7.0,Logo,0.0,0.0,0.0,34,0.0,10.0,557.063799173426,0,0,True
Tchomia,2026-07-05,15.0,Tchomia,0.0,1.0,2.0,26,5.0,3.0,228.779480612625,0,1,True
Mabalako,2026-07-05,1.0,Mabalako,0.0,,0.0,22,0.0,22.0,224.427753196912,0,0,True
Rimba,2026-07-05,4.0,Rimba,1.0,,0.0,40,1.0,33.0,475.541098374732,0,0,True
Oicha,2026-07-05,3.0,Oicha,0.0,,2.0,42,0.0,19.0,217.407676331775,0,0,True
Fataki,2026-07-05,2.0,Fataki,1.0,,0.0,40,1.0,19.0,374.843916988277,0,1,True
Drodro,2026-07-05,3.0,Drodro,0.0,,3.0,18,2.0,6.0,349.734033181171,0,1,True
Bambu,2026-07-05,25.0,Bambu,7.0,2.2,6.0,46,11.0,3.0,293.755113499808,0,1,True
Kilo,2026-07-05,9.0,Kilo,0.0,0.0,1.0,45,0.0,11.0,107.546199583958,0,0,True
Kambala,2026-07-05,2.0,Kambala,0.0,,2.0,25,1.0,5.0,113.635589703185,0,0,True
Butembo,2026-07-05,40.0,Butembo,0.0,0.875,18.0,48,7.0,2.0,3648.62216219997,0,1,True
Nia Nia,2026-07-05,20.0,Nia Nia,8.0,3.75,5.0,22,15.0,5.0,12.2620174888054,0,1,True
Katwa,2026-07-05,52.0,Katwa,0.0,1.5454545454545454,38.0,48,17.0,1.0,7809.37779884317,0,1,True
Bunia,2026-07-05,452.0,Bunia,14.0,1.8428571428571427,121.0,51,129.0,1.0,4336.1457340514,0,1,True
Mangala,2026-07-05,33.0,Mangala,7.0,1.6,14.0,38,16.0,2.0,162.268440527417,0,1,True
Vuhovi,2026-07-05,1.0,Vuhovi,0.0,,1.0,25,0.0,25.0,380.412706373374,0,0,True
Kyondo,2026-07-05,4.0,Kyondo,0.0,1.0,2.0,41,1.0,2.0,287.209696136707,0,1,True
Tchomia,2026-07-06,15.0,Tchomia,0.0,0.25,2.0,27,2.0,4.0,228.779480612625,0,1,True
Aru,2026-07-06,3.0,Aru,0.0,,1.0,45,0.0,32.0,339.239633491485,0,0,True
Mambasa,2026-07-06,4.0,Mambasa,2.0,,3.0,41,2.0,35.0,9.38305119840287,0,1,True
Oicha,2026-07-06,3.0,Oicha,0.0,,2.0,43,0.0,20.0,217.407676331775,0,0,True
Masereka,2026-07-06,3.0,Masereka,0.0,,0.0,26,2.0,1.0,859.910963009083,0,0,True
Vuhovi,2026-07-06,1.0,Vuhovi,0.0,,1.0,26,0.0,26.0,380.412706373374,0,0,True
Logo,2026-07-06,7.0,Logo,0.0,0.0,0.0,35,0.0,11.0,557.063799173426,0,0,True
Kilo,2026-07-06,9.0,Kilo,0.0,0.0,1.0,46,0.0,12.0,107.546199583958,0,0,True
Bambu,2026-07-06,28.0,Bambu,3.0,1.7142857142857142,9.0,47,12.0,1.0,293.755113499808,0,1,True
Beni,2026-07-06,29.0,Beni,0.0,1.1666666666666667,19.0,39,7.0,3.0,583.694814150159,0,1,True
Kyondo,2026-07-06,4.0,Kyondo,0.0,1.0,2.0,42,1.0,3.0,287.209696136707,0,1,True
Rwampara,2026-07-06,357.0,Rwampara,8.0,0.6595744680851063,75.0,52,62.0,1.0,378.392262151519,0,1,True
Komanda,2026-07-06,23.0,Komanda,1.0,1.1666666666666667,8.0,39,7.0,2.0,69.5013595444792,0,1,True
Nia Nia,2026-07-06,33.0,Nia Nia,13.0,2.2,12.0,23,22.0,1.0,12.2620174888054,0,1,True
Musienene,2026-07-06,8.0,Musienene,0.0,2.5,2.0,20,5.0,1.0,272.413057812586,0,1,True
Mandima,2026-07-06,5.0,Mandima,1.0,,2.0,7,4.0,4.0,45.9588924986637,0,1,True
Mabalako,2026-07-06,1.0,Mabalako,0.0,,0.0,23,0.0,23.0,224.427753196912,0,0,True
Fataki,2026-07-06,3.0,Fataki,1.0,,1.0,41,2.0,1.0,374.843916988277,0,1,True
Damas,2026-07-06,5.0,Damas,0.0,0.0,0.0,41,0.0,7.0,53.1851080273012,0,0,True
Drodro,2026-07-06,3.0,Drodro,0.0,0.0,3.0,19,0.0,7.0,349.734033181171,0,1,True
Mongbwalu,2026-07-06,298.0,Mongbwalu,10.0,0.8163265306122449,154.0,53,40.0,1.0,49.26880991961,0,1,True
Lita,2026-07-06,40.0,Lita,7.0,1.2222222222222223,16.0,39,11.0,4.0,228.628253664484,0,1,True
Miti Murhesa,2026-07-06,3.0,Miti Murhesa,0.0,,1.0,46,0.0,27.0,722.651452069188,0,0,True
Boga,2026-07-06,1.0,Boga,0.0,,1.0,0,0.0,0.0,73.1151310342453,0,0,True
Bunia,2026-07-06,472.0,Bunia,20.0,1.1515151515151516,134.0,52,114.0,1.0,4336.1457340514,0,1,True
Aungba,2026-07-06,6.0,Aungba,0.0,,2.0,39,0.0,18.0,171.063075277196,0,0,True
Katwa,2026-07-06,56.0,Katwa,4.0,0.5789473684210527,41.0,49,11.0,2.0,7809.37779884317,0,1,True
Nizi,2026-07-06,84.0,Nizi,6.0,2.8666666666666667,24.0,46,43.0,1.0,671.566862038288,0,1,True
Rimba,2026-07-06,4.0,Rimba,0.0,,0.0,41,1.0,1.0,475.541098374732,0,0,True
Gety,2026-07-06,1.0,Gety,0.0,,0.0,39,0.0,39.0,86.0299313935469,0,0,True
Goma,2026-07-06,1.0,Goma,0.0,,0.0,49,1.0,4.0,8413.39578071933,0,0,True
Butembo,2026-07-06,41.0,Butembo,1.0,0.7777777777777778,20.0,49,7.0,3.0,3648.62216219997,0,1,True
Nyankunde,2026-07-06,96.0,Nyankunde,0.0,0.1333333333333333,20.0,49,2.0,1.0,100.872453475923,0,1,True
Kambala,2026-07-06,2.0,Kambala,0.0,,2.0,26,1.0,6.0,113.635589703185,0,0,True
Lolwa,2026-07-06,1.0,Lolwa,0.0,,1.0,6,0.0,6.0,8.68092115622124,0,1,True
Kalunguta,2026-07-06,2.0,Kalunguta,0.0,,1.0,43,0.0,20.0,217.291453102909,0,0,True
Mangala,2026-07-06,39.0,Mangala,6.0,0.8823529411764706,20.0,39,15.0,1.0,162.268440527417,0,1,True
Bunia,2026-07-07,483.0,Bunia,11.0,0.8571428571428571,137.0,53,96.0,1.0,4336.1457340514,0,1,True
Mangala,2026-07-07,40.0,Mangala,1.0,0.9411764705882352,20.0,40,16.0,1.0,162.268440527417,0,1,True
Kyondo,2026-07-07,4.0,Kyondo,0.0,1.0,2.0,43,1.0,4.0,287.209696136707,0,1,True
Lita,2026-07-07,40.0,Lita,0.0,1.2222222222222223,16.0,40,11.0,1.0,228.628253664484,0,1,True
Rimba,2026-07-07,4.0,Rimba,0.0,,0.0,42,1.0,2.0,475.541098374732,0,0,True
Drodro,2026-07-07,3.0,Drodro,0.0,0.0,3.0,20,0.0,8.0,349.734033181171,0,1,True
Beni,2026-07-07,29.0,Beni,0.0,0.7142857142857143,19.0,40,5.0,4.0,583.694814150159,0,1,True
Aru,2026-07-07,3.0,Aru,0.0,,1.0,46,0.0,33.0,339.239633491485,0,0,True
Gety,2026-07-07,1.0,Gety,0.0,,0.0,40,0.0,40.0,86.0299313935469,0,0,True
Tchomia,2026-07-07,15.0,Tchomia,0.0,0.1111111111111111,2.0,28,1.0,5.0,228.779480612625,0,1,True
Nyankunde,2026-07-07,97.0,Nyankunde,1.0,0.125,20.0,50,2.0,2.0,100.872453475923,0,1,True
Komanda,2026-07-07,23.0,Komanda,0.0,0.625,8.0,40,5.0,1.0,69.5013595444792,0,1,True
Bambu,2026-07-07,28.0,Bambu,0.0,6.0,9.0,48,12.0,1.0,293.755113499808,0,1,True
Rwampara,2026-07-07,364.0,Rwampara,7.0,0.7,76.0,53,63.0,1.0,378.392262151519,0,1,True
Mabalako,2026-07-07,1.0,Mabalako,0.0,,0.0,24,0.0,24.0,224.427753196912,0,0,True
Fataki,2026-07-07,4.0,Fataki,1.0,,1.0,42,3.0,1.0,374.843916988277,0,1,True
Oicha,2026-07-07,3.0,Oicha,0.0,,2.0,44,0.0,21.0,217.407676331775,0,0,True
Butembo,2026-07-07,42.0,Butembo,1.0,1.1428571428571428,20.0,50,8.0,1.0,3648.62216219997,0,1,True
Kambala,2026-07-07,2.0,Kambala,0.0,0.0,2.0,27,0.0,7.0,113.635589703185,0,0,True
Katwa,2026-07-07,61.0,Katwa,5.0,0.7368421052631579,41.0,50,14.0,1.0,7809.37779884317,0,1,True
Aungba,2026-07-07,6.0,Aungba,0.0,,2.0,40,0.0,19.0,171.063075277196,0,0,True
Miti Murhesa,2026-07-07,3.0,Miti Murhesa,0.0,,1.0,47,0.0,28.0,722.651452069188,0,0,True
Nizi,2026-07-07,94.0,Nizi,10.0,0.9428571428571428,28.0,47,33.0,1.0,671.566862038288,0,1,True
Goma,2026-07-07,1.0,Goma,0.0,,0.0,50,1.0,5.0,8413.39578071933,0,0,True
Kilo,2026-07-07,9.0,Kilo,0.0,0.0,1.0,47,0.0,13.0,107.546199583958,0,0,True
Kalunguta,2026-07-07,2.0,Kalunguta,0.0,,1.0,44,0.0,21.0,217.291453102909,0,0,True
Lolwa,2026-07-07,1.0,Lolwa,0.0,,1.0,7,0.0,7.0,8.68092115622124,0,1,True
Mongbwalu,2026-07-07,310.0,Mongbwalu,12.0,1.0454545454545454,165.0,54,46.0,1.0,49.26880991961,0,1,True
Mambasa,2026-07-07,4.0,Mambasa,0.0,,3.0,42,2.0,1.0,9.38305119840287,0,1,True
Boga,2026-07-07,1.0,Boga,0.0,,1.0,1,0.0,1.0,73.1151310342453,0,0,True
Logo,2026-07-07,7.0,Logo,0.0,0.0,0.0,36,0.0,12.0,557.063799173426,0,0,True
Nia Nia,2026-07-07,35.0,Nia Nia,2.0,2.090909090909091,13.0,24,23.0,1.0,12.2620174888054,0,1,True
Damas,2026-07-07,5.0,Damas,0.0,0.0,0.0,42,0.0,8.0,53.1851080273012,0,0,True
Masereka,2026-07-07,3.0,Masereka,0.0,,0.0,27,2.0,2.0,859.910963009083,0,0,True
Mandima,2026-07-07,5.0,Mandima,0.0,3.0,2.0,8,3.0,1.0,45.9588924986637,0,1,True
Musienene,2026-07-07,8.0,Musienene,0.0,2.5,2.0,21,5.0,2.0,272.413057812586,0,1,True
Vuhovi,2026-07-07,1.0,Vuhovi,0.0,,1.0,27,0.0,27.0,380.412706373374,0,0,True
Mambasa,2026-07-08,4.0,Mambasa,0.0,,3.0,43,2.0,2.0,9.38305119840287,0,1,True
Komanda,2026-07-08,23.0,Komanda,0.0,0.4444444444444444,8.0,41,4.0,2.0,69.5013595444792,0,1,True
Goma,2026-07-08,1.0,Goma,0.0,,0.0,51,1.0,6.0,8413.39578071933,0,0,True
Kambala,2026-07-08,2.0,Kambala,0.0,0.0,2.0,28,0.0,8.0,113.635589703185,0,0,True
Mangala,2026-07-08,43.0,Mangala,3.0,1.4615384615384617,23.0,41,19.0,1.0,162.268440527417,0,1,True
Musienene,2026-07-08,8.0,Musienene,0.0,5.0,2.0,22,5.0,3.0,272.413057812586,0,1,True
Aungba,2026-07-08,6.0,Aungba,0.0,,2.0,41,0.0,20.0,171.063075277196,0,0,True
Fataki,2026-07-08,4.0,Fataki,0.0,,1.0,43,3.0,1.0,374.843916988277,0,1,True
Nizi,2026-07-08,104.0,Nizi,10.0,1.0,36.0,48,39.0,1.0,671.566862038288,0,1,True
Drodro,2026-07-08,3.0,Drodro,0.0,0.0,3.0,21,0.0,9.0,349.734033181171,0,1,True
Bambu,2026-07-08,29.0,Bambu,1.0,6.5,10.0,49,13.0,2.0,293.755113499808,0,1,True
Butembo,2026-07-08,42.0,Butembo,0.0,1.3333333333333333,20.0,51,8.0,1.0,3648.62216219997,0,1,True
Nia Nia,2026-07-08,35.0,Nia Nia,0.0,2.3,13.0,25,23.0,1.0,12.2620174888054,0,1,True
Mabalako,2026-07-08,1.0,Mabalako,0.0,,0.0,25,0.0,25.0,224.427753196912,0,0,True
Kyondo,2026-07-08,4.0,Kyondo,0.0,,2.0,44,1.0,5.0,287.209696136707,0,1,True
Mandima,2026-07-08,5.0,Mandima,0.0,3.0,2.0,9,3.0,2.0,45.9588924986637,0,1,True
Oicha,2026-07-08,3.0,Oicha,0.0,,2.0,45,0.0,22.0,217.407676331775,0,0,True
Miti Murhesa,2026-07-08,3.0,Miti Murhesa,0.0,,1.0,48,0.0,29.0,722.651452069188,0,0,True
Katwa,2026-07-08,61.0,Katwa,0.0,0.6666666666666666,41.0,51,12.0,1.0,7809.37779884317,0,1,True
Bunia,2026-07-08,487.0,Bunia,4.0,0.5419847328244275,141.0,54,71.0,1.0,4336.1457340514,0,1,True
Mongbwalu,2026-07-08,315.0,Mongbwalu,5.0,1.0975609756097562,167.0,55,45.0,1.0,49.26880991961,0,1,True
Aru,2026-07-08,3.0,Aru,0.0,,1.0,47,0.0,34.0,339.239633491485,0,0,True
Lolwa,2026-07-08,1.0,Lolwa,0.0,,1.0,8,0.0,8.0,8.68092115622124,0,1,True
Vuhovi,2026-07-08,1.0,Vuhovi,0.0,,1.0,28,0.0,28.0,380.412706373374,0,0,True
Damas,2026-07-08,5.0,Damas,0.0,0.0,0.0,43,0.0,9.0,53.1851080273012,0,1,True
Gety,2026-07-08,1.0,Gety,0.0,,0.0,41,0.0,41.0,86.0299313935469,0,0,True
Kalunguta,2026-07-08,2.0,Kalunguta,0.0,,1.0,45,0.0,22.0,217.291453102909,0,0,True
Logo,2026-07-08,7.0,Logo,0.0,0.0,0.0,37,0.0,13.0,557.063799173426,0,0,True
Beni,2026-07-08,29.0,Beni,0.0,0.375,19.0,41,3.0,5.0,583.694814150159,0,1,True
Kilo,2026-07-08,9.0,Kilo,0.0,0.0,1.0,48,0.0,14.0,107.546199583958,0,1,True
Lita,2026-07-08,41.0,Lita,1.0,0.8181818181818182,16.0,41,9.0,2.0,228.628253664484,0,1,True
Masereka,2026-07-08,3.0,Masereka,0.0,,0.0,28,2.0,3.0,859.910963009083,0,0,True
Tchomia,2026-07-08,15.0,Tchomia,0.0,0.1428571428571428,2.0,29,1.0,6.0,228.779480612625,0,1,True
Rwampara,2026-07-08,370.0,Rwampara,6.0,0.6666666666666666,80.0,54,62.0,1.0,378.392262151519,0,1,True
Nyankunde,2026-07-08,97.0,Nyankunde,0.0,0.2222222222222222,22.0,51,2.0,1.0,100.872453475923,0,1,True
Boga,2026-07-08,1.0,Boga,0.0,,1.0,2,0.0,2.0,73.1151310342453,0,0,True
Rimba,2026-07-08,4.0,Rimba,0.0,,0.0,43,1.0,3.0,475.541098374732,0,0,True
Fataki,2026-07-09,4.0,Fataki,0.0,,1.0,44,3.0,2.0,374.843916988277,0,1,True
Rwampara,2026-07-09,373.0,Rwampara,3.0,0.5257731958762887,83.0,55,51.0,1.0,378.392262151519,0,1,True
Bambu,2026-07-09,29.0,Bambu,0.0,2.75,10.0,50,11.0,1.0,293.755113499808,0,1,True
Masereka,2026-07-09,3.0,Masereka,0.0,,0.0,29,2.0,4.0,859.910963009083,0,0,True
Nizi,2026-07-09,107.0,Nizi,3.0,1.2,36.0,49,42.0,1.0,671.566862038288,0,1,True
Kyondo,2026-07-09,5.0,Kyondo,1.0,,3.0,45,2.0,6.0,287.209696136707,0,1,True
Mangala,2026-07-09,43.0,Mangala,0.0,1.9,23.0,42,19.0,1.0,162.268440527417,0,1,True
Mongbwalu,2026-07-09,327.0,Mongbwalu,12.0,1.5,170.0,56,54.0,1.0,49.26880991961,0,1,True
Tchomia,2026-07-09,17.0,Tchomia,2.0,0.2857142857142857,4.0,30,2.0,7.0,228.779480612625,0,1,True
Rimba,2026-07-09,4.0,Rimba,0.0,,0.0,44,1.0,4.0,475.541098374732,0,0,True
Lolwa,2026-07-09,1.0,Lolwa,0.0,,1.0,9,0.0,9.0,8.68092115622124,0,1,True
Kilo,2026-07-09,9.0,Kilo,0.0,0.0,1.0,49,0.0,15.0,107.546199583958,0,1,True
Vuhovi,2026-07-09,1.0,Vuhovi,0.0,,1.0,29,0.0,29.0,380.412706373374,0,0,True
Musienene,2026-07-09,9.0,Musienene,1.0,6.0,2.0,23,6.0,4.0,272.413057812586,0,1,True
Katwa,2026-07-09,66.0,Katwa,5.0,0.7894736842105263,45.0,52,15.0,2.0,7809.37779884317,0,1,True
Butembo,2026-07-09,43.0,Butembo,1.0,0.5,20.0,52,5.0,2.0,3648.62216219997,0,1,True
Mabalako,2026-07-09,1.0,Mabalako,0.0,,0.0,26,0.0,26.0,224.427753196912,0,0,True
Drodro,2026-07-09,3.0,Drodro,0.0,0.0,3.0,22,0.0,10.0,349.734033181171,0,1,True
Nia Nia,2026-07-09,35.0,Nia Nia,0.0,2.3,13.0,26,23.0,2.0,12.2620174888054,0,1,True
Komanda,2026-07-09,25.0,Komanda,2.0,0.6666666666666666,8.0,42,6.0,3.0,69.5013595444792,0,1,True
Nyankunde,2026-07-09,97.0,Nyankunde,0.0,0.2222222222222222,22.0,52,2.0,2.0,100.872453475923,0,1,True
Aungba,2026-07-09,6.0,Aungba,0.0,,2.0,42,0.0,21.0,171.063075277196,0,0,True
Oicha,2026-07-09,3.0,Oicha,0.0,,2.0,46,0.0,23.0,217.407676331775,0,0,True
Kambala,2026-07-09,2.0,Kambala,0.0,0.0,2.0,29,0.0,9.0,113.635589703185,0,0,True
Lita,2026-07-09,42.0,Lita,1.0,1.0,17.0,42,9.0,1.0,228.628253664484,0,1,True
Miti Murhesa,2026-07-09,3.0,Miti Murhesa,0.0,,1.0,49,0.0,30.0,722.651452069188,0,0,True
Boga,2026-07-09,1.0,Boga,0.0,,1.0,3,0.0,3.0,73.1151310342453,0,0,True
Kalunguta,2026-07-09,2.0,Kalunguta,0.0,,1.0,46,0.0,23.0,217.291453102909,0,0,True
Mambasa,2026-07-09,5.0,Mambasa,1.0,,4.0,44,3.0,3.0,9.38305119840287,0,0,True
Damas,2026-07-09,5.0,Damas,0.0,0.0,0.0,44,0.0,10.0,53.1851080273012,0,1,True
Goma,2026-07-09,1.0,Goma,0.0,0.0,0.0,52,0.0,7.0,8413.39578071933,0,0,True
Mandima,2026-07-09,5.0,Mandima,0.0,0.3333333333333333,2.0,10,1.0,3.0,45.9588924986637,0,1,True
Beni,2026-07-09,30.0,Beni,1.0,0.25,20.0,42,2.0,6.0,583.694814150159,0,1,True
Aru,2026-07-09,3.0,Aru,0.0,,1.0,48,0.0,35.0,339.239633491485,0,0,True
Gety,2026-07-09,1.0,Gety,0.0,,0.0,42,0.0,42.0,86.0299313935469,0,0,True
Bunia,2026-07-09,495.0,Bunia,8.0,0.5307692307692308,149.0,55,69.0,1.0,4336.1457340514,0,1,True
Logo,2026-07-09,7.0,Logo,0.0,0.0,0.0,38,0.0,14.0,557.063799173426,0,0,True
Musienene,2026-07-10,9.0,Musienene,0.0,2.5,2.0,24,5.0,1.0,272.413057812586,0,1,True
Wamba,2026-07-10,1.0,Wamba,0.0,,1.0,0,0.0,0.0,32.9959663235373,0,1,True
Nizi,2026-07-10,110.0,Nizi,3.0,1.2857142857142858,36.0,50,45.0,1.0,671.566862038288,0,1,True
Nia Nia,2026-07-10,35.0,Nia Nia,0.0,3.2857142857142856,13.0,27,23.0,3.0,12.2620174888054,0,1,True
Aungba,2026-07-10,6.0,Aungba,0.0,,2.0,43,0.0,22.0,171.063075277196,0,0,True
Miti Murhesa,2026-07-10,3.0,Miti Murhesa,0.0,,1.0,50,0.0,31.0,722.651452069188,0,0,True
Bambu,2026-07-10,31.0,Bambu,2.0,3.25,10.0,51,13.0,2.0,293.755113499808,0,1,True
Mongbwalu,2026-07-10,329.0,Mongbwalu,2.0,1.5142857142857142,171.0,57,53.0,1.0,49.26880991961,0,1,True
Nyankunde,2026-07-10,97.0,Nyankunde,0.0,0.2222222222222222,23.0,53,2.0,3.0,100.872453475923,0,1,True
Kilo,2026-07-10,9.0,Kilo,0.0,0.0,1.0,50,0.0,16.0,107.546199583958,0,1,True
Butembo,2026-07-10,43.0,Butembo,0.0,0.2727272727272727,20.0,53,3.0,1.0,3648.62216219997,0,1,True
Logo,2026-07-10,7.0,Logo,0.0,0.0,0.0,39,0.0,15.0,557.063799173426,0,0,True
Mangala,2026-07-10,50.0,Mangala,7.0,2.6666666666666665,29.0,43,24.0,2.0,162.268440527417,0,1,True
Tchomia,2026-07-10,19.0,Tchomia,2.0,0.5714285714285714,4.0,31,4.0,1.0,228.779480612625,0,1,True
Kalunguta,2026-07-10,2.0,Kalunguta,0.0,,1.0,47,0.0,24.0,217.291453102909,0,0,True
Damas,2026-07-10,5.0,Damas,0.0,0.0,0.0,45,0.0,11.0,53.1851080273012,0,1,True
Lolwa,2026-07-10,1.0,Lolwa,0.0,,1.0,10,0.0,10.0,8.68092115622124,0,1,True
Mandima,2026-07-10,8.0,Mandima,3.0,1.3333333333333333,3.0,11,4.0,4.0,45.9588924986637,0,1,True
Lubunga (Tshopo),2026-07-10,1.0,Lubunga (Tshopo),0.0,,0.0,0,0.0,0.0,166.304620035818,0,0,True
Kambala,2026-07-10,2.0,Kambala,0.0,0.0,2.0,30,0.0,10.0,113.635589703185,0,0,True
Katwa,2026-07-10,67.0,Katwa,1.0,0.8421052631578947,45.0,53,16.0,1.0,7809.37779884317,0,1,True
Goma,2026-07-10,1.0,Goma,0.0,0.0,0.0,53,0.0,8.0,8413.39578071933,0,0,True
Mabalako,2026-07-10,1.0,Mabalako,0.0,,0.0,27,0.0,27.0,224.427753196912,0,0,True
Mambasa,2026-07-10,5.0,Mambasa,0.0,,4.0,45,3.0,1.0,9.38305119840287,0,1,True
Aru,2026-07-10,3.0,Aru,0.0,,1.0,49,0.0,36.0,339.239633491485,0,1,True
Boga,2026-07-10,1.0,Boga,0.0,,1.0,4,0.0,4.0,73.1151310342453,0,0,True
Oicha,2026-07-10,3.0,Oicha,0.0,,2.0,47,0.0,24.0,217.407676331775,0,0,True
Gety,2026-07-10,1.0,Gety,0.0,,0.0,43,0.0,43.0,86.0299313935469,0,0,True
Makiso Kisangani,2026-07-10,2.0,Makiso Kisangani,0.0,,2.0,0,0.0,0.0,2612.01303028921,0,0,True
Fataki,2026-07-10,4.0,Fataki,0.0,,1.0,45,3.0,3.0,374.843916988277,0,1,True
Rwampara,2026-07-10,384.0,Rwampara,11.0,0.4722222222222222,89.0,56,51.0,1.0,378.392262151519,0,1,True
Beni,2026-07-10,30.0,Beni,0.0,0.1111111111111111,20.0,43,1.0,1.0,583.694814150159,0,1,True
Drodro,2026-07-10,4.0,Drodro,1.0,0.5,3.0,23,1.0,11.0,349.734033181171,0,1,True
Bunia,2026-07-10,503.0,Bunia,8.0,0.5669291338582677,156.0,56,72.0,1.0,4336.1457340514,0,1,True
Komanda,2026-07-10,25.0,Komanda,0.0,1.0,8.0,43,6.0,1.0,69.5013595444792,0,1,True
Masereka,2026-07-10,3.0,Masereka,0.0,1.0,0.0,30,1.0,5.0,859.910963009083,0,0,True
Kyondo,2026-07-10,5.0,Kyondo,0.0,1.0,3.0,46,1.0,1.0,287.209696136707,0,1,True
Mangobo,2026-07-10,1.0,Mangobo,0.0,,0.0,0,0.0,0.0,10516.1642779903,0,0,True
Rimba,2026-07-10,4.0,Rimba,0.0,,0.0,45,1.0,5.0,475.541098374732,0,1,True
Vuhovi,2026-07-10,1.0,Vuhovi,0.0,,1.0,30,0.0,30.0,380.412706373374,0,0,True
Lita,2026-07-10,45.0,Lita,3.0,1.7142857142857142,19.0,43,12.0,1.0,228.628253664484,0,1,True
Vuhovi,2026-07-11,1.0,Vuhovi,0.0,,1.0,31,0.0,31.0,380.412706373374,0,0,True
Aru,2026-07-11,3.0,Aru,0.0,,1.0,50,0.0,37.0,339.239633491485,0,1,True
Gety,2026-07-11,1.0,Gety,0.0,,0.0,44,0.0,44.0,86.0299313935469,0,0,True
Nia-Nia,2026-07-11,36.0,Nia Nia,1.0,3.4285714285714284,12.0,28,24.0,4.0,12.2620174888054,0,1,True
Mabalako,2026-07-11,1.0,Mabalako,0.0,,0.0,28,0.0,28.0,224.427753196912,0,0,True
Rumba,2026-07-11,4.0,Rimba,0.0,,0.0,46,1.0,6.0,475.541098374732,0,1,True
Butembo,2026-07-11,44.0,Butembo,1.0,0.4444444444444444,21.0,54,4.0,2.0,3648.62216219997,0,1,True
Katwa,2026-07-11,71.0,Katwa,4.0,1.0,47.0,54,19.0,1.0,7809.37779884317,0,1,True
Oicha,2026-07-11,3.0,Oicha,0.0,,2.0,48,0.0,25.0,217.407676331775,0,0,True
Kilo,2026-07-11,9.0,Kilo,0.0,,1.0,51,0.0,17.0,107.546199583958,0,1,True
Ariwara,2026-07-11,1.0,Ariwara,0.0,,1.0,0,0.0,0.0,472.552156473714,0,1,True
Goma,2026-07-11,1.0,Goma,0.0,0.0,0.0,54,0.0,9.0,8413.39578071933,0,0,True
Damas,2026-07-11,5.0,Damas,0.0,0.0,0.0,46,0.0,12.0,53.1851080273012,0,1,True
Lolwa,2026-07-11,1.0,Lolwa,0.0,,1.0,11,0.0,11.0,8.68092115622124,0,1,True
Komanda,2026-07-11,27.0,Komanda,2.0,0.5555555555555556,8.0,44,5.0,2.0,69.5013595444792,0,0,True
Aungba,2026-07-11,6.0,Aungba,0.0,,2.0,44,0.0,23.0,171.063075277196,0,0,True
Tchomia,2026-07-11,19.0,Tchomia,0.0,0.6666666666666666,4.0,32,4.0,1.0,228.779480612625,0,1,True
Kyondo,2026-07-11,7.0,Kyondo,2.0,3.0,3.0,47,3.0,2.0,287.209696136707,0,1,True
Kalunguta,2026-07-11,2.0,Kalunguta,0.0,,1.0,48,0.0,25.0,217.291453102909,0,0,True
Makiso Kisangani,2026-07-11,2.0,Makiso Kisangani,0.0,,2.0,1,0.0,1.0,2612.01303028921,0,1,True
Kambala,2026-07-11,2.0,Kambala,0.0,0.0,2.0,31,0.0,11.0,113.635589703185,0,0,True
Logo,2026-07-11,7.0,Logo,0.0,0.0,0.0,40,0.0,16.0,557.063799173426,0,0,True
Mongbwalu,2026-07-11,336.0,Mongbwalu,7.0,1.7575757575757576,177.0,58,58.0,1.0,49.26880991961,0,1,True
Lita,2026-07-11,48.0,Lita,3.0,2.142857142857143,19.0,44,15.0,1.0,228.628253664484,0,1,True
Musienene,2026-07-11,10.0,Musienene,1.0,1.0,2.0,25,4.0,2.0,272.413057812586,0,1,True
Bunia,2026-07-11,507.0,Bunia,4.0,0.5564516129032258,160.0,57,69.0,1.0,4336.1457340514,0,1,True
Nyankunde,2026-07-11,99.0,Nyankunde,2.0,1.0,25.0,54,4.0,4.0,100.872453475923,0,0,True
Lubunga (Tshopo),2026-07-11,1.0,Lubunga (Tshopo),0.0,,0.0,1,0.0,1.0,166.304620035818,0,0,True
Nizi,2026-07-11,121.0,Nizi,11.0,1.1666666666666667,47.0,51,49.0,1.0,671.566862038288,0,1,True
Drodro,2026-07-11,4.0,Drodro,0.0,0.5,3.0,24,1.0,1.0,349.734033181171,0,1,True
Beni,2026-07-11,30.0,Beni,0.0,0.1111111111111111,20.0,44,1.0,2.0,583.694814150159,0,1,True
Masereka,2026-07-11,3.0,Masereka,0.0,1.0,0.0,31,1.0,6.0,859.910963009083,0,0,True
Mangala,2026-07-11,50.0,Mangala,0.0,2.6666666666666665,29.0,44,24.0,1.0,162.268440527417,0,1,True
Mandima,2026-07-11,8.0,Mandima,0.0,1.3333333333333333,3.0,12,4.0,1.0,45.9588924986637,0,1,True
Mambasa,2026-07-11,5.0,Mambasa,0.0,,4.0,46,3.0,2.0,9.38305119840287,0,1,True
Fataki,2026-07-11,4.0,Fataki,0.0,,1.0,46,3.0,4.0,374.843916988277,0,1,True
Boga,2026-07-11,1.0,Boga,0.0,,1.0,5,0.0,5.0,73.1151310342453,0,0,True
Wamba,2026-07-11,1.0,Wamba,0.0,,1.0,1,0.0,1.0,32.9959663235373,0,1,True
Rwampara,2026-07-11,393.0,Rwampara,9.0,0.4579439252336448,90.0,57,49.0,1.0,378.392262151519,0,1,True
Mangobo,2026-07-11,1.0,Mangobo,0.0,,0.0,1,0.0,1.0,10516.1642779903,0,0,True
Bambu,2026-07-11,31.0,Bambu,0.0,3.25,10.0,52,13.0,1.0,293.755113499808,0,1,True
Miti-Murhesa,2026-07-11,3.0,Miti Murhesa,0.0,,1.0,51,0.0,32.0,722.651452069188,0,0,True
Lolwa,2026-07-13,2.0,Lolwa,1.0,,1.0,13,1.0,13.0,8.68092115622124,0,0,True
Mandima,2026-07-13,8.0,Mandima,0.0,1.3333333333333333,3.0,14,4.0,3.0,45.9588924986637,0,1,True
Musienene,2026-07-13,11.0,Musienene,1.0,0.5,2.0,27,3.0,2.0,272.413057812586,0,1,True
Wamba,2026-07-13,8.0,Wamba,7.0,,8.0,3,7.0,3.0,32.9959663235373,0,1,True
Rwampara,2026-07-13,405.0,Rwampara,12.0,0.6153846153846154,95.0,59,56.0,2.0,378.392262151519,0,1,True
Aungba,2026-07-13,6.0,Aungba,0.0,,2.0,46,0.0,25.0,171.063075277196,0,0,True
Tchomia,2026-07-13,19.0,Tchomia,0.0,0.8,4.0,34,4.0,3.0,228.779480612625,0,1,True
Beni,2026-07-13,31.0,Beni,1.0,0.2857142857142857,20.0,46,2.0,4.0,583.694814150159,0,1,True
Kalunguta,2026-07-13,2.0,Kalunguta,0.0,,1.0,50,0.0,27.0,217.291453102909,0,0,True
Boma Mangbetu,2026-07-13,2.0,Boma Mangbetu,0.0,,1.0,0,0.0,0.0,150.604080538261,0,1,True
Logo,2026-07-13,7.0,Logo,0.0,,0.0,42,0.0,18.0,557.063799173426,0,1,True
Mangobo,2026-07-13,1.0,Mangobo,0.0,,0.0,3,0.0,3.0,10516.1642779903,0,0,True
Lita,2026-07-13,59.0,Lita,11.0,3.7142857142857135,23.0,46,26.0,2.0,228.628253664484,0,1,True
Mangala,2026-07-13,50.0,Mangala,0.0,1.0625,29.0,46,17.0,3.0,162.268440527417,0,1,True
Kambala,2026-07-13,2.0,Kambala,0.0,0.0,2.0,33,0.0,13.0,113.635589703185,0,0,True
Bambu,2026-07-13,31.0,Bambu,0.0,0.5454545454545454,10.0,54,6.0,3.0,293.755113499808,0,1,True
Mongbwalu,2026-07-13,336.0,Mongbwalu,0.0,1.263157894736842,182.0,60,48.0,2.0,49.26880991961,0,1,True
Makiso Kisangani,2026-07-13,2.0,Makiso Kisangani,0.0,,2.0,3,0.0,3.0,2612.01303028921,0,1,True
Ariwara,2026-07-13,1.0,Ariwara,0.0,,1.0,2,0.0,2.0,472.552156473714,0,1,True
Komanda,2026-07-13,27.0,Komanda,0.0,0.5555555555555556,10.0,46,5.0,2.0,69.5013595444792,0,0,True
Drodro,2026-07-13,5.0,Drodro,1.0,1.0,3.0,26,2.0,3.0,349.734033181171,0,0,True
Bunia,2026-07-13,534.0,Bunia,27.0,0.6356589147286822,172.0,59,82.0,2.0,4336.1457340514,0,1,True
Isiro,2026-07-13,1.0,Isiro,0.0,,1.0,0,0.0,0.0,157.173190370321,0,1,True
Oicha,2026-07-13,3.0,Oicha,0.0,,2.0,50,0.0,27.0,217.407676331775,0,1,True
Katwa,2026-07-13,76.0,Katwa,5.0,1.411764705882353,55.0,56,24.0,2.0,7809.37779884317,0,1,True
Miti-Murhesa,2026-07-13,3.0,Miti Murhesa,0.0,,1.0,53,0.0,34.0,722.651452069188,0,0,True
Butembo,2026-07-13,46.0,Butembo,2.0,0.8571428571428571,22.0,56,6.0,2.0,3648.62216219997,0,1,True
Gety,2026-07-13,1.0,Gety,0.0,,0.0,46,0.0,46.0,86.0299313935469,0,0,True
Fataki,2026-07-13,5.0,Fataki,1.0,3.0,4.0,48,3.0,6.0,374.843916988277,0,1,True
Vuhovi,2026-07-13,1.0,Vuhovi,0.0,,1.0,33,0.0,33.0,380.412706373374,0,0,True
Aru,2026-07-13,3.0,Aru,0.0,,1.0,52,0.0,39.0,339.239633491485,0,1,True
Mabalako,2026-07-13,1.0,Mabalako,0.0,,0.0,30,0.0,30.0,224.427753196912,0,0,True
Mambasa,2026-07-13,5.0,Mambasa,0.0,,4.0,48,3.0,4.0,9.38305119840287,0,1,True
Rimba,2026-07-13,4.0,Rimba,0.0,0.0,0.0,48,0.0,8.0,475.541098374732,0,1,True
Masereka,2026-07-13,3.0,Masereka,0.0,0.0,0.0,33,0.0,8.0,859.910963009083,0,0,True
Kilo,2026-07-13,9.0,Kilo,0.0,,1.0,53,0.0,19.0,107.546199583958,0,1,True
Damas,2026-07-13,5.0,Damas,0.0,0.0,0.0,48,0.0,14.0,53.1851080273012,0,1,True
Kyondo,2026-07-13,7.0,Kyondo,0.0,3.0,3.0,49,3.0,2.0,287.209696136707,0,1,True
Nyankunde,2026-07-13,99.0,Nyankunde,0.0,1.0,26.0,56,3.0,2.0,100.872453475923,0,0,True
Nia-Nia,2026-07-13,36.0,Nia Nia,0.0,1.0666666666666669,7.0,30,16.0,2.0,12.2620174888054,0,1,True
Lubunga (Tshopo),2026-07-13,1.0,Lubunga (Tshopo),0.0,,1.0,3,0.0,3.0,166.304620035818,0,0,True
Boga,2026-07-13,1.0,Boga,0.0,,1.0,7,0.0,7.0,73.1151310342453,0,0,True
Nizi,2026-07-13,131.0,Nizi,10.0,1.1521739130434785,50.0,53,53.0,2.0,671.566862038288,0,1,True
Pawa,2026-07-13,3.0,Pawa,0.0,,3.0,0,0.0,0.0,164.129314559507,0,0,True
Goma,2026-07-13,1.0,Goma,0.0,0.0,0.0,56,0.0,11.0,8413.39578071933,0,0,True
Kilo,2026-07-15,10.0,Kilo,1.0,,2.0,55,1.0,21.0,107.546199583958,0,1,True
Wamba,2026-07-15,8.0,Wamba,0.0,,8.0,5,7.0,2.0,32.9959663235373,0,1,True
Katwa,2026-07-15,82.0,Katwa,6.0,2.363636363636364,59.0,58,26.0,2.0,7809.37779884317,0,1,True
Masereka,2026-07-15,3.0,Masereka,0.0,0.0,0.0,35,0.0,10.0,859.910963009083,0,1,True
Musienene,2026-07-15,14.0,Musienene,3.0,1.2,4.0,29,6.0,2.0,272.413057812586,0,1,True
Rimba,2026-07-15,4.0,Rimba,0.0,0.0,0.0,50,0.0,10.0,475.541098374732,0,1,True
Butembo,2026-07-15,52.0,Butembo,6.0,1.5714285714285714,26.0,58,11.0,2.0,3648.62216219997,0,1,True
Komanda,2026-07-15,27.0,Komanda,0.0,0.5714285714285714,10.0,48,4.0,4.0,69.5013595444792,0,1,True
Aru,2026-07-15,3.0,Aru,0.0,,1.0,54,0.0,41.0,339.239633491485,0,1,True
Bambu,2026-07-15,31.0,Bambu,0.0,0.25,11.0,56,3.0,5.0,293.755113499808,0,1,True
Rwampara,2026-07-15,418.0,Rwampara,13.0,0.9838709677419356,104.0,61,61.0,2.0,378.392262151519,0,1,True
Kambala,2026-07-15,2.0,Kambala,0.0,0.0,2.0,35,0.0,15.0,113.635589703185,0,0,True
Aungba,2026-07-15,6.0,Aungba,0.0,,2.0,48,0.0,27.0,171.063075277196,0,0,True
Bunia,2026-07-15,570.0,Bunia,36.0,0.8596491228070176,191.0,61,98.0,2.0,4336.1457340514,0,1,True
Nia-Nia,2026-07-15,42.0,Nia Nia,6.0,0.4090909090909091,9.0,32,9.0,4.0,12.2620174888054,0,1,True
Nyankunde,2026-07-15,99.0,Nyankunde,0.0,1.5,26.0,58,3.0,4.0,100.872453475923,0,1,True
Mongbwalu,2026-07-15,347.0,Mongbwalu,11.0,1.225,192.0,62,49.0,4.0,49.26880991961,0,1,True
Boga,2026-07-15,1.0,Boga,0.0,,1.0,9,0.0,9.0,73.1151310342453,0,0,True
Oicha,2026-07-15,3.0,Oicha,0.0,,3.0,52,0.0,29.0,217.407676331775,0,1,True
Vuhovi,2026-07-15,1.0,Vuhovi,0.0,,1.0,35,0.0,35.0,380.412706373374,0,0,True
Damas,2026-07-15,7.0,Damas,2.0,,0.0,50,2.0,16.0,53.1851080273012,0,1,True
Pawa,2026-07-15,3.0,Pawa,0.0,,3.0,2,0.0,2.0,164.129314559507,0,1,True
Mambasa,2026-07-15,5.0,Mambasa,0.0,0.5,4.0,50,1.0,6.0,9.38305119840287,0,1,True
Lubunga (Tshopo),2026-07-15,1.0,Lubunga (Tshopo),0.0,,1.0,5,0.0,5.0,166.304620035818,0,0,True
Goma,2026-07-15,1.0,Goma,0.0,0.0,0.0,58,0.0,13.0,8413.39578071933,0,0,True
Kyondo,2026-07-15,7.0,Kyondo,0.0,3.0,3.0,51,3.0,4.0,287.209696136707,0,1,True
Isiro,2026-07-15,1.0,Isiro,0.0,,1.0,2,0.0,2.0,157.173190370321,0,1,True
Gety,2026-07-15,1.0,Gety,0.0,,0.0,48,0.0,48.0,86.0299313935469,0,0,True
Fataki,2026-07-15,6.0,Fataki,1.0,1.5,5.0,50,3.0,2.0,374.843916988277,0,1,True
Makiso Kisangani,2026-07-15,2.0,Makiso Kisangani,0.0,,2.0,5,0.0,5.0,2612.01303028921,0,1,True
Lolwa,2026-07-15,2.0,Lolwa,0.0,,1.0,15,1.0,2.0,8.68092115622124,0,1,True
Mabalako,2026-07-15,1.0,Mabalako,0.0,,0.0,32,0.0,32.0,224.427753196912,0,0,True
Mandima,2026-07-15,9.0,Mandima,1.0,1.0,4.0,16,4.0,5.0,45.9588924986637,0,1,True
Mahagi,2026-07-15,1.0,Mahagi,0.0,,0.0,0,0.0,0.0,667.021055254224,0,0,True
Tchomia,2026-07-15,19.0,Tchomia,0.0,2.0,4.0,36,4.0,5.0,228.779480612625,0,1,True
Beni,2026-07-15,33.0,Beni,2.0,0.5714285714285714,22.0,48,4.0,2.0,583.694814150159,0,1,True
Logo,2026-07-15,7.0,Logo,0.0,,0.0,44,0.0,20.0,557.063799173426,0,1,True
Mangala,2026-07-15,50.0,Mangala,0.0,0.7333333333333333,29.0,48,11.0,5.0,162.268440527417,0,1,True
Miti-Murhesa,2026-07-15,3.0,Miti Murhesa,0.0,,1.0,55,0.0,36.0,722.651452069188,0,0,True
Kalunguta,2026-07-15,2.0,Kalunguta,0.0,,1.0,52,0.0,29.0,217.291453102909,0,1,True
Drodro,2026-07-15,5.0,Drodro,0.0,,3.0,28,2.0,2.0,349.734033181171,0,1,True
Boma Mangbetu,2026-07-15,2.0,Boma Mangbetu,0.0,,1.0,2,0.0,2.0,150.604080538261,0,1,True
Ariwara,2026-07-15,1.0,Ariwara,0.0,,1.0,4,0.0,4.0,472.552156473714,0,1,True
Lita,2026-07-15,66.0,Lita,7.0,2.363636363636364,23.0,48,26.0,2.0,228.628253664484,0,1,True
Mangobo,2026-07-15,1.0,Mangobo,0.0,,0.0,5,0.0,5.0,10516.1642779903,0,0,True
Nizi,2026-07-15,148.0,Nizi,17.0,1.4883720930232558,67.0,55,64.0,2.0,671.566862038288,0,1,True
Butembo,2026-07-17,55.0,Butembo,3.0,1.625,27.0,60,13.0,2.0,3648.62216219997,0,1,True
Wamba,2026-07-17,16.0,Wamba,8.0,,8.0,7,15.0,4.0,32.9959663235373,0,1,True
Gety,2026-07-17,1.0,Gety,0.0,,0.0,50,0.0,50.0,86.0299313935469,0,0,True
Ariwara,2026-07-17,6.0,Ariwara,5.0,,1.0,6,5.0,6.0,472.552156473714,0,1,True
Damas,2026-07-17,7.0,Damas,0.0,,0.0,52,2.0,2.0,53.1851080273012,0,1,True
Goma,2026-07-17,1.0,Goma,0.0,0.0,0.0,60,0.0,15.0,8413.39578071933,0,0,True
Isiro,2026-07-17,1.0,Isiro,0.0,,1.0,4,0.0,4.0,157.173190370321,0,1,True
Nia-Nia,2026-07-17,47.0,Nia Nia,5.0,0.5217391304347826,12.0,34,12.0,2.0,12.2620174888054,0,1,True
Aungba,2026-07-17,6.0,Aungba,0.0,,2.0,50,0.0,29.0,171.063075277196,0,0,True
Nizi,2026-07-17,168.0,Nizi,20.0,2.242424242424242,79.0,57,74.0,2.0,671.566862038288,0,1,True
Rwampara,2026-07-17,430.0,Rwampara,12.0,1.0476190476190477,116.0,63,66.0,2.0,378.392262151519,0,1,True
Kalunguta,2026-07-17,2.0,Kalunguta,0.0,,1.0,54,0.0,31.0,217.291453102909,0,1,True
Kambala,2026-07-17,2.0,Kambala,0.0,,2.0,37,0.0,17.0,113.635589703185,0,0,True
Fataki,2026-07-17,9.0,Fataki,3.0,1.6666666666666667,6.0,52,5.0,2.0,374.843916988277,0,1,True
Drodro,2026-07-17,5.0,Drodro,0.0,,3.0,30,2.0,4.0,349.734033181171,0,1,True
Boma Mangbetu,2026-07-17,2.0,Boma Mangbetu,0.0,,1.0,4,0.0,4.0,150.604080538261,0,1,True
Lolwa,2026-07-17,2.0,Lolwa,0.0,,1.0,17,1.0,4.0,8.68092115622124,0,1,True
Tchomia,2026-07-17,21.0,Tchomia,2.0,6.0,5.0,38,6.0,7.0,228.779480612625,0,1,True
Mambasa,2026-07-17,8.0,Mambasa,3.0,2.0,5.0,52,4.0,8.0,9.38305119840287,0,0,True
Logo,2026-07-17,7.0,Logo,0.0,,1.0,46,0.0,22.0,557.063799173426,0,1,True
Mongbwalu,2026-07-17,355.0,Mongbwalu,8.0,0.9782608695652174,196.0,64,45.0,2.0,49.26880991961,0,1,True
Boga,2026-07-17,1.0,Boga,0.0,,1.0,11,0.0,11.0,73.1151310342453,0,0,True
Beni,2026-07-17,34.0,Beni,1.0,1.0,24.0,50,5.0,2.0,583.694814150159,0,1,True
Mandima,2026-07-17,9.0,Mandima,0.0,1.3333333333333333,4.0,18,4.0,2.0,45.9588924986637,0,1,True
Lita,2026-07-17,77.0,Lita,11.0,3.363636363636364,27.0,50,37.0,2.0,228.628253664484,0,1,True
Mahagi,2026-07-17,1.0,Mahagi,0.0,,0.0,2,0.0,2.0,667.021055254224,0,0,True
Pawa,2026-07-17,3.0,Pawa,0.0,,3.0,4,0.0,4.0,164.129314559507,0,1,True
Kyondo,2026-07-17,8.0,Kyondo,1.0,4.0,4.0,53,4.0,6.0,287.209696136707,0,1,True
Makiso Kisangani,2026-07-17,2.0,Makiso Kisangani,0.0,,3.0,7,0.0,7.0,2612.01303028921,0,1,True
Komanda,2026-07-17,27.0,Komanda,0.0,0.8,10.0,50,4.0,6.0,69.5013595444792,0,1,True
Mangala,2026-07-17,56.0,Mangala,6.0,1.0,33.0,50,16.0,7.0,162.268440527417,0,1,True
Lubunga (Tshopo),2026-07-17,1.0,Lubunga (Tshopo),0.0,,1.0,7,0.0,7.0,166.304620035818,0,0,True
Vuhovi,2026-07-17,1.0,Vuhovi,0.0,,1.0,37,0.0,37.0,380.412706373374,0,0,True
Masereka,2026-07-17,3.0,Masereka,0.0,0.0,0.0,37,0.0,12.0,859.910963009083,0,1,True
Nyankunde,2026-07-17,99.0,Nyankunde,0.0,1.0,28.0,60,2.0,6.0,100.872453475923,0,1,True
Oicha,2026-07-17,3.0,Oicha,0.0,,3.0,54,0.0,31.0,217.407676331775,0,1,True
Aru,2026-07-17,4.0,Aru,1.0,,1.0,56,1.0,43.0,339.239633491485,0,1,True
Mabalako,2026-07-17,1.0,Mabalako,0.0,,0.0,34,0.0,34.0,224.427753196912,0,0,True
Bunia,2026-07-17,606.0,Bunia,36.0,1.28125,197.0,63,123.0,2.0,4336.1457340514,0,1,True
Miti-Murhesa,2026-07-17,3.0,Miti Murhesa,0.0,,1.0,57,0.0,38.0,722.651452069188,0,0,True
Kilo,2026-07-17,11.0,Kilo,1.0,,3.0,57,2.0,2.0,107.546199583958,0,1,True
Rimba,2026-07-17,5.0,Rimba,1.0,1.0,0.0,52,1.0,12.0,475.541098374732,0,1,True
Bambu,2026-07-17,36.0,Bambu,5.0,0.6666666666666666,12.0,58,8.0,7.0,293.755113499808,0,1,True
Katwa,2026-07-17,92.0,Katwa,10.0,2.2142857142857144,67.0,60,31.0,2.0,7809.37779884317,0,1,True
Mangobo,2026-07-17,1.0,Mangobo,0.0,,0.0,7,0.0,7.0,10516.1642779903,0,0,True
Musienene,2026-07-17,14.0,Musienene,0.0,1.2,3.0,31,6.0,2.0,272.413057812586,0,1,True
Mabalako,2026-07-18,1.0,Mabalako,0.0,,0.0,35,0.0,35.0,224.427753196912,0,0,True
Fataki,2026-07-18,11.0,Fataki,2.0,2.333333333333333,7.0,53,7.0,1.0,374.843916988277,0,1,True
Mahagi,2026-07-18,1.0,Mahagi,0.0,,0.0,3,0.0,3.0,667.021055254224,0,1,True
Miti-Murhesa,2026-07-18,3.0,Miti Murhesa,0.0,,1.0,58,0.0,39.0,722.651452069188,0,0,True
Katwa,2026-07-18,98.0,Katwa,6.0,3.083333333333333,71.0,61,37.0,1.0,7809.37779884317,0,1,True
Mambasa,2026-07-18,8.0,Mambasa,0.0,2.0,6.0,53,4.0,1.0,9.38305119840287,0,1,True
Beni,2026-07-18,37.0,Beni,3.0,2.6666666666666665,25.0,51,8.0,1.0,583.694814150159,0,1,True
Gety,2026-07-18,1.0,Gety,0.0,,0.0,51,0.0,51.0,86.0299313935469,0,0,True
Mandima,2026-07-18,9.0,Mandima,0.0,1.3333333333333333,4.0,19,4.0,3.0,45.9588924986637,0,1,True
Nizi,2026-07-18,198.0,Nizi,30.0,2.41025641025641,87.0,58,94.0,1.0,671.566862038288,0,1,True
Mangala,2026-07-18,58.0,Mangala,2.0,0.7894736842105263,35.0,51,15.0,1.0,162.268440527417,0,1,True
Mangobo,2026-07-18,1.0,Mangobo,0.0,,1.0,8,0.0,8.0,10516.1642779903,0,0,True
Bambu,2026-07-18,36.0,Bambu,0.0,0.5384615384615384,12.0,59,7.0,1.0,293.755113499808,0,1,True
Drodro,2026-07-18,5.0,Drodro,0.0,,3.0,31,2.0,5.0,349.734033181171,0,1,True
Nyankunde,2026-07-18,99.0,Nyankunde,0.0,1.0,28.0,61,2.0,7.0,100.872453475923,0,1,True
Wamba,2026-07-18,6.0,Wamba,0.0,,3.0,8,15.0,1.0,32.9959663235373,0,1,True
Makiso Kisangani,2026-07-18,3.0,Makiso Kisangani,1.0,,3.0,8,1.0,8.0,2612.01303028921,0,0,True
Vuhovi,2026-07-18,1.0,Vuhovi,0.0,,1.0,38,0.0,38.0,380.412706373374,0,0,True
Lubunga (Tshopo),2026-07-18,1.0,Lubunga (Tshopo),0.0,,0.0,8,0.0,8.0,166.304620035818,0,0,True
Rwampara,2026-07-18,440.0,Rwampara,10.0,1.1290322580645162,124.0,64,70.0,1.0,378.392262151519,0,1,True
Rimba,2026-07-18,5.0,Rimba,0.0,1.0,0.0,53,1.0,1.0,475.541098374732,0,1,True
Butembo,2026-07-18,57.0,Butembo,2.0,1.875,29.0,61,15.0,1.0,3648.62216219997,0,1,True
Kambala,2026-07-18,2.0,Kambala,0.0,,2.0,38,0.0,18.0,113.635589703185,0,0,True
Aru,2026-07-18,4.0,Aru,0.0,,1.0,57,1.0,1.0,339.239633491485,0,1,True
Kilo,2026-07-18,11.0,Kilo,0.0,,3.0,58,2.0,1.0,107.546199583958,0,1,True
Musienene,2026-07-18,18.0,Musienene,4.0,2.0,5.0,32,10.0,3.0,272.413057812586,0,1,True
Nia-Nia,2026-07-18,49.0,Nia Nia,2.0,0.6086956521739131,15.0,35,14.0,1.0,12.2620174888054,0,1,True
Aungba,2026-07-18,6.0,Aungba,0.0,,2.0,51,0.0,30.0,171.063075277196,0,0,True
Bunia,2026-07-18,621.0,Bunia,15.0,1.887323943661972,202.0,64,134.0,1.0,4336.1457340514,0,1,True
Komanda,2026-07-18,27.0,Komanda,0.0,1.0,10.0,51,4.0,7.0,69.5013595444792,0,1,True
Ariwara,2026-07-18,6.0,Ariwara,0.0,,1.0,7,5.0,1.0,472.552156473714,0,1,True
Masereka,2026-07-18,3.0,Masereka,0.0,0.0,0.0,38,0.0,13.0,859.910963009083,0,1,True
Boma Mangbetu,2026-07-18,4.0,Boma Mangbetu,2.0,,2.0,5,2.0,5.0,150.604080538261,0,1,True
Kalunguta,2026-07-18,2.0,Kalunguta,0.0,,1.0,55,0.0,32.0,217.291453102909,0,1,True
Lita,2026-07-18,77.0,Lita,0.0,4.0,27.0,51,36.0,1.0,228.628253664484,0,1,True
Logo,2026-07-18,7.0,Logo,0.0,,1.0,47,0.0,23.0,557.063799173426,0,1,True
Damas,2026-07-18,7.0,Damas,0.0,,0.0,53,2.0,3.0,53.1851080273012,0,1,True
Oicha,2026-07-18,3.0,Oicha,0.0,,3.0,55,0.0,32.0,217.407676331775,0,1,True
Mongbwalu,2026-07-18,360.0,Mongbwalu,5.0,1.0,199.0,65,45.0,1.0,49.26880991961,0,1,True
Goma,2026-07-18,1.0,Goma,0.0,0.0,0.0,61,0.0,16.0,8413.39578071933,0,0,True
Boga,2026-07-18,1.0,Boga,0.0,,1.0,12,0.0,12.0,73.1151310342453,0,0,True
Pawa,2026-07-18,3.0,Pawa,0.0,,3.0,5,0.0,5.0,164.129314559507,0,1,True
Isiro,2026-07-18,3.0,Isiro,2.0,,2.0,5,2.0,5.0,157.173190370321,0,1,True
Tchomia,2026-07-18,22.0,Tchomia,1.0,7.0,5.0,39,7.0,1.0,228.779480612625,0,1,True
Lolwa,2026-07-18,2.0,Lolwa,0.0,,1.0,18,1.0,5.0,8.68092115622124,0,1,True
Kyondo,2026-07-18,9.0,Kyondo,1.0,5.0,4.0,54,5.0,1.0,287.209696136707,0,1,True
Pawa,2026-07-19,3.0,Pawa,0.0,,3.0,6,0.0,6.0,164.129314559507,0,1,True
Oicha,2026-07-19,4.0,Oicha,1.0,,3.0,56,1.0,33.0,217.407676331775,0,0,True
Nyankunde,2026-07-19,99.0,Nyankunde,0.0,1.0,28.0,62,2.0,8.0,100.872453475923,0,1,True
Tchomia,2026-07-19,23.0,Tchomia,1.0,3.0,6.0,40,6.0,1.0,228.779480612625,0,1,True
Vuhovi,2026-07-19,1.0,Vuhovi,0.0,,1.0,39,0.0,39.0,380.412706373374,0,0,True
Rwampara,2026-07-19,450.0,Rwampara,10.0,1.5098039215686274,133.0,65,77.0,1.0,378.392262151519,0,1,True
Rimba,2026-07-19,5.0,Rimba,0.0,1.0,0.0,54,1.0,2.0,475.541098374732,0,1,True
Wamba,2026-07-19,6.0,Wamba,0.0,,3.0,9,15.0,2.0,32.9959663235373,0,1,True
Adja,2026-07-19,10.0,Adja,0.0,,1.0,0,0.0,0.0,180.2161060734,0,1,True
Lubunga,2026-07-19,1.0,Lubunga (Tshopo),0.0,,0.0,9,0.0,9.0,166.304620035818,0,0,True
Gety,2026-07-19,1.0,Gety,0.0,,0.0,52,0.0,52.0,86.0299313935469,0,0,True
Mangala,2026-07-19,61.0,Mangala,3.0,0.9473684210526316,38.0,52,18.0,1.0,162.268440527417,0,1,True
Bunia,2026-07-19,639.0,Bunia,18.0,2.0869565217391304,211.0,65,144.0,1.0,4336.1457340514,0,1,True
Goma,2026-07-19,1.0,Goma,0.0,,0.0,62,0.0,17.0,8413.39578071933,0,0,True
Miti-Murhesa,2026-07-19,3.0,Miti Murhesa,0.0,,1.0,59,0.0,40.0,722.651452069188,0,0,True
Kyondo,2026-07-19,9.0,Kyondo,0.0,2.0,4.0,55,4.0,1.0,287.209696136707,0,1,True
Ariwara,2026-07-19,7.0,Ariwara,1.0,,1.0,8,6.0,2.0,472.552156473714,0,1,True
Isiro,2026-07-19,3.0,Isiro,0.0,,2.0,6,2.0,1.0,157.173190370321,0,1,True
Aru,2026-07-19,4.0,Aru,0.0,,1.0,58,1.0,2.0,339.239633491485,0,1,True
Mongbwalu,2026-07-19,363.0,Mongbwalu,3.0,0.6666666666666666,203.0,66,36.0,1.0,49.26880991961,0,1,True
Masereka,2026-07-19,3.0,Masereka,0.0,0.0,0.0,39,0.0,14.0,859.910963009083,0,1,True
Komanda,2026-07-19,27.0,Komanda,0.0,0.3333333333333333,10.0,52,2.0,8.0,69.5013595444792,0,1,True
Kalunguta,2026-07-19,2.0,Kalunguta,0.0,,1.0,56,0.0,33.0,217.291453102909,0,1,True
Kilo,2026-07-19,11.0,Kilo,0.0,,3.0,59,2.0,2.0,107.546199583958,0,1,True
Boma Mangbetu,2026-07-19,4.0,Boma Mangbetu,0.0,,2.0,6,2.0,1.0,150.604080538261,0,1,True
Kambala,2026-07-19,2.0,Kambala,0.0,,2.0,39,0.0,19.0,113.635589703185,0,0,True
Mandima,2026-07-19,9.0,Mandima,0.0,4.0,4.0,20,4.0,4.0,45.9588924986637,0,1,True
Mangobo,2026-07-19,1.0,Mangobo,0.0,,1.0,9,0.0,9.0,10516.1642779903,0,0,True
Boga,2026-07-19,1.0,Boga,0.0,,1.0,13,0.0,13.0,73.1151310342453,0,0,True
Katwa,2026-07-19,104.0,Katwa,6.0,2.533333333333333,72.0,62,38.0,1.0,7809.37779884317,0,1,True
Mambasa,2026-07-19,8.0,Mambasa,0.0,1.0,6.0,54,3.0,2.0,9.38305119840287,0,1,True
Beni,2026-07-19,37.0,Beni,0.0,3.5,25.0,52,7.0,1.0,583.694814150159,0,1,True
Makiso-Kisangani,2026-07-19,3.0,Makiso Kisangani,0.0,,3.0,9,1.0,1.0,2612.01303028921,0,0,True
Mahagi,2026-07-19,1.0,Mahagi,0.0,,0.0,4,0.0,4.0,667.021055254224,0,1,True
Damas,2026-07-19,7.0,Damas,0.0,,0.0,54,2.0,4.0,53.1851080273012,0,1,True
Bambu,2026-07-19,40.0,Bambu,4.0,1.0,14.0,60,11.0,2.0,293.755113499808,0,1,True
Nizi,2026-07-19,214.0,Nizi,16.0,2.5476190476190474,93.0,59,107.0,1.0,671.566862038288,0,1,True
Lolwa,2026-07-19,2.0,Lolwa,0.0,,1.0,19,1.0,6.0,8.68092115622124,0,1,True
Aungba,2026-07-19,6.0,Aungba,0.0,,2.0,52,0.0,31.0,171.063075277196,0,1,True
Nia-Nia,2026-07-19,51.0,Nia Nia,2.0,0.6956521739130435,15.0,36,16.0,1.0,12.2620174888054,0,1,True
Drodro,2026-07-19,5.0,Drodro,0.0,,3.0,32,2.0,6.0,349.734033181171,0,1,True
Mabalako,2026-07-19,1.0,Mabalako,0.0,,0.0,36,0.0,36.0,224.427753196912,0,0,True
Butembo,2026-07-19,58.0,Butembo,1.0,3.0,30.0,62,15.0,1.0,3648.62216219997,0,1,True
Fataki,2026-07-19,11.0,Fataki,0.0,2.333333333333333,7.0,54,7.0,1.0,374.843916988277,0,1,True
Logo,2026-07-19,8.0,Logo,1.0,,1.0,48,1.0,24.0,557.063799173426,0,1,True
Musienene,2026-07-19,19.0,Musienene,1.0,1.6666666666666667,5.0,33,10.0,1.0,272.413057812586,0,1,True
Lita,2026-07-19,78.0,Lita,1.0,4.0,27.0,52,36.0,2.0,228.628253664484,0,1,True
Mabalako,2026-07-20,1.0,Mabalako,0.0,,0.0,37,0.0,37.0,224.427753196912,0,0,True
Beni,2026-07-20,37.0,Beni,0.0,7.0,25.0,53,7.0,2.0,583.694814150159,0,1,True
Boga,2026-07-20,1.0,Boga,0.0,,1.0,14,0.0,14.0,73.1151310342453,0,0,True
Pawa,2026-07-20,3.0,Pawa,0.0,,3.0,7,0.0,7.0,164.129314559507,0,1,True
Tchomia,2026-07-20,23.0,Tchomia,0.0,1.0,7.0,41,4.0,1.0,228.779480612625,0,1,True
Mandima,2026-07-20,10.0,Mandima,1.0,0.5,5.0,21,2.0,5.0,45.9588924986637,0,1,True
Bambu,2026-07-20,40.0,Bambu,0.0,0.6923076923076923,14.0,61,9.0,1.0,293.755113499808,0,1,True
Lita,2026-07-20,78.0,Lita,0.0,2.75,27.0,53,33.0,1.0,228.628253664484,0,1,True
Lolwa,2026-07-20,2.0,Lolwa,0.0,,1.0,20,1.0,7.0,8.68092115622124,0,1,True
Oicha,2026-07-20,4.0,Oicha,0.0,,4.0,57,1.0,1.0,217.407676331775,0,0,True
Logo,2026-07-20,8.0,Logo,0.0,,1.0,49,1.0,1.0,557.063799173426,0,1,True
Kilo,2026-07-20,11.0,Kilo,0.0,,3.0,60,2.0,3.0,107.546199583958,0,1,True
Kyondo,2026-07-20,10.0,Kyondo,1.0,5.0,5.0,56,5.0,2.0,287.209696136707,0,1,True
Aungba,2026-07-20,6.0,Aungba,0.0,,2.0,53,0.0,32.0,171.063075277196,0,1,True
Mambasa,2026-07-20,8.0,Mambasa,0.0,1.0,6.0,55,3.0,3.0,9.38305119840287,0,1,True
Mahagi,2026-07-20,1.0,Mahagi,0.0,,0.0,5,0.0,5.0,667.021055254224,0,1,True
Aru,2026-07-20,4.0,Aru,0.0,,2.0,59,1.0,3.0,339.239633491485,0,1,True
Komanda,2026-07-20,27.0,Komanda,0.0,0.3333333333333333,11.0,53,2.0,9.0,69.5013595444792,0,1,True
Makiso-Kisangani,2026-07-20,3.0,Makiso Kisangani,0.0,,3.0,10,1.0,2.0,2612.01303028921,0,0,True
Rimba,2026-07-20,5.0,Rimba,0.0,1.0,0.0,55,1.0,3.0,475.541098374732,0,1,True
Mangala,2026-07-20,61.0,Mangala,0.0,0.4583333333333333,38.0,53,11.0,1.0,162.268440527417,0,1,True
Vuhovi,2026-07-20,1.0,Vuhovi,0.0,,1.0,40,0.0,40.0,380.412706373374,0,0,True
Katwa,2026-07-20,108.0,Katwa,4.0,2.5625,74.0,63,41.0,1.0,7809.37779884317,0,1,True
Fataki,2026-07-20,11.0,Fataki,0.0,2.333333333333333,7.0,55,7.0,2.0,374.843916988277,0,1,True
Drodro,2026-07-20,5.0,Drodro,0.0,1.0,3.0,33,1.0,7.0,349.734033181171,0,1,True
Bunia,2026-07-20,657.0,Bunia,18.0,2.138888888888889,219.0,66,154.0,1.0,4336.1457340514,0,1,True
Mongbwalu,2026-07-20,364.0,Mongbwalu,1.0,0.660377358490566,204.0,67,35.0,1.0,49.26880991961,0,1,True
Wamba,2026-07-20,6.0,Wamba,0.0,,3.0,10,15.0,3.0,32.9959663235373,0,1,True
Nia-Nia,2026-07-20,54.0,Nia Nia,3.0,0.8260869565217391,16.0,37,19.0,1.0,12.2620174888054,0,1,True
Gety,2026-07-20,1.0,Gety,0.0,,0.0,53,0.0,53.0,86.0299313935469,0,0,True
Rwampara,2026-07-20,457.0,Rwampara,7.0,1.431372549019608,140.0,66,73.0,1.0,378.392262151519,0,1,True
Miti-Murhesa,2026-07-20,3.0,Miti Murhesa,0.0,,1.0,60,0.0,41.0,722.651452069188,0,0,True
Goma,2026-07-20,1.0,Goma,0.0,,0.0,63,0.0,18.0,8413.39578071933,0,0,True
Isiro,2026-07-20,3.0,Isiro,0.0,,2.0,7,2.0,2.0,157.173190370321,0,1,True
Adja,2026-07-20,10.0,Adja,0.0,,1.0,1,0.0,1.0,180.2161060734,0,1,True
Masereka,2026-07-20,3.0,Masereka,0.0,0.0,0.0,40,0.0,15.0,859.910963009083,0,1,True
Kambala,2026-07-20,2.0,Kambala,0.0,,2.0,40,0.0,20.0,113.635589703185,0,0,True
Damas,2026-07-20,7.0,Damas,0.0,,0.0,55,2.0,5.0,53.1851080273012,0,1,True
Ariwara,2026-07-20,10.0,Ariwara,3.0,,1.0,9,9.0,1.0,472.552156473714,0,0,True
Lubunga,2026-07-20,1.0,Lubunga (Tshopo),0.0,,0.0,10,0.0,10.0,166.304620035818,0,0,True
Mangobo,2026-07-20,1.0,Mangobo,0.0,,1.0,10,0.0,10.0,10516.1642779903,0,0,True
Butembo,2026-07-20,61.0,Butembo,3.0,6.0,31.0,63,18.0,1.0,3648.62216219997,0,1,True
Nizi,2026-07-20,223.0,Nizi,9.0,2.511111111111111,99.0,60,113.0,1.0,671.566862038288,0,1,True
Musienene,2026-07-20,19.0,Musienene,0.0,2.0,5.0,34,10.0,1.0,272.413057812586,0,1,True
Kalunguta,2026-07-20,2.0,Kalunguta,0.0,,1.0,57,0.0,34.0,217.291453102909,0,1,True
Boma Mangbetu,2026-07-20,4.0,Boma Mangbetu,0.0,,2.0,7,2.0,2.0,150.604080538261,0,1,True
Nyankunde,2026-07-20,99.0,Nyankunde,0.0,1.0,28.0,63,2.0,9.0,100.872453475923,0,1,True
Damas,2026-07-22,13.0,Damas,6.0,,8.0,57,8.0,7.0,53.1851080273012,0,1,True
Pawa,2026-07-22,7.0,Pawa,4.0,,5.0,9,4.0,9.0,164.129314559507,0,1,True
Logo,2026-07-22,8.0,Logo,0.0,,3.0,51,1.0,3.0,557.063799173426,0,1,True
Bambu,2026-07-22,51.0,Bambu,11.0,1.5384615384615383,9.0,63,20.0,3.0,293.755113499808,0,1,True
Butembo,2026-07-22,62.0,Butembo,1.0,4.5,39.0,65,18.0,2.0,3648.62216219997,0,1,True
Drodro,2026-07-22,6.0,Drodro,1.0,2.0,4.0,35,2.0,9.0,349.734033181171,0,1,True
Rwampara,2026-07-22,481.0,Rwampara,24.0,1.7959183673469388,231.0,68,88.0,2.0,378.392262151519,0,1,True
Beni,2026-07-22,41.0,Beni,4.0,11.0,29.0,55,11.0,4.0,583.694814150159,0,1,True
Fataki,2026-07-22,17.0,Fataki,6.0,4.333333333333333,6.0,57,13.0,4.0,374.843916988277,0,0,True
Bunia,2026-07-22,696.0,Bunia,39.0,2.739130434782609,175.0,68,189.0,2.0,4336.1457340514,0,1,True
Katwa,2026-07-22,121.0,Katwa,13.0,2.631578947368421,77.0,65,50.0,2.0,7809.37779884317,0,1,True
Kyondo,2026-07-22,10.0,Kyondo,0.0,1.0,7.0,58,3.0,2.0,287.209696136707,0,1,True
Gety,2026-07-22,1.0,Gety,0.0,,0.0,55,0.0,55.0,86.0299313935469,0,0,True
Komanda,2026-07-22,30.0,Komanda,3.0,0.6,21.0,55,3.0,11.0,69.5013595444792,0,1,True
Goma,2026-07-22,1.0,Goma,0.0,,0.0,65,0.0,20.0,8413.39578071933,0,0,True
Isiro,2026-07-22,8.0,Isiro,5.0,,5.0,9,7.0,4.0,157.173190370321,0,1,True
Boma Mangbetu,2026-07-22,6.0,Boma Mangbetu,2.0,,2.0,9,4.0,4.0,150.604080538261,0,1,True
Kilo,2026-07-22,23.0,Kilo,12.0,,11.0,62,14.0,5.0,107.546199583958,0,1,True
Kalunguta,2026-07-22,4.0,Kalunguta,2.0,,3.0,59,2.0,36.0,217.291453102909,0,1,True
Kambala,2026-07-22,2.0,Kambala,0.0,,0.0,42,0.0,22.0,113.635589703185,0,0,True
Tchomia,2026-07-22,39.0,Tchomia,16.0,5.0,24.0,43,20.0,3.0,228.779480612625,0,1,True
Boga,2026-07-22,1.0,Boga,0.0,,1.0,16,0.0,16.0,73.1151310342453,0,0,True
Lita,2026-07-22,101.0,Lita,23.0,3.533333333333333,58.0,55,53.0,3.0,228.628253664484,0,1,True
Rimba,2026-07-22,7.0,Rimba,2.0,3.0,4.0,57,3.0,5.0,475.541098374732,0,1,True
Lolwa,2026-07-22,4.0,Lolwa,2.0,,1.0,22,3.0,9.0,8.68092115622124,0,0,True
Nia-Nia,2026-07-22,78.0,Nia Nia,24.0,1.75,41.0,39,42.0,2.0,12.2620174888054,0,1,True
Aru,2026-07-22,5.0,Aru,1.0,,1.0,61,2.0,5.0,339.239633491485,0,0,True
Makiso-Kisangani,2026-07-22,3.0,Makiso Kisangani,0.0,,3.0,12,1.0,4.0,2612.01303028921,0,0,True
Mabalako,2026-07-22,1.0,Mabalako,0.0,,0.0,39,0.0,39.0,224.427753196912,0,0,True
Vuhovi,2026-07-22,1.0,Vuhovi,0.0,,1.0,42,0.0,42.0,380.412706373374,0,0,True
Mongbwalu,2026-07-22,482.0,Mongbwalu,118.0,2.5172413793103448,226.0,69,146.0,2.0,49.26880991961,0,1,True
Wamba,2026-07-22,6.0,Wamba,0.0,,3.0,12,15.0,5.0,32.9959663235373,0,1,True
Mandima,2026-07-22,13.0,Mandima,3.0,1.25,9.0,23,5.0,2.0,45.9588924986637,0,1,True
Miti-Murhesa,2026-07-22,3.0,Miti Murhesa,0.0,,1.0,62,0.0,43.0,722.651452069188,0,0,True
Musienene,2026-07-22,26.0,Musienene,7.0,4.0,13.0,36,16.0,3.0,272.413057812586,0,1,True
Lubunga,2026-07-22,1.0,Lubunga (Tshopo),0.0,,0.0,12,0.0,12.0,166.304620035818,0,0,True
Ariwara,2026-07-22,7.0,Ariwara,0.0,,1.0,11,9.0,2.0,472.552156473714,0,0,True
Nyankunde,2026-07-22,114.0,Nyankunde,15.0,3.75,30.0,65,15.0,11.0,100.872453475923,0,0,True
Mangobo,2026-07-22,1.0,Mangobo,0.0,,1.0,12,0.0,12.0,10516.1642779903,0,0,True
Nizi,2026-07-22,308.0,Nizi,85.0,3.816326530612245,144.0,62,187.0,2.0,671.566862038288,0,1,True
Mahagi,2026-07-22,1.0,Mahagi,0.0,,1.0,7,0.0,7.0,667.021055254224,0,1,True
Mambasa,2026-07-22,7.0,Mambasa,0.0,1.0,4.0,57,3.0,5.0,9.38305119840287,0,1,True
Aungba,2026-07-22,4.0,Aungba,0.0,,4.0,55,0.0,34.0,171.063075277196,0,1,True
Adja,2026-07-22,10.0,Adja,0.0,,1.0,3,0.0,3.0,180.2161060734,0,1,True
Masereka,2026-07-22,4.0,Masereka,1.0,1.0,0.0,42,1.0,17.0,859.910963009083,0,0,True
Oicha,2026-07-22,4.0,Oicha,0.0,,3.0,59,1.0,3.0,217.407676331775,0,0,True
Mangala,2026-07-22,86.0,Mangala,25.0,1.5,59.0,55,36.0,3.0,162.268440527417,0,1,True
Rungu,2026-07-23,1.0,Rungu,0.0,,0.0,0,0.0,0.0,39.4587478568211,0,0,True
Bunia,2026-07-23,713.0,Bunia,17.0,2.182926829268293,185.0,69,179.0,1.0,4336.1457340514,0,1,True
Mandima,2026-07-23,13.0,Mandima,0.0,1.25,9.0,24,5.0,1.0,45.9588924986637,0,1,True
Fataki,2026-07-23,17.0,Fataki,0.0,4.0,6.0,58,12.0,1.0,374.843916988277,0,1,True
Tchomia,2026-07-23,40.0,Tchomia,1.0,5.25,24.0,44,21.0,1.0,228.779480612625,0,1,True
Mongbwalu,2026-07-23,484.0,Mongbwalu,2.0,3.083333333333333,228.0,70,148.0,1.0,49.26880991961,0,1,True
Rimba,2026-07-23,7.0,Rimba,0.0,,4.0,58,3.0,1.0,475.541098374732,0,1,True
Mangala,2026-07-23,92.0,Mangala,6.0,2.4705882352941178,60.0,56,42.0,1.0,162.268440527417,0,1,True
Adja,2026-07-23,10.0,Adja,0.0,,1.0,4,0.0,4.0,180.2161060734,0,1,True
Katwa,2026-07-23,133.0,Katwa,12.0,2.375,85.0,66,57.0,1.0,7809.37779884317,0,1,True
Boga,2026-07-23,1.0,Boga,0.0,,1.0,17,0.0,17.0,73.1151310342453,0,0,True
Gety,2026-07-23,1.0,Gety,0.0,,0.0,56,0.0,56.0,86.0299313935469,0,0,True
Kambala,2026-07-23,2.0,Kambala,0.0,,0.0,43,0.0,23.0,113.635589703185,0,0,True
Vuhovi,2026-07-23,1.0,Vuhovi,0.0,,1.0,43,0.0,43.0,380.412706373374,0,0,True
Miti-Murhesa,2026-07-23,3.0,Miti Murhesa,0.0,,1.0,63,0.0,44.0,722.651452069188,0,0,True
Nyankunde,2026-07-23,114.0,Nyankunde,0.0,5.0,30.0,66,15.0,1.0,100.872453475923,0,0,True
Kalunguta,2026-07-23,4.0,Kalunguta,0.0,,3.0,60,2.0,1.0,217.291453102909,0,1,True
Mangobo,2026-07-23,1.0,Mangobo,0.0,,1.0,13,0.0,13.0,10516.1642779903,0,0,True
Goma,2026-07-23,1.0,Goma,0.0,,0.0,66,0.0,21.0,8413.39578071933,0,0,True
Isiro,2026-07-23,8.0,Isiro,0.0,,5.0,10,7.0,1.0,157.173190370321,0,1,True
Ariwara,2026-07-23,7.0,Ariwara,0.0,,1.0,12,9.0,3.0,472.552156473714,0,0,True
Mambasa,2026-07-23,7.0,Mambasa,0.0,1.0,4.0,58,3.0,6.0,9.38305119840287,0,1,True
Boma Mangbetu,2026-07-23,6.0,Boma Mangbetu,0.0,,2.0,10,4.0,1.0,150.604080538261,0,1,True
Masereka,2026-07-23,4.0,Masereka,0.0,,0.0,43,1.0,1.0,859.910963009083,0,0,True
Aungba,2026-07-23,4.0,Aungba,0.0,,4.0,56,0.0,35.0,171.063075277196,0,1,True
Pawa,2026-07-23,7.0,Pawa,0.0,,5.0,10,4.0,1.0,164.129314559507,0,1,True
Nizi,2026-07-23,316.0,Nizi,8.0,3.490566037735849,151.0,63,185.0,1.0,671.566862038288,0,1,True
Oicha,2026-07-23,4.0,Oicha,0.0,,3.0,60,1.0,4.0,217.407676331775,0,0,True
Lolwa,2026-07-23,4.0,Lolwa,0.0,2.0,1.0,23,2.0,1.0,8.68092115622124,0,1,True
Butembo,2026-07-23,63.0,Butembo,1.0,2.833333333333333,41.0,66,17.0,1.0,3648.62216219997,0,1,True
Lubunga,2026-07-23,1.0,Lubunga (Tshopo),0.0,,0.0,13,0.0,13.0,166.304620035818,0,0,True
Bambu,2026-07-23,51.0,Bambu,0.0,3.333333333333333,10.0,64,20.0,1.0,293.755113499808,0,1,True
Damas,2026-07-23,14.0,Damas,1.0,,8.0,58,9.0,1.0,53.1851080273012,0,1,True
Logo,2026-07-23,9.0,Logo,1.0,,3.0,52,2.0,4.0,557.063799173426,0,0,True
Mabalako,2026-07-23,1.0,Mabalako,0.0,,0.0,40,0.0,40.0,224.427753196912,0,0,True
Kilo,2026-07-23,23.0,Kilo,0.0,,11.0,63,14.0,1.0,107.546199583958,0,1,True
Lita,2026-07-23,103.0,Lita,2.0,1.6923076923076923,59.0,56,44.0,1.0,228.628253664484,0,1,True
Rwampara,2026-07-23,490.0,Rwampara,9.0,1.5178571428571428,236.0,69,85.0,1.0,378.392262151519,0,1,True
Wamba,2026-07-23,7.0,Wamba,1.0,1.2857142857142858,3.0,13,9.0,6.0,32.9959663235373,0,1,True
Nia-Nia,2026-07-23,78.0,Nia Nia,0.0,2.625,43.0,40,42.0,1.0,12.2620174888054,0,1,True
Mahagi,2026-07-23,1.0,Mahagi,0.0,,1.0,8,0.0,8.0,667.021055254224,0,1,True
Kyondo,2026-07-23,10.0,Kyondo,0.0,1.0,7.0,59,3.0,3.0,287.209696136707,0,1,True
Aru,2026-07-23,5.0,Aru,0.0,,1.0,62,2.0,1.0,339.239633491485,0,0,True
Beni,2026-07-23,42.0,Beni,1.0,5.5,29.0,56,11.0,1.0,583.694814150159,0,1,True
Drodro,2026-07-23,6.0,Drodro,0.0,0.5,4.0,36,1.0,1.0,349.734033181171,0,1,True
Musienene,2026-07-23,27.0,Musienene,1.0,5.333333333333333,13.0,37,16.0,1.0,272.413057812586,0,1,True
Komanda,2026-07-23,33.0,Komanda,3.0,1.2,22.0,56,6.0,1.0,69.5013595444792,0,1,True
Makiso-Kisangani,2026-07-23,3.0,Makiso Kisangani,0.0,,3.0,13,1.0,5.0,2612.01303028921,0,1,True
Nizi,2026-07-25,350.0,Nizi,34.0,3.15625,166.0,65,202.0,2.0,671.566862038288,0,1,True
Boma Mangbetu,2026-07-25,7.0,Boma Mangbetu,1.0,,4.0,12,5.0,3.0,150.604080538261,0,1,True
Bunia,2026-07-25,762.0,Bunia,49.0,1.959183673469388,215.0,71,192.0,2.0,4336.1457340514,0,1,True
Goma,2026-07-25,1.0,Goma,0.0,,0.0,68,0.0,23.0,8413.39578071933,0,0,True
Drodro,2026-07-25,6.0,Drodro,0.0,0.5,4.0,38,1.0,3.0,349.734033181171,0,1,True
Masereka,2026-07-25,4.0,Masereka,0.0,,0.0,45,1.0,3.0,859.910963009083,0,0,True
Mongbwalu,2026-07-25,498.0,Mongbwalu,14.0,3.0816326530612246,237.0,72,151.0,2.0,49.26880991961,0,1,True
Fataki,2026-07-25,17.0,Fataki,0.0,3.6666666666666665,6.0,60,11.0,3.0,374.843916988277,0,1,True
Musienene,2026-07-25,29.0,Musienene,2.0,2.5,14.0,39,15.0,2.0,272.413057812586,0,1,True
Gety,2026-07-25,1.0,Gety,0.0,,0.0,58,0.0,58.0,86.0299313935469,0,0,True
Damas,2026-07-25,16.0,Damas,2.0,4.5,8.0,60,9.0,2.0,53.1851080273012,0,1,True
Wamba,2026-07-25,11.0,Wamba,4.0,1.8571428571428568,4.0,15,13.0,2.0,32.9959663235373,0,1,True
Miti-Murhesa,2026-07-25,3.0,Miti Murhesa,0.0,,1.0,65,0.0,46.0,722.651452069188,0,0,True
Adja,2026-07-25,11.0,Adja,1.0,,1.0,6,1.0,6.0,180.2161060734,0,0,True
Rwampara,2026-07-25,550.0,Rwampara,60.0,2.1639344262295084,238.0,71,132.0,2.0,378.392262151519,0,1,True
Nia-Nia,2026-07-25,89.0,Nia Nia,11.0,5.222222222222222,46.0,42,47.0,3.0,12.2620174888054,0,1,True
Mangala,2026-07-25,100.0,Mangala,8.0,4.545454545454546,64.0,58,50.0,2.0,162.268440527417,0,1,True
Butembo,2026-07-25,70.0,Butembo,7.0,1.6363636363636365,48.0,68,18.0,2.0,3648.62216219997,0,1,True
Isiro,2026-07-25,12.0,Isiro,4.0,,7.0,12,11.0,3.0,157.173190370321,0,1,True
Aru,2026-07-25,5.0,Aru,0.0,,4.0,64,2.0,3.0,339.239633491485,0,0,True
Mahagi,2026-07-25,3.0,Mahagi,2.0,,1.0,10,2.0,10.0,667.021055254224,0,1,True
Kyondo,2026-07-25,11.0,Kyondo,1.0,1.3333333333333333,7.0,61,4.0,5.0,287.209696136707,0,1,True
Beni,2026-07-25,43.0,Beni,1.0,2.5,30.0,58,10.0,2.0,583.694814150159,0,1,True
Komanda,2026-07-25,35.0,Komanda,2.0,2.0,24.0,58,8.0,2.0,69.5013595444792,0,1,True
Makiso-Kisangani,2026-07-25,3.0,Makiso Kisangani,0.0,,3.0,15,1.0,7.0,2612.01303028921,0,1,True
Bambu,2026-07-25,54.0,Bambu,3.0,7.666666666666667,11.0,66,23.0,3.0,293.755113499808,0,1,True
Lubunga,2026-07-25,1.0,Lubunga (Tshopo),0.0,,0.0,15,0.0,15.0,166.304620035818,0,0,True
Kilo,2026-07-25,23.0,Kilo,0.0,13.0,11.0,65,13.0,3.0,107.546199583958,0,1,True
Mambasa,2026-07-25,9.0,Mambasa,2.0,5.0,4.0,60,5.0,8.0,9.38305119840287,0,1,True
Logo,2026-07-25,9.0,Logo,0.0,,3.0,54,2.0,2.0,557.063799173426,0,0,True
Tchomia,2026-07-25,40.0,Tchomia,0.0,5.25,24.0,46,21.0,2.0,228.779480612625,0,1,True
Lita,2026-07-25,117.0,Lita,14.0,1.9615384615384612,66.0,58,51.0,2.0,228.628253664484,0,1,True
Ariwara,2026-07-25,7.0,Ariwara,0.0,,1.0,14,9.0,5.0,472.552156473714,0,0,True
Mandima,2026-07-25,13.0,Mandima,0.0,1.0,9.0,26,4.0,3.0,45.9588924986637,0,1,True
Rungu,2026-07-25,1.0,Rungu,0.0,,0.0,2,0.0,2.0,39.4587478568211,0,0,True
Katwa,2026-07-25,138.0,Katwa,5.0,2.1538461538461537,90.0,68,56.0,2.0,7809.37779884317,0,1,True
Aungba,2026-07-25,4.0,Aungba,0.0,,4.0,58,0.0,37.0,171.063075277196,0,1,True
Boga,2026-07-25,1.0,Boga,0.0,,1.0,19,0.0,19.0,73.1151310342453,0,0,True
Kambala,2026-07-25,2.0,Kambala,0.0,,0.0,45,0.0,25.0,113.635589703185,0,0,True
Nyankunde,2026-07-25,114.0,Nyankunde,0.0,5.0,31.0,68,15.0,3.0,100.872453475923,0,1,True
Oicha,2026-07-25,4.0,Oicha,0.0,,3.0,62,1.0,6.0,217.407676331775,0,0,True
Pawa,2026-07-25,7.0,Pawa,0.0,,5.0,12,4.0,3.0,164.129314559507,0,1,True
Kalunguta,2026-07-25,4.0,Kalunguta,0.0,,3.0,62,2.0,3.0,217.291453102909,0,1,True
Lolwa,2026-07-25,4.0,Lolwa,0.0,2.0,1.0,25,2.0,3.0,8.68092115622124,0,1,True
Mangobo,2026-07-25,1.0,Mangobo,0.0,,1.0,15,0.0,15.0,10516.1642779903,0,0,True
Vuhovi,2026-07-25,1.0,Vuhovi,0.0,,1.0,45,0.0,45.0,380.412706373374,0,0,True
Rimba,2026-07-25,8.0,Rimba,1.0,,4.0,60,4.0,3.0,475.541098374732,0,1,True
Mabalako,2026-07-25,1.0,Mabalako,0.0,,0.0,42,0.0,42.0,224.427753196912,0,0,True
Bambu,2026-07-26,57.0,Bambu,3.0,2.625,11.0,67,21.0,1.0,293.755113499808,0,1,True
Tchomia,2026-07-26,40.0,Tchomia,0.0,3.1666666666666665,24.0,47,19.0,3.0,228.779480612625,0,1,True
Bunia,2026-07-26,773.0,Bunia,11.0,1.3577235772357723,220.0,72,167.0,1.0,4336.1457340514,0,1,True
Beni,2026-07-26,44.0,Beni,1.0,2.0,34.0,59,10.0,1.0,583.694814150159,0,1,True
Vuhovi,2026-07-26,1.0,Vuhovi,0.0,,1.0,46,0.0,46.0,380.412706373374,0,1,True
Ariwara,2026-07-26,7.0,Ariwara,0.0,0.8,1.0,15,4.0,6.0,472.552156473714,0,0,True
Boga,2026-07-26,1.0,Boga,0.0,,1.0,20,0.0,20.0,73.1151310342453,0,0,True
Boma Mangbetu,2026-07-26,7.0,Boma Mangbetu,0.0,,4.0,13,5.0,1.0,150.604080538261,0,1,True
Adja,2026-07-26,11.0,Adja,0.0,,1.0,7,1.0,1.0,180.2161060734,0,0,True
Aru,2026-07-26,5.0,Aru,0.0,1.0,5.0,65,1.0,4.0,339.239633491485,0,0,True
Aungba,2026-07-26,5.0,Aungba,1.0,,4.0,59,1.0,38.0,171.063075277196,0,1,True
Nizi,2026-07-26,357.0,Nizi,7.0,2.554054054054054,171.0,66,189.0,1.0,671.566862038288,0,1,True
Logo,2026-07-26,9.0,Logo,0.0,,3.0,55,2.0,3.0,557.063799173426,0,0,True
Lubunga,2026-07-26,1.0,Lubunga (Tshopo),0.0,,0.0,16,0.0,16.0,166.304620035818,0,0,True
Rimba,2026-07-26,8.0,Rimba,0.0,3.0,4.0,61,3.0,1.0,475.541098374732,0,1,True
Katwa,2026-07-26,140.0,Katwa,2.0,1.5483870967741935,88.0,69,48.0,1.0,7809.37779884317,0,1,True
Kilo,2026-07-26,23.0,Kilo,0.0,6.0,11.0,66,12.0,4.0,107.546199583958,0,1,True
Mangala,2026-07-26,100.0,Mangala,0.0,2.75,64.0,59,44.0,1.0,162.268440527417,0,1,True
Komanda,2026-07-26,35.0,Komanda,0.0,2.0,24.0,59,8.0,1.0,69.5013595444792,0,1,True
Mandima,2026-07-26,13.0,Mandima,0.0,1.0,9.0,27,4.0,4.0,45.9588924986637,0,1,True
Kyondo,2026-07-26,12.0,Kyondo,1.0,1.0,7.0,62,4.0,1.0,287.209696136707,0,1,True
Wamba,2026-07-26,11.0,Wamba,0.0,0.3333333333333333,4.0,16,5.0,1.0,32.9959663235373,0,1,True
Mambasa,2026-07-26,9.0,Mambasa,0.0,0.5,4.0,61,2.0,1.0,9.38305119840287,0,1,True
Lita,2026-07-26,117.0,Lita,0.0,1.0810810810810811,66.0,59,40.0,1.0,228.628253664484,0,1,True
Butembo,2026-07-26,73.0,Butembo,3.0,1.3846153846153846,49.0,69,18.0,1.0,3648.62216219997,0,1,True
Makiso-Kisangani,2026-07-26,3.0,Makiso Kisangani,0.0,,3.0,16,1.0,8.0,2612.01303028921,0,1,True
Pawa,2026-07-26,8.0,Pawa,1.0,,6.0,13,5.0,4.0,164.129314559507,0,1,True
Lolwa,2026-07-26,4.0,Lolwa,0.0,2.0,1.0,26,2.0,4.0,8.68092115622124,0,1,True
Mahagi,2026-07-26,3.0,Mahagi,0.0,,1.0,11,2.0,1.0,667.021055254224,0,1,True
Oicha,2026-07-26,4.0,Oicha,0.0,,3.0,63,1.0,7.0,217.407676331775,0,0,True
Mangobo,2026-07-26,1.0,Mangobo,0.0,,1.0,16,0.0,16.0,10516.1642779903,0,0,True
Rungu,2026-07-26,1.0,Rungu,0.0,,0.0,3,0.0,3.0,39.4587478568211,0,0,True
Nyankunde,2026-07-26,114.0,Nyankunde,0.0,7.5,31.0,69,15.0,4.0,100.872453475923,0,1,True
Mabalako,2026-07-26,1.0,Mabalako,0.0,,0.0,43,0.0,43.0,224.427753196912,0,0,True
Fataki,2026-07-26,17.0,Fataki,0.0,1.6,6.0,61,8.0,4.0,374.843916988277,0,1,True
Kambala,2026-07-26,2.0,Kambala,0.0,,0.0,46,0.0,26.0,113.635589703185,0,0,True
Gety,2026-07-26,1.0,Gety,0.0,,0.0,59,0.0,59.0,86.0299313935469,0,0,True
Mongbwalu,2026-07-26,506.0,Mongbwalu,8.0,3.355555555555556,244.0,73,151.0,1.0,49.26880991961,0,1,True
Nia-Nia,2026-07-26,90.0,Nia Nia,1.0,3.583333333333333,47.0,43,43.0,1.0,12.2620174888054,0,1,True
Goma,2026-07-26,1.0,Goma,0.0,,0.0,69,0.0,24.0,8413.39578071933,0,0,True
Musienene,2026-07-26,29.0,Musienene,0.0,2.5,19.0,40,15.0,1.0,272.413057812586,0,1,True
Miti-Murhesa,2026-07-26,3.0,Miti Murhesa,0.0,,1.0,66,0.0,47.0,722.651452069188,0,0,True
Isiro,2026-07-26,12.0,Isiro,0.0,,7.0,13,11.0,1.0,157.173190370321,0,1,True
Damas,2026-07-26,16.0,Damas,0.0,4.5,8.0,61,9.0,1.0,53.1851080273012,0,1,True
Rwampara,2026-07-26,568.0,Rwampara,18.0,2.090909090909091,241.0,72,138.0,1.0,378.392262151519,0,1,True
Kalunguta,2026-07-26,5.0,Kalunguta,1.0,,3.0,63,3.0,4.0,217.291453102909,0,1,True
Masereka,2026-07-26,4.0,Masereka,0.0,,0.0,46,1.0,4.0,859.910963009083,0,1,True
Drodro,2026-07-26,10.0,Drodro,4.0,2.5,5.0,39,5.0,4.0,349.734033181171,0,1,True
Musienene,2026-07-27,31.0,Musienene,2.0,1.3,20.0,41,13.0,2.0,272.413057812586,0,1,True
Mabalako,2026-07-27,1.0,Mabalako,0.0,,0.0,44,0.0,44.0,224.427753196912,0,0,True
Makiso-Kisangani,2026-07-27,3.0,Makiso Kisangani,0.0,0.0,3.0,17,0.0,9.0,2612.01303028921,0,1,True
Nia-Nia,2026-07-27,92.0,Nia Nia,2.0,3.071428571428572,48.0,44,43.0,1.0,12.2620174888054,0,1,True
Mahagi,2026-07-27,4.0,Mahagi,1.0,,1.0,12,3.0,2.0,667.021055254224,0,0,True
Vuhovi,2026-07-27,1.0,Vuhovi,0.0,,1.0,47,0.0,47.0,380.412706373374,0,1,True
Mongbwalu,2026-07-27,528.0,Mongbwalu,22.0,3.733333333333333,252.0,74,168.0,1.0,49.26880991961,0,1,True
Miti-Murhesa,2026-07-27,3.0,Miti Murhesa,0.0,,1.0,67,0.0,48.0,722.651452069188,0,0,True
Mandima,2026-07-27,16.0,Mandima,3.0,1.75,12.0,28,7.0,5.0,45.9588924986637,0,0,True
Mangala,2026-07-27,100.0,Mangala,0.0,2.8,64.0,60,42.0,2.0,162.268440527417,0,1,True
Nyankunde,2026-07-27,114.0,Nyankunde,0.0,7.5,31.0,70,15.0,5.0,100.872453475923,0,1,True
Masereka,2026-07-27,4.0,Masereka,0.0,,0.0,47,1.0,5.0,859.910963009083,0,1,True
Adja,2026-07-27,11.0,Adja,0.0,,1.0,8,1.0,2.0,180.2161060734,0,0,True
Mangobo,2026-07-27,1.0,Mangobo,0.0,,1.0,17,0.0,17.0,10516.1642779903,0,0,True
Ariwara,2026-07-27,7.0,Ariwara,0.0,0.8,1.0,16,4.0,7.0,472.552156473714,0,0,True
Mambasa,2026-07-27,9.0,Mambasa,0.0,0.5,4.0,62,2.0,2.0,9.38305119840287,0,1,True
Butembo,2026-07-27,75.0,Butembo,2.0,1.2,61.0,70,18.0,1.0,3648.62216219997,0,1,True
Lubunga,2026-07-27,1.0,Lubunga (Tshopo),0.0,,0.0,17,0.0,17.0,166.304620035818,0,0,True
Rwampara,2026-07-27,585.0,Rwampara,17.0,2.071428571428572,244.0,73,145.0,1.0,378.392262151519,0,1,True
Bunia,2026-07-27,801.0,Bunia,28.0,1.3432835820895523,232.0,73,180.0,1.0,4336.1457340514,0,1,True
Damas,2026-07-27,16.0,Damas,0.0,4.5,8.0,62,9.0,2.0,53.1851080273012,0,1,True
Drodro,2026-07-27,10.0,Drodro,0.0,2.5,5.0,40,5.0,1.0,349.734033181171,0,1,True
Fataki,2026-07-27,17.0,Fataki,0.0,0.8571428571428571,6.0,62,6.0,5.0,374.843916988277,0,1,True
Boma Mangbetu,2026-07-27,7.0,Boma Mangbetu,0.0,1.5,4.0,14,3.0,2.0,150.604080538261,0,1,True
Gety,2026-07-27,1.0,Gety,0.0,,0.0,60,0.0,60.0,86.0299313935469,0,0,True
Goma,2026-07-27,1.0,Goma,0.0,,0.0,70,0.0,25.0,8413.39578071933,0,0,True
Isiro,2026-07-27,12.0,Isiro,0.0,4.5,7.0,14,9.0,2.0,157.173190370321,0,1,True
Boga,2026-07-27,1.0,Boga,0.0,,1.0,21,0.0,21.0,73.1151310342453,0,0,True
Kalunguta,2026-07-27,5.0,Kalunguta,0.0,,3.0,64,3.0,1.0,217.291453102909,0,1,True
Kambala,2026-07-27,2.0,Kambala,0.0,,0.0,47,0.0,27.0,113.635589703185,0,0,True
Rungu,2026-07-27,1.0,Rungu,0.0,,0.0,4,0.0,4.0,39.4587478568211,0,0,True
Aru,2026-07-27,5.0,Aru,0.0,1.0,5.0,66,1.0,5.0,339.239633491485,0,0,True
Rimba,2026-07-27,8.0,Rimba,0.0,3.0,4.0,62,3.0,2.0,475.541098374732,0,1,True
Nizi,2026-07-27,360.0,Nizi,3.0,1.7234042553191489,172.0,67,162.0,1.0,671.566862038288,0,1,True
Katwa,2026-07-27,145.0,Katwa,5.0,1.2702702702702702,91.0,70,47.0,1.0,7809.37779884317,0,1,True
Tchomia,2026-07-27,41.0,Tchomia,1.0,2.7142857142857144,24.0,48,19.0,4.0,228.779480612625,0,1,True
Kilo,2026-07-27,28.0,Kilo,5.0,8.5,11.0,67,17.0,5.0,107.546199583958,0,1,True
Komanda,2026-07-27,36.0,Komanda,1.0,2.25,25.0,60,9.0,2.0,69.5013595444792,0,1,True
Kyondo,2026-07-27,12.0,Kyondo,0.0,0.6,7.0,63,3.0,1.0,287.209696136707,0,1,True
Bambu,2026-07-27,57.0,Bambu,0.0,3.0,12.0,68,21.0,1.0,293.755113499808,0,1,True
Lita,2026-07-27,121.0,Lita,4.0,1.2222222222222223,67.0,60,44.0,2.0,228.628253664484,0,1,True
Logo,2026-07-27,9.0,Logo,0.0,,3.0,56,2.0,4.0,557.063799173426,0,1,True
Pawa,2026-07-27,8.0,Pawa,0.0,,6.0,14,5.0,1.0,164.129314559507,0,1,True
Aungba,2026-07-27,5.0,Aungba,0.0,,4.0,60,1.0,1.0,171.063075277196,0,1,True
Lolwa,2026-07-27,4.0,Lolwa,0.0,2.0,1.0,27,2.0,5.0,8.68092115622124,0,1,True
Oicha,2026-07-27,4.0,Oicha,0.0,,3.0,64,1.0,8.0,217.407676331775,0,0,True
Beni,2026-07-27,46.0,Beni,2.0,1.125,37.0,60,9.0,1.0,583.694814150159,0,1,True
Wamba,2026-07-27,11.0,Wamba,0.0,0.3333333333333333,4.0,17,5.0,2.0,32.9959663235373,0,1,True
